<?xml version="1.0" standalone="yes"?>
<?xml-stylesheet href="x2script.xsl" type="text/xsl"?>
<!-- Generated using X-Studio -->
<script>
	<name>plugin.zanzal.PwnMi.hotkey</name>
	<version>1</version>
	<engineversion>50</engineversion>
	<description></description>
	<arguments />
	<sourcetext>
		<line linenr="001" indent="">
			<comment>* ************************************************</comment>
		</line>
		<line linenr="002" indent="">
			<comment>* SCRIPT NAME: plugin.zanzal.PwnMi.hotkey</comment>
		</line>
		<line linenr="003" indent="">
			<comment>* DESCRIPTION: Called when the Comm Hacking Subsystem</comment>
		</line>
		<line linenr="004" indent="">
			<comment>* key is pressed.</comment>
		</line>
		<line linenr="005" indent="">
			<comment>* </comment>
		</line>
		<line linenr="006" indent="">
			<comment>* AUTHOR: Zanzal          DATE: 23 December 2013</comment>
		</line>
		<line linenr="007" indent="">
			<comment>* ************************************************</comment>
		</line>
		<line linenr="008" indent="">
			<comment>* LICENSE: CC-BY-SA 4.0 International - http://creativecommons.org/licenses/by-sa/4.0/legalcode</comment>
		</line>
		<line linenr="009" indent="">
			<comment>* ************************************************</comment>
		</line>
		<line linenr="010" indent="">
			<var>$pageid</var>
			<text> </text>
			<text>=</text>
			<text> </text>
			<var>8102</var>
		</line>
		<line linenr="011" indent="" />
		<line linenr="012" indent="">
			<var>$target</var>
			<text> </text>
			<text>=</text>
			<text> </text>
			<text>get</text>
			<text> </text>
			<text>player</text>
			<text> </text>
			<text>tracking</text>
			<text> </text>
			<text>aim</text>
		</line>
		<line linenr="013" indent="">
			<text>if</text>
			<text> </text>
			<var>$target</var>
			<text>-&gt;</text>
			<text> </text>
			<text>exists</text>
		</line>
		<line linenr="014" indent="&#160;">
			<var>$mt</var>
			<text> </text>
			<text>=</text>
			<text> </text>
			<var>$target</var>
			<text>-&gt;</text>
			<text> </text>
			<text>get</text>
			<text> </text>
			<text>maintype</text>
		</line>
		<line linenr="015" indent="&#160;">
			<text>if</text>
			<text> </text>
			<var>$mt</var>
			<text> </text>
			<text>==</text>
			<text> </text>
			<var>5</var>
			<text> </text>
			<text>OR</text>
			<text> </text>
			<var>$mt</var>
			<text> </text>
			<text>==</text>
			<text> </text>
			<var>6</var>
		</line>
		<line linenr="016" indent="&#160;&#160;" interruptable="@">
			<text>=</text>
			<text> </text>
			<var>[THIS]</var>
			<text>-&gt;</text>
			<text> </text>
			<text>call</text>
			<text> </text>
			<text>script</text>
			<text> </text>
			<call>plugin.zanzal.PwnMi.commscript</call>
			<text> </text>
			<text>:</text>
			<text> </text>
			<text>target</text>
			<text>=</text>
			<var>$target</var>
		</line>
		<line linenr="017" indent="&#160;">
			<text>end</text>
		</line>
		<line linenr="018" indent="">
			<text>end</text>
		</line>
		<line linenr="019" indent="" />
		<line linenr="020" indent="">
			<text>return</text>
			<text> </text>
			<var>null</var>
		</line>
	</sourcetext>
	<codearray>
		<sval type="array" size="10">
			<sval type="string" val="plugin.zanzal.PwnMi.hotkey" />
			<sval type="int" val="50" />
			<sval type="string" val="" />
			<sval type="int" val="1" />
			<sval type="int" val="0" />
			<sval type="array" size="3">
				<sval type="string" val="pageid" />
				<sval type="string" val="target" />
				<sval type="string" val="mt" />
			</sval>
			<sval type="array" size="7">
				<sval type="array" size="7">
					<sval type="int" val="104" />
					<sval type="int" val="0" />
					<sval type="int" val="1" />
					<sval type="int" val="4" />
					<sval type="int" val="8102" />
					<sval type="int" val="1" />
					<sval type="int" val="-1" />
				</sval>
				<sval type="array" size="2">
					<sval type="int" val="535" />
					<sval type="int" val="1" />
				</sval>
				<sval type="array" size="4">
					<sval type="int" val="706" />
					<sval type="int" val="131074" />
					<sval type="int" val="1" />
					<sval type="int" val="-1610611197" />
				</sval>
				<sval type="array" size="4">
					<sval type="int" val="659" />
					<sval type="int" val="131074" />
					<sval type="int" val="1" />
					<sval type="int" val="2" />
				</sval>
				<sval type="array" size="25">
					<sval type="int" val="104" />
					<sval type="int" val="-1610611197" />
					<sval type="int" val="7" />
					<sval type="int" val="131074" />
					<sval type="int" val="2" />
					<sval type="int" val="4" />
					<sval type="int" val="5" />
					<sval type="int" val="15" />
					<sval type="int" val="0" />
					<sval type="int" val="131074" />
					<sval type="int" val="2" />
					<sval type="int" val="4" />
					<sval type="int" val="6" />
					<sval type="int" val="15" />
					<sval type="int" val="0" />
					<sval type="int" val="15" />
					<sval type="int" val="10" />
					<sval type="int" val="7" />
					<sval type="int" val="-1" />
					<sval type="int" val="0" />
					<sval type="int" val="-2" />
					<sval type="int" val="10" />
					<sval type="int" val="-4" />
					<sval type="int" val="0" />
					<sval type="int" val="-5" />
				</sval>
				<sval type="array" size="8">
					<sval type="int" val="102" />
					<sval type="string" val="plugin.zanzal.PwnMi.commscript" />
					<sval type="int" val="-2147483647" />
					<sval type="int" val="131075" />
					<sval type="int" val="1" />
					<sval type="int" val="1" />
					<sval type="int" val="131074" />
					<sval type="int" val="1" />
				</sval>
				<sval type="array" size="3">
					<sval type="int" val="103" />
					<sval type="int" val="0" />
					<sval type="int" val="0" />
				</sval>
			</sval>
			<sval type="int" val="0" />
			<sval type="array" size="13">
				<sval type="array" size="3">
					<sval type="int" val="0" />
					<sval type="int" val="1" />
					<sval type="string" val="************************************************" />
				</sval>
				<sval type="array" size="3">
					<sval type="int" val="0" />
					<sval type="int" val="1" />
					<sval type="string" val="SCRIPT NAME: plugin.zanzal.PwnMi.hotkey" />
				</sval>
				<sval type="array" size="3">
					<sval type="int" val="0" />
					<sval type="int" val="1" />
					<sval type="string" val="DESCRIPTION: Called when the Comm Hacking Subsystem" />
				</sval>
				<sval type="array" size="3">
					<sval type="int" val="0" />
					<sval type="int" val="1" />
					<sval type="string" val="key is pressed." />
				</sval>
				<sval type="array" size="3">
					<sval type="int" val="0" />
					<sval type="int" val="1" />
					<sval type="string" val="" />
				</sval>
				<sval type="array" size="3">
					<sval type="int" val="0" />
					<sval type="int" val="1" />
					<sval type="string" val="AUTHOR: Zanzal          DATE: 23 December 2013" />
				</sval>
				<sval type="array" size="3">
					<sval type="int" val="0" />
					<sval type="int" val="1" />
					<sval type="string" val="************************************************" />
				</sval>
				<sval type="array" size="3">
					<sval type="int" val="0" />
					<sval type="int" val="1" />
					<sval type="string" val="LICENSE: CC-BY-SA 4.0 International - http://creativecommons.org/licenses/by-sa/4.0/legalcode" />
				</sval>
				<sval type="array" size="3">
					<sval type="int" val="0" />
					<sval type="int" val="1" />
					<sval type="string" val="************************************************" />
				</sval>
				<sval type="array" size="2">
					<sval type="int" val="1" />
					<sval type="int" val="2" />
				</sval>
				<sval type="array" size="2">
					<sval type="int" val="6" />
					<sval type="int" val="4" />
				</sval>
				<sval type="array" size="2">
					<sval type="int" val="6" />
					<sval type="int" val="4" />
				</sval>
				<sval type="array" size="2">
					<sval type="int" val="6" />
					<sval type="int" val="2" />
				</sval>
			</sval>
			<sval type="int" val="0" />
		</sval>
	</codearray>
</script>
