<?xml version="1.0" standalone="yes"?>
<?xml-stylesheet href="x2script.xsl" type="text/xsl"?>
<!-- Generated using X-Studio -->
<script>
	<name>plugin.zanzal.PwnMi.getstationvars</name>
	<version>1</version>
	<engineversion>50</engineversion>
	<description></description>
	<arguments>
		<argument index="1" name="target" type="Var/Station Type" desc="" />
	</arguments>
	<sourcetext>
		<line linenr="001" indent="">
			<comment>* ************************************************</comment>
		</line>
		<line linenr="002" indent="">
			<comment>* SCRIPT NAME: plugin.zanzal.PwnMi.getstationvars</comment>
		</line>
		<line linenr="003" indent="">
			<comment>* DESCRIPTION: Obtain station variables and extended information</comment>
		</line>
		<line linenr="004" indent="">
			<comment>* </comment>
		</line>
		<line linenr="005" indent="">
			<comment>* AUTHOR: Zanzal           DATE: 16 December 2013</comment>
		</line>
		<line linenr="006" indent="">
			<comment>* ************************************************</comment>
		</line>
		<line linenr="007" indent="">
			<comment>* LICENSE: CC-BY-SA 4.0 International - http://creativecommons.org/licenses/by-sa/4.0/legalcode</comment>
		</line>
		<line linenr="008" indent="">
			<comment>* ************************************************</comment>
		</line>
		<line linenr="009" indent="">
			<var>$pageid</var>
			<text> </text>
			<text>=</text>
			<text> </text>
			<var>8102</var>
		</line>
		<line linenr="010" indent="" />
		<line linenr="011" indent="">
			<var>$IDX_PRIVILEGE</var>
			<text> </text>
			<text>=</text>
			<text> </text>
			<var>0</var>
		</line>
		<line linenr="012" indent="">
			<var>$IDX_SUSPICION</var>
			<text> </text>
			<text>=</text>
			<text> </text>
			<var>1</var>
		</line>
		<line linenr="013" indent="">
			<var>$IDX_SLUSH_FUND</var>
			<text> </text>
			<text>=</text>
			<text> </text>
			<var>2</var>
		</line>
		<line linenr="014" indent="">
			<var>$IDX_BALANCE</var>
			<text> </text>
			<text>=</text>
			<text> </text>
			<var>3</var>
		</line>
		<line linenr="015" indent="">
			<var>$IDX_ENDRAND</var>
			<text> </text>
			<text>=</text>
			<text> </text>
			<var>4</var>
		</line>
		<line linenr="016" indent="">
			<var>$IDX_TIER</var>
			<text> </text>
			<text>=</text>
			<text> </text>
			<var>5</var>
		</line>
		<line linenr="017" indent="">
			<var>$IDX_FAKEID</var>
			<text> </text>
			<text>=</text>
			<text> </text>
			<var>6</var>
		</line>
		<line linenr="018" indent="">
			<var>$IDX_FAKENAME</var>
			<text> </text>
			<text>=</text>
			<text> </text>
			<var>7</var>
		</line>
		<line linenr="019" indent="">
			<var>$IDX_INPROGRESS</var>
			<text> </text>
			<text>=</text>
			<text> </text>
			<var>8</var>
		</line>
		<line linenr="020" indent="">
			<var>$IDX_CLASS</var>
			<text> </text>
			<text>=</text>
			<text> </text>
			<var>9</var>
		</line>
		<line linenr="021" indent="" />
		<line linenr="022" indent="">
			<comment>* These indexes reserved for command flags</comment>
		</line>
		<line linenr="023" indent="">
			<var>$IDX_RESERVED_MIN</var>
			<text> </text>
			<text>=</text>
			<text> </text>
			<var>11</var>
		</line>
		<line linenr="024" indent="">
			<var>$IDX_RESERVED_MAX</var>
			<text> </text>
			<text>=</text>
			<text> </text>
			<var>49</var>
		</line>
		<line linenr="025" indent="" />
		<line linenr="026" indent="">
			<var>$station.Vars</var>
			<text> </text>
			<text>=</text>
			<text> </text>
			<var>$target</var>
			<text>-&gt;</text>
			<text> </text>
			<text>get</text>
			<text> </text>
			<text>local</text>
			<text> </text>
			<text>variable</text>
			<text>:</text>
			<text> </text>
			<text>name</text>
			<text>=</text>
			<text>'zanzal.PwnMi'</text>
		</line>
		<line linenr="027" indent="">
			<text>if</text>
			<text> </text>
			<text>not</text>
			<text> </text>
			<var>$station.Vars</var>
		</line>
		<line linenr="028" indent="&#160;">
			<var>$rand</var>
			<text> </text>
			<text>=</text>
			<text> </text>
			<text>random</text>
			<text> </text>
			<text>value</text>
			<text> </text>
			<text>from</text>
			<text> </text>
			<text>zero</text>
			<text> </text>
			<text>to</text>
			<text> </text>
			<var>10000</var>
		</line>
		<line linenr="029" indent="&#160;">
			<var>$station.Vars</var>
			<text> </text>
			<text>=</text>
			<text> </text>
			<text>array</text>
			<text> </text>
			<text>alloc</text>
			<text>:</text>
			<text> </text>
			<text>size</text>
			<text>=</text>
			<var>50</var>
		</line>
		<line linenr="030" indent="&#160;">
			<var>$target</var>
			<text>-&gt;</text>
			<text> </text>
			<text>set</text>
			<text> </text>
			<text>local</text>
			<text> </text>
			<text>variable</text>
			<text>:</text>
			<text> </text>
			<text>name</text>
			<text>=</text>
			<text>'zanzal.PwnMi'</text>
			<text> </text>
			<text>value</text>
			<text>=</text>
			<var>$station.Vars</var>
		</line>
		<line linenr="031" indent="&#160;">
			<var>$station.Vars</var>
			<text>[</text>
			<var>$IDX_PRIVILEGE</var>
			<text>]</text>
			<text> </text>
			<text>=</text>
			<text> </text>
			<var>100</var>
		</line>
		<line linenr="032" indent="&#160;">
			<var>$station.Vars</var>
			<text>[</text>
			<var>$IDX_SUSPICION</var>
			<text>]</text>
			<text> </text>
			<text>=</text>
			<text> </text>
			<var>0</var>
		</line>
		<line linenr="033" indent="&#160;">
			<var>$station.Vars</var>
			<text>[</text>
			<var>$IDX_SLUSH_FUND</var>
			<text>]</text>
			<text> </text>
			<text>=</text>
			<text> </text>
			<var>[FALSE]</var>
		</line>
		<line linenr="034" indent="&#160;">
			<var>$station.Vars</var>
			<text>[</text>
			<var>$IDX_BALANCE</var>
			<text>]</text>
			<text> </text>
			<text>=</text>
			<text> </text>
			<var>0</var>
		</line>
		<line linenr="035" indent="&#160;">
			<var>$station.Vars</var>
			<text>[</text>
			<var>$IDX_ENDRAND</var>
			<text>]</text>
			<text> </text>
			<text>=</text>
			<text> </text>
			<var>$rand</var>
		</line>
		<line linenr="036" indent="&#160;">
			<var>$station.Vars</var>
			<text>[</text>
			<var>$IDX_FAKEID</var>
			<text>]</text>
			<text> </text>
			<text>=</text>
			<text> </text>
			<var>[FALSE]</var>
		</line>
		<line linenr="037" indent="&#160;">
			<var>$station.Vars</var>
			<text>[</text>
			<var>$IDX_FAKENAME</var>
			<text>]</text>
			<text> </text>
			<text>=</text>
			<text> </text>
			<var>null</var>
		</line>
		<line linenr="038" indent="&#160;">
			<var>$station.Vars</var>
			<text>[</text>
			<var>$IDX_INPROGRESS</var>
			<text>]</text>
			<text> </text>
			<text>=</text>
			<text> </text>
			<var>[FALSE]</var>
		</line>
		<line linenr="039" indent="&#160;" />
		<line linenr="040" indent="&#160;">
			<comment>* Determine Facility Difficulty between 0 and 2</comment>
		</line>
		<line linenr="041" indent="">
			<text>end</text>
		</line>
		<line linenr="042" indent="" />
		<line linenr="043" indent="">
			<var>$tier</var>
			<text> </text>
			<text>=</text>
			<text> </text>
			<var>0</var>
		</line>
		<line linenr="044" indent="">
			<var>$maintype</var>
			<text> </text>
			<text>=</text>
			<text> </text>
			<var>$target</var>
			<text>-&gt;</text>
			<text> </text>
			<text>get</text>
			<text> </text>
			<text>maintype</text>
		</line>
		<line linenr="045" indent="">
			<var>$subtype</var>
			<text> </text>
			<text>=</text>
			<text> </text>
			<var>$target</var>
			<text>-&gt;</text>
			<text> </text>
			<text>get</text>
			<text> </text>
			<text>subtype</text>
		</line>
		<line linenr="046" indent="">
			<var>$class.type</var>
			<text> </text>
			<text>=</text>
			<text> </text>
			<text>'factory'</text>
		</line>
		<line linenr="047" indent="">
			<text>if</text>
			<text> </text>
			<var>$maintype</var>
			<text> </text>
			<text>==</text>
			<text> </text>
			<var>5</var>
		</line>
		<line linenr="048" indent="&#160;">
			<var>$tier</var>
			<text> </text>
			<text>=</text>
			<text> </text>
			<var>1</var>
		</line>
		<line linenr="049" indent="&#160;">
			<var>$class.type</var>
			<text> </text>
			<text>=</text>
			<text> </text>
			<text>'eqdock'</text>
		</line>
		<line linenr="050" indent="&#160;">
			<text>if</text>
			<text> </text>
			<var>$subtype</var>
			<text> </text>
			<text>&gt;=</text>
			<text> </text>
			<var>0</var>
			<text> </text>
			<text>AND</text>
			<text> </text>
			<var>$subtype</var>
			<text> </text>
			<text>&lt;=</text>
			<text> </text>
			<var>5</var>
		</line>
		<line linenr="051" indent="&#160;&#160;">
			<var>$class.type</var>
			<text> </text>
			<text>=</text>
			<text> </text>
			<text>'trade'</text>
		</line>
		<line linenr="052" indent="&#160;">
			<text>else</text>
			<text> </text>
			<text>if</text>
			<text> </text>
			<var>$subtype</var>
			<text> </text>
			<text>&gt;=</text>
			<text> </text>
			<var>22</var>
			<text> </text>
			<text>AND</text>
			<text> </text>
			<var>$subtype</var>
			<text> </text>
			<text>&lt;=</text>
			<text> </text>
			<var>24</var>
		</line>
		<line linenr="053" indent="&#160;&#160;">
			<var>$class.type</var>
			<text> </text>
			<text>=</text>
			<text> </text>
			<text>'trade'</text>
		</line>
		<line linenr="054" indent="&#160;">
			<text>else</text>
			<text> </text>
			<text>if</text>
			<text> </text>
			<var>$subtype</var>
			<text> </text>
			<text>&gt;=</text>
			<text> </text>
			<var>28</var>
			<text> </text>
			<text>AND</text>
			<text> </text>
			<var>$subtype</var>
			<text> </text>
			<text>&lt;=</text>
			<text> </text>
			<var>34</var>
		</line>
		<line linenr="055" indent="&#160;&#160;">
			<var>$class.type</var>
			<text> </text>
			<text>=</text>
			<text> </text>
			<text>'trade'</text>
		</line>
		<line linenr="056" indent="&#160;">
			<text>else</text>
			<text> </text>
			<text>if</text>
			<text> </text>
			<var>$subtype</var>
			<text> </text>
			<text>==</text>
			<text> </text>
			<var>47</var>
		</line>
		<line linenr="057" indent="&#160;&#160;">
			<var>$class.type</var>
			<text> </text>
			<text>=</text>
			<text> </text>
			<text>'trade'</text>
		</line>
		<line linenr="058" indent="&#160;">
			<text>else</text>
			<text> </text>
			<text>if</text>
			<text> </text>
			<var>$subtype</var>
			<text> </text>
			<text>&gt;=</text>
			<text> </text>
			<var>15</var>
			<text> </text>
			<text>AND</text>
			<text> </text>
			<var>$subtype</var>
			<text> </text>
			<text>&lt;=</text>
			<text> </text>
			<var>19</var>
		</line>
		<line linenr="059" indent="&#160;&#160;">
			<comment>* Race Military Outpost</comment>
		</line>
		<line linenr="060" indent="&#160;&#160;">
			<var>$class.type</var>
			<text> </text>
			<text>=</text>
			<text> </text>
			<text>'military'</text>
		</line>
		<line linenr="061" indent="&#160;&#160;">
			<var>$tier</var>
			<text> </text>
			<text>=</text>
			<text> </text>
			<var>2</var>
		</line>
		<line linenr="062" indent="&#160;">
			<text>else</text>
			<text> </text>
			<text>if</text>
			<text> </text>
			<var>$subtype</var>
			<text> </text>
			<text>==</text>
			<text> </text>
			<var>33</var>
			<text> </text>
			<text>OR</text>
			<text> </text>
			<var>$subtype</var>
			<text> </text>
			<text>==</text>
			<text> </text>
			<var>49</var>
		</line>
		<line linenr="063" indent="&#160;&#160;">
			<comment>* Race Military Outpost</comment>
		</line>
		<line linenr="064" indent="&#160;&#160;">
			<var>$class.type</var>
			<text> </text>
			<text>=</text>
			<text> </text>
			<text>'military'</text>
		</line>
		<line linenr="065" indent="&#160;&#160;">
			<var>$tier</var>
			<text> </text>
			<text>=</text>
			<text> </text>
			<var>2</var>
		</line>
		<line linenr="066" indent="&#160;">
			<text>else</text>
			<text> </text>
			<text>if</text>
			<text> </text>
			<var>$subtype</var>
			<text> </text>
			<text>&gt;=</text>
			<text> </text>
			<var>35</var>
			<text> </text>
			<text>AND</text>
			<text> </text>
			<var>$subtype</var>
			<text> </text>
			<text>&lt;=</text>
			<text> </text>
			<var>42</var>
		</line>
		<line linenr="067" indent="&#160;&#160;">
			<comment>* Corp HQ</comment>
		</line>
		<line linenr="068" indent="&#160;&#160;">
			<var>$class.type</var>
			<text> </text>
			<text>=</text>
			<text> </text>
			<text>'hq'</text>
		</line>
		<line linenr="069" indent="&#160;&#160;">
			<var>$tier</var>
			<text> </text>
			<text>=</text>
			<text> </text>
			<var>2</var>
		</line>
		<line linenr="070" indent="&#160;">
			<text>else</text>
			<text> </text>
			<text>if</text>
			<text> </text>
			<var>$subtype</var>
			<text> </text>
			<text>==</text>
			<text> </text>
			<var>48</var>
		</line>
		<line linenr="071" indent="&#160;&#160;">
			<comment>* Darkspace</comment>
		</line>
		<line linenr="072" indent="&#160;&#160;">
			<var>$class.type</var>
			<text> </text>
			<text>=</text>
			<text> </text>
			<text>'hq'</text>
		</line>
		<line linenr="073" indent="&#160;&#160;">
			<var>$tier</var>
			<text> </text>
			<text>=</text>
			<text> </text>
			<var>2</var>
		</line>
		<line linenr="074" indent="&#160;">
			<text>else</text>
			<text> </text>
			<text>if</text>
			<text> </text>
			<var>$subtype</var>
			<text> </text>
			<text>==</text>
			<text> </text>
			<var>13</var>
		</line>
		<line linenr="075" indent="&#160;&#160;">
			<comment>* Pirate Base</comment>
		</line>
		<line linenr="076" indent="&#160;&#160;">
			<var>$class.type</var>
			<text> </text>
			<text>=</text>
			<text> </text>
			<text>'piratebase'</text>
		</line>
		<line linenr="077" indent="&#160;&#160;">
			<var>$tier</var>
			<text> </text>
			<text>=</text>
			<text> </text>
			<var>2</var>
		</line>
		<line linenr="078" indent="&#160;">
			<text>else</text>
			<text> </text>
			<text>if</text>
			<text> </text>
			<var>$subtype</var>
			<text> </text>
			<text>==</text>
			<text> </text>
			<var>30</var>
			<text> </text>
			<text>OR</text>
			<text> </text>
			<var>$subtype</var>
			<text> </text>
			<text>==</text>
			<text> </text>
			<var>25</var>
		</line>
		<line linenr="079" indent="&#160;&#160;">
			<comment>* Terran Stuff</comment>
		</line>
		<line linenr="080" indent="&#160;&#160;">
			<var>$class.type</var>
			<text> </text>
			<text>=</text>
			<text> </text>
			<text>'hq'</text>
		</line>
		<line linenr="081" indent="&#160;&#160;">
			<var>$tier</var>
			<text> </text>
			<text>=</text>
			<text> </text>
			<var>2</var>
		</line>
		<line linenr="082" indent="&#160;">
			<text>end</text>
		</line>
		<line linenr="083" indent="">
			<text>else</text>
			<text> </text>
			<text>if</text>
			<text> </text>
			<var>$maintype</var>
			<text> </text>
			<text>==</text>
			<text> </text>
			<var>6</var>
		</line>
		<line linenr="084" indent="&#160;">
			<text>if</text>
			<text> </text>
			<var>$subtype</var>
			<text> </text>
			<text>&gt;=</text>
			<text> </text>
			<var>0</var>
			<text> </text>
			<text>AND</text>
			<text> </text>
			<var>$subtype</var>
			<text> </text>
			<text>&lt;=</text>
			<text> </text>
			<var>5</var>
		</line>
		<line linenr="085" indent="&#160;&#160;">
			<var>$class.type</var>
			<text> </text>
			<text>=</text>
			<text> </text>
			<text>'shipyard'</text>
		</line>
		<line linenr="086" indent="&#160;&#160;">
			<var>$tier</var>
			<text> </text>
			<text>=</text>
			<text> </text>
			<var>2</var>
		</line>
		<line linenr="087" indent="&#160;">
			<text>else</text>
			<text> </text>
			<text>if</text>
			<text> </text>
			<var>$subtype</var>
			<text> </text>
			<text>==</text>
			<text> </text>
			<var>239</var>
			<text> </text>
			<text>OR</text>
			<text> </text>
			<var>$subtype</var>
			<text> </text>
			<text>==</text>
			<text> </text>
			<var>241</var>
			<text> </text>
			<text>OR</text>
			<text> </text>
			<var>$subtype</var>
			<text> </text>
			<text>==</text>
			<text> </text>
			<var>393</var>
		</line>
		<line linenr="088" indent="&#160;&#160;">
			<var>$class.type</var>
			<text> </text>
			<text>=</text>
			<text> </text>
			<text>'shipyard'</text>
		</line>
		<line linenr="089" indent="&#160;&#160;">
			<var>$tier</var>
			<text> </text>
			<text>=</text>
			<text> </text>
			<var>2</var>
		</line>
		<line linenr="090" indent="&#160;">
			<text>else</text>
			<text> </text>
			<text>if</text>
			<text> </text>
			<var>$subtype</var>
			<text> </text>
			<text>&gt;=</text>
			<text> </text>
			<var>65</var>
			<text> </text>
			<text>AND</text>
			<text> </text>
			<var>$subtype</var>
			<text> </text>
			<text>&lt;=</text>
			<text> </text>
			<var>115</var>
		</line>
		<line linenr="091" indent="&#160;&#160;">
			<comment>* Weapons</comment>
		</line>
		<line linenr="092" indent="&#160;&#160;">
			<var>$tier</var>
			<text> </text>
			<text>=</text>
			<text> </text>
			<var>2</var>
		</line>
		<line linenr="093" indent="&#160;">
			<text>else</text>
			<text> </text>
			<text>if</text>
			<text> </text>
			<var>$subtype</var>
			<text> </text>
			<text>&gt;=</text>
			<text> </text>
			<var>120</var>
			<text> </text>
			<text>AND</text>
			<text> </text>
			<var>$subtype</var>
			<text> </text>
			<text>&lt;=</text>
			<text> </text>
			<var>142</var>
		</line>
		<line linenr="094" indent="&#160;&#160;">
			<comment>* Shields</comment>
		</line>
		<line linenr="095" indent="&#160;&#160;">
			<var>$tier</var>
			<text> </text>
			<text>=</text>
			<text> </text>
			<var>1</var>
		</line>
		<line linenr="096" indent="&#160;">
			<text>else</text>
			<text> </text>
			<text>if</text>
			<text> </text>
			<var>$subtype</var>
			<text> </text>
			<text>&gt;=</text>
			<text> </text>
			<var>187</var>
			<text> </text>
			<text>AND</text>
			<text> </text>
			<var>$subtype</var>
			<text> </text>
			<text>&lt;=</text>
			<text> </text>
			<var>202</var>
		</line>
		<line linenr="097" indent="&#160;&#160;">
			<comment>* Solar</comment>
		</line>
		<line linenr="098" indent="&#160;&#160;">
			<var>$tier</var>
			<text> </text>
			<text>=</text>
			<text> </text>
			<var>1</var>
		</line>
		<line linenr="099" indent="&#160;">
			<text>else</text>
			<text> </text>
			<text>if</text>
			<text> </text>
			<var>$subtype</var>
			<text> </text>
			<text>&gt;=</text>
			<text> </text>
			<var>385</var>
			<text> </text>
			<text>AND</text>
			<text> </text>
			<var>$subtype</var>
			<text> </text>
			<text>&lt;=</text>
			<text> </text>
			<var>387</var>
		</line>
		<line linenr="100" indent="&#160;&#160;">
			<comment>* Terran Solar</comment>
		</line>
		<line linenr="101" indent="&#160;&#160;">
			<var>$tier</var>
			<text> </text>
			<text>=</text>
			<text> </text>
			<var>1</var>
		</line>
		<line linenr="102" indent="&#160;">
			<text>else</text>
			<text> </text>
			<text>if</text>
			<text> </text>
			<var>$subtype</var>
			<text> </text>
			<text>&gt;=</text>
			<text> </text>
			<var>301</var>
			<text> </text>
			<text>AND</text>
			<text> </text>
			<var>$subtype</var>
			<text> </text>
			<text>&lt;=</text>
			<text> </text>
			<var>331</var>
		</line>
		<line linenr="103" indent="&#160;&#160;">
			<var>$class.type</var>
			<text> </text>
			<text>=</text>
			<text> </text>
			<text>'shipyard'</text>
		</line>
		<line linenr="104" indent="&#160;&#160;">
			<var>$tier</var>
			<text> </text>
			<text>=</text>
			<text> </text>
			<var>2</var>
		</line>
		<line linenr="105" indent="&#160;">
			<text>else</text>
			<text> </text>
			<text>if</text>
			<text> </text>
			<var>$subtype</var>
			<text> </text>
			<text>&gt;=</text>
			<text> </text>
			<var>338</var>
			<text> </text>
			<text>AND</text>
			<text> </text>
			<var>$subtype</var>
			<text> </text>
			<text>&lt;=</text>
			<text> </text>
			<var>384</var>
		</line>
		<line linenr="106" indent="&#160;&#160;">
			<comment>* Weapons</comment>
		</line>
		<line linenr="107" indent="&#160;&#160;">
			<var>$tier</var>
			<text> </text>
			<text>=</text>
			<text> </text>
			<var>2</var>
		</line>
		<line linenr="108" indent="&#160;">
			<text>else</text>
			<text> </text>
			<text>if</text>
			<text> </text>
			<var>$subtype</var>
			<text> </text>
			<text>&gt;=</text>
			<text> </text>
			<var>242</var>
			<text> </text>
			<text>AND</text>
			<text> </text>
			<var>$subtype</var>
			<text> </text>
			<text>&lt;=</text>
			<text> </text>
			<var>274</var>
		</line>
		<line linenr="109" indent="&#160;&#160;">
			<comment>* Missiles</comment>
		</line>
		<line linenr="110" indent="&#160;&#160;">
			<var>$tier</var>
			<text> </text>
			<text>=</text>
			<text> </text>
			<var>2</var>
		</line>
		<line linenr="111" indent="&#160;">
			<text>else</text>
			<text> </text>
			<text>if</text>
			<text> </text>
			<var>$subtype</var>
			<text> </text>
			<text>&gt;=</text>
			<text> </text>
			<var>430</var>
			<text> </text>
			<text>AND</text>
			<text> </text>
			<var>$subtype</var>
			<text> </text>
			<text>&lt;=</text>
			<text> </text>
			<var>433</var>
		</line>
		<line linenr="112" indent="&#160;&#160;">
			<comment>* Terran Missiles</comment>
		</line>
		<line linenr="113" indent="&#160;&#160;">
			<var>$tier</var>
			<text> </text>
			<text>=</text>
			<text> </text>
			<var>2</var>
		</line>
		<line linenr="114" indent="&#160;">
			<text>else</text>
			<text> </text>
			<text>if</text>
			<text> </text>
			<var>$subtype</var>
			<text> </text>
			<text>&gt;=</text>
			<text> </text>
			<var>397</var>
			<text> </text>
			<text>AND</text>
			<text> </text>
			<var>$subtype</var>
			<text> </text>
			<text>&lt;</text>
			<text> </text>
			<var>399</var>
		</line>
		<line linenr="115" indent="&#160;&#160;">
			<var>$class.type</var>
			<text> </text>
			<text>=</text>
			<text> </text>
			<text>'shipyard'</text>
		</line>
		<line linenr="116" indent="&#160;&#160;">
			<var>$tier</var>
			<text> </text>
			<text>=</text>
			<text> </text>
			<var>2</var>
		</line>
		<line linenr="117" indent="&#160;">
			<text>else</text>
			<text> </text>
			<text>if</text>
			<text> </text>
			<var>$subtype</var>
			<text> </text>
			<text>&gt;=</text>
			<text> </text>
			<var>501</var>
			<text> </text>
			<text>AND</text>
			<text> </text>
			<var>$subtype</var>
			<text> </text>
			<text>&lt;=</text>
			<text> </text>
			<var>507</var>
		</line>
		<line linenr="118" indent="&#160;&#160;">
			<comment>* XRM Corp Shipyards : 504= Thuruks, 505=Trinity, 507 = Dark Space</comment>
		</line>
		<line linenr="119" indent="&#160;&#160;">
			<comment>* we will start at 501 to make sure we get them all</comment>
		</line>
		<line linenr="120" indent="&#160;&#160;">
			<var>$class.type</var>
			<text> </text>
			<text>=</text>
			<text> </text>
			<text>'shipyard'</text>
		</line>
		<line linenr="121" indent="&#160;&#160;">
			<var>$tier</var>
			<text> </text>
			<text>=</text>
			<text> </text>
			<var>2</var>
		</line>
		<line linenr="122" indent="&#160;">
			<text>else</text>
			<text> </text>
			<text>if</text>
			<text> </text>
			<var>$subtype</var>
			<text> </text>
			<text>&gt;</text>
			<text> </text>
			<var>438</var>
		</line>
		<line linenr="123" indent="&#160;&#160;">
			<comment>* Add on facilities</comment>
		</line>
		<line linenr="124" indent="&#160;&#160;">
			<var>$tier</var>
			<text> </text>
			<text>=</text>
			<text> </text>
			<var>1</var>
		</line>
		<line linenr="125" indent="&#160;">
			<text>end</text>
		</line>
		<line linenr="126" indent="">
			<text>end</text>
		</line>
		<line linenr="127" indent="">
			<var>$station.Vars</var>
			<text>[</text>
			<var>$IDX_TIER</var>
			<text>]</text>
			<text> </text>
			<text>=</text>
			<text> </text>
			<var>$tier</var>
		</line>
		<line linenr="128" indent="">
			<var>$station.Vars</var>
			<text>[</text>
			<var>$IDX_CLASS</var>
			<text>]</text>
			<text> </text>
			<text>=</text>
			<text> </text>
			<var>$class.type</var>
		</line>
		<line linenr="129" indent="" />
		<line linenr="130" indent="" />
		<line linenr="131" indent="">
			<var>$pl</var>
			<text> </text>
			<text>=</text>
			<text> </text>
			<var>$station.Vars</var>
			<text>[</text>
			<var>$IDX_PRIVILEGE</var>
			<text>]</text>
		</line>
		<line linenr="132" indent="">
			<var>$sus</var>
			<text> </text>
			<text>=</text>
			<text> </text>
			<var>$station.Vars</var>
			<text>[</text>
			<var>$IDX_SUSPICION</var>
			<text>]</text>
		</line>
		<line linenr="133" indent="">
			<text>if</text>
			<text> </text>
			<var>$sus</var>
			<text> </text>
			<text>&lt;</text>
			<text> </text>
			<var>7</var>
		</line>
		<line linenr="134" indent="&#160;">
			<var>$susl</var>
			<text> </text>
			<text>=</text>
			<text> </text>
			<text>read</text>
			<text> </text>
			<text>text</text>
			<text>:</text>
			<text> </text>
			<text>page</text>
			<text>=</text>
			<var>$pageid</var>
			<text> </text>
			<text>id</text>
			<text>=</text>
			<var>7</var>
		</line>
		<line linenr="135" indent="&#160;">
			<var>$susd</var>
			<text> </text>
			<text>=</text>
			<text> </text>
			<text>read</text>
			<text> </text>
			<text>text</text>
			<text>:</text>
			<text> </text>
			<text>page</text>
			<text>=</text>
			<var>$pageid</var>
			<text> </text>
			<text>id</text>
			<text>=</text>
			<var>13</var>
		</line>
		<line linenr="136" indent="">
			<text>else</text>
			<text> </text>
			<text>if</text>
			<text> </text>
			<var>$sus</var>
			<text> </text>
			<text>&lt;</text>
			<text> </text>
			<var>32</var>
		</line>
		<line linenr="137" indent="&#160;">
			<var>$susl</var>
			<text> </text>
			<text>=</text>
			<text> </text>
			<text>read</text>
			<text> </text>
			<text>text</text>
			<text>:</text>
			<text> </text>
			<text>page</text>
			<text>=</text>
			<var>$pageid</var>
			<text> </text>
			<text>id</text>
			<text>=</text>
			<var>8</var>
		</line>
		<line linenr="138" indent="&#160;">
			<var>$susd</var>
			<text> </text>
			<text>=</text>
			<text> </text>
			<text>read</text>
			<text> </text>
			<text>text</text>
			<text>:</text>
			<text> </text>
			<text>page</text>
			<text>=</text>
			<var>$pageid</var>
			<text> </text>
			<text>id</text>
			<text>=</text>
			<var>14</var>
		</line>
		<line linenr="139" indent="">
			<text>else</text>
			<text> </text>
			<text>if</text>
			<text> </text>
			<var>$sus</var>
			<text> </text>
			<text>&lt;</text>
			<text> </text>
			<var>55</var>
		</line>
		<line linenr="140" indent="&#160;">
			<var>$susl</var>
			<text> </text>
			<text>=</text>
			<text> </text>
			<text>read</text>
			<text> </text>
			<text>text</text>
			<text>:</text>
			<text> </text>
			<text>page</text>
			<text>=</text>
			<var>$pageid</var>
			<text> </text>
			<text>id</text>
			<text>=</text>
			<var>9</var>
		</line>
		<line linenr="141" indent="&#160;">
			<var>$susd</var>
			<text> </text>
			<text>=</text>
			<text> </text>
			<text>read</text>
			<text> </text>
			<text>text</text>
			<text>:</text>
			<text> </text>
			<text>page</text>
			<text>=</text>
			<var>$pageid</var>
			<text> </text>
			<text>id</text>
			<text>=</text>
			<var>15</var>
		</line>
		<line linenr="142" indent="">
			<text>else</text>
			<text> </text>
			<text>if</text>
			<text> </text>
			<var>$sus</var>
			<text> </text>
			<text>&lt;</text>
			<text> </text>
			<var>78</var>
		</line>
		<line linenr="143" indent="&#160;">
			<var>$susl</var>
			<text> </text>
			<text>=</text>
			<text> </text>
			<text>read</text>
			<text> </text>
			<text>text</text>
			<text>:</text>
			<text> </text>
			<text>page</text>
			<text>=</text>
			<var>$pageid</var>
			<text> </text>
			<text>id</text>
			<text>=</text>
			<var>10</var>
		</line>
		<line linenr="144" indent="&#160;">
			<var>$susd</var>
			<text> </text>
			<text>=</text>
			<text> </text>
			<text>read</text>
			<text> </text>
			<text>text</text>
			<text>:</text>
			<text> </text>
			<text>page</text>
			<text>=</text>
			<var>$pageid</var>
			<text> </text>
			<text>id</text>
			<text>=</text>
			<var>16</var>
		</line>
		<line linenr="145" indent="">
			<text>else</text>
			<text> </text>
			<text>if</text>
			<text> </text>
			<var>$sus</var>
			<text> </text>
			<text>&lt;</text>
			<text> </text>
			<var>100</var>
		</line>
		<line linenr="146" indent="&#160;">
			<var>$susl</var>
			<text> </text>
			<text>=</text>
			<text> </text>
			<text>read</text>
			<text> </text>
			<text>text</text>
			<text>:</text>
			<text> </text>
			<text>page</text>
			<text>=</text>
			<var>$pageid</var>
			<text> </text>
			<text>id</text>
			<text>=</text>
			<var>11</var>
		</line>
		<line linenr="147" indent="&#160;">
			<var>$susd</var>
			<text> </text>
			<text>=</text>
			<text> </text>
			<text>read</text>
			<text> </text>
			<text>text</text>
			<text>:</text>
			<text> </text>
			<text>page</text>
			<text>=</text>
			<var>$pageid</var>
			<text> </text>
			<text>id</text>
			<text>=</text>
			<var>17</var>
		</line>
		<line linenr="148" indent="">
			<text>else</text>
		</line>
		<line linenr="149" indent="&#160;">
			<var>$susl</var>
			<text> </text>
			<text>=</text>
			<text> </text>
			<text>read</text>
			<text> </text>
			<text>text</text>
			<text>:</text>
			<text> </text>
			<text>page</text>
			<text>=</text>
			<var>$pageid</var>
			<text> </text>
			<text>id</text>
			<text>=</text>
			<var>12</var>
		</line>
		<line linenr="150" indent="">
			<text>end</text>
		</line>
		<line linenr="151" indent="" />
		<line linenr="152" indent="">
			<var>$result</var>
			<text> </text>
			<text>=</text>
			<text> </text>
			<text>array</text>
			<text> </text>
			<text>alloc</text>
			<text>:</text>
			<text> </text>
			<text>size</text>
			<text>=</text>
			<var>3</var>
		</line>
		<line linenr="153" indent="">
			<var>$result</var>
			<text>[</text>
			<var>0</var>
			<text>]</text>
			<text> </text>
			<text>=</text>
			<text> </text>
			<var>$station.Vars</var>
		</line>
		<line linenr="154" indent="">
			<var>$result</var>
			<text>[</text>
			<var>1</var>
			<text>]</text>
			<text> </text>
			<text>=</text>
			<text> </text>
			<var>$susl</var>
		</line>
		<line linenr="155" indent="">
			<var>$result</var>
			<text>[</text>
			<var>2</var>
			<text>]</text>
			<text> </text>
			<text>=</text>
			<text> </text>
			<var>$susd</var>
		</line>
		<line linenr="156" indent="" />
		<line linenr="157" indent="">
			<text>return</text>
			<text> </text>
			<var>$result</var>
		</line>
	</sourcetext>
	<codearray>
		<sval type="array" size="10">
			<sval type="string" val="plugin.zanzal.PwnMi.getstationvars" />
			<sval type="int" val="50" />
			<sval type="string" val="" />
			<sval type="int" val="1" />
			<sval type="int" val="0" />
			<sval type="array" size="25">
				<sval type="string" val="target" />
				<sval type="string" val="pageid" />
				<sval type="string" val="IDX_PRIVILEGE" />
				<sval type="string" val="IDX_SUSPICION" />
				<sval type="string" val="IDX_SLUSH_FUND" />
				<sval type="string" val="IDX_BALANCE" />
				<sval type="string" val="IDX_ENDRAND" />
				<sval type="string" val="IDX_TIER" />
				<sval type="string" val="IDX_FAKEID" />
				<sval type="string" val="IDX_FAKENAME" />
				<sval type="string" val="IDX_INPROGRESS" />
				<sval type="string" val="IDX_CLASS" />
				<sval type="string" val="IDX_RESERVED_MIN" />
				<sval type="string" val="IDX_RESERVED_MAX" />
				<sval type="string" val="station.Vars" />
				<sval type="string" val="rand" />
				<sval type="string" val="tier" />
				<sval type="string" val="maintype" />
				<sval type="string" val="subtype" />
				<sval type="string" val="class.type" />
				<sval type="string" val="pl" />
				<sval type="string" val="sus" />
				<sval type="string" val="susl" />
				<sval type="string" val="susd" />
				<sval type="string" val="result" />
			</sval>
			<sval type="array" size="143">
				<sval type="array" size="7">
					<sval type="int" val="104" />
					<sval type="int" val="1" />
					<sval type="int" val="1" />
					<sval type="int" val="4" />
					<sval type="int" val="8102" />
					<sval type="int" val="1" />
					<sval type="int" val="-1" />
				</sval>
				<sval type="array" size="7">
					<sval type="int" val="104" />
					<sval type="int" val="2" />
					<sval type="int" val="1" />
					<sval type="int" val="4" />
					<sval type="int" val="0" />
					<sval type="int" val="1" />
					<sval type="int" val="-1" />
				</sval>
				<sval type="array" size="7">
					<sval type="int" val="104" />
					<sval type="int" val="3" />
					<sval type="int" val="1" />
					<sval type="int" val="4" />
					<sval type="int" val="1" />
					<sval type="int" val="1" />
					<sval type="int" val="-1" />
				</sval>
				<sval type="array" size="7">
					<sval type="int" val="104" />
					<sval type="int" val="4" />
					<sval type="int" val="1" />
					<sval type="int" val="4" />
					<sval type="int" val="2" />
					<sval type="int" val="1" />
					<sval type="int" val="-1" />
				</sval>
				<sval type="array" size="7">
					<sval type="int" val="104" />
					<sval type="int" val="5" />
					<sval type="int" val="1" />
					<sval type="int" val="4" />
					<sval type="int" val="3" />
					<sval type="int" val="1" />
					<sval type="int" val="-1" />
				</sval>
				<sval type="array" size="7">
					<sval type="int" val="104" />
					<sval type="int" val="6" />
					<sval type="int" val="1" />
					<sval type="int" val="4" />
					<sval type="int" val="4" />
					<sval type="int" val="1" />
					<sval type="int" val="-1" />
				</sval>
				<sval type="array" size="7">
					<sval type="int" val="104" />
					<sval type="int" val="7" />
					<sval type="int" val="1" />
					<sval type="int" val="4" />
					<sval type="int" val="5" />
					<sval type="int" val="1" />
					<sval type="int" val="-1" />
				</sval>
				<sval type="array" size="7">
					<sval type="int" val="104" />
					<sval type="int" val="8" />
					<sval type="int" val="1" />
					<sval type="int" val="4" />
					<sval type="int" val="6" />
					<sval type="int" val="1" />
					<sval type="int" val="-1" />
				</sval>
				<sval type="array" size="7">
					<sval type="int" val="104" />
					<sval type="int" val="9" />
					<sval type="int" val="1" />
					<sval type="int" val="4" />
					<sval type="int" val="7" />
					<sval type="int" val="1" />
					<sval type="int" val="-1" />
				</sval>
				<sval type="array" size="7">
					<sval type="int" val="104" />
					<sval type="int" val="10" />
					<sval type="int" val="1" />
					<sval type="int" val="4" />
					<sval type="int" val="8" />
					<sval type="int" val="1" />
					<sval type="int" val="-1" />
				</sval>
				<sval type="array" size="7">
					<sval type="int" val="104" />
					<sval type="int" val="11" />
					<sval type="int" val="1" />
					<sval type="int" val="4" />
					<sval type="int" val="9" />
					<sval type="int" val="1" />
					<sval type="int" val="-1" />
				</sval>
				<sval type="array" size="7">
					<sval type="int" val="104" />
					<sval type="int" val="12" />
					<sval type="int" val="1" />
					<sval type="int" val="4" />
					<sval type="int" val="11" />
					<sval type="int" val="1" />
					<sval type="int" val="-1" />
				</sval>
				<sval type="array" size="7">
					<sval type="int" val="104" />
					<sval type="int" val="13" />
					<sval type="int" val="1" />
					<sval type="int" val="4" />
					<sval type="int" val="49" />
					<sval type="int" val="1" />
					<sval type="int" val="-1" />
				</sval>
				<sval type="array" size="6">
					<sval type="int" val="156" />
					<sval type="int" val="131074" />
					<sval type="int" val="0" />
					<sval type="int" val="5" />
					<sval type="string" val="zanzal.PwnMi" />
					<sval type="int" val="14" />
				</sval>
				<sval type="array" size="7">
					<sval type="int" val="104" />
					<sval type="int" val="-536864252" />
					<sval type="int" val="1" />
					<sval type="int" val="131074" />
					<sval type="int" val="14" />
					<sval type="int" val="1" />
					<sval type="int" val="-1" />
				</sval>
				<sval type="array" size="4">
					<sval type="int" val="106" />
					<sval type="int" val="15" />
					<sval type="int" val="4" />
					<sval type="int" val="10001" />
				</sval>
				<sval type="array" size="4">
					<sval type="int" val="128" />
					<sval type="int" val="14" />
					<sval type="int" val="4" />
					<sval type="int" val="50" />
				</sval>
				<sval type="array" size="7">
					<sval type="int" val="155" />
					<sval type="int" val="131074" />
					<sval type="int" val="0" />
					<sval type="int" val="5" />
					<sval type="string" val="zanzal.PwnMi" />
					<sval type="int" val="131074" />
					<sval type="int" val="14" />
				</sval>
				<sval type="array" size="7">
					<sval type="int" val="130" />
					<sval type="int" val="131074" />
					<sval type="int" val="14" />
					<sval type="int" val="131074" />
					<sval type="int" val="2" />
					<sval type="int" val="4" />
					<sval type="int" val="100" />
				</sval>
				<sval type="array" size="7">
					<sval type="int" val="130" />
					<sval type="int" val="131074" />
					<sval type="int" val="14" />
					<sval type="int" val="131074" />
					<sval type="int" val="3" />
					<sval type="int" val="4" />
					<sval type="int" val="0" />
				</sval>
				<sval type="array" size="7">
					<sval type="int" val="130" />
					<sval type="int" val="131074" />
					<sval type="int" val="14" />
					<sval type="int" val="131074" />
					<sval type="int" val="4" />
					<sval type="int" val="131075" />
					<sval type="int" val="9" />
				</sval>
				<sval type="array" size="7">
					<sval type="int" val="130" />
					<sval type="int" val="131074" />
					<sval type="int" val="14" />
					<sval type="int" val="131074" />
					<sval type="int" val="5" />
					<sval type="int" val="4" />
					<sval type="int" val="0" />
				</sval>
				<sval type="array" size="7">
					<sval type="int" val="130" />
					<sval type="int" val="131074" />
					<sval type="int" val="14" />
					<sval type="int" val="131074" />
					<sval type="int" val="6" />
					<sval type="int" val="131074" />
					<sval type="int" val="15" />
				</sval>
				<sval type="array" size="7">
					<sval type="int" val="130" />
					<sval type="int" val="131074" />
					<sval type="int" val="14" />
					<sval type="int" val="131074" />
					<sval type="int" val="8" />
					<sval type="int" val="131075" />
					<sval type="int" val="9" />
				</sval>
				<sval type="array" size="7">
					<sval type="int" val="130" />
					<sval type="int" val="131074" />
					<sval type="int" val="14" />
					<sval type="int" val="131074" />
					<sval type="int" val="9" />
					<sval type="int" val="0" />
					<sval type="int" val="0" />
				</sval>
				<sval type="array" size="7">
					<sval type="int" val="130" />
					<sval type="int" val="131074" />
					<sval type="int" val="14" />
					<sval type="int" val="131074" />
					<sval type="int" val="10" />
					<sval type="int" val="131075" />
					<sval type="int" val="9" />
				</sval>
				<sval type="array" size="7">
					<sval type="int" val="104" />
					<sval type="int" val="16" />
					<sval type="int" val="1" />
					<sval type="int" val="4" />
					<sval type="int" val="0" />
					<sval type="int" val="1" />
					<sval type="int" val="-1" />
				</sval>
				<sval type="array" size="4">
					<sval type="int" val="659" />
					<sval type="int" val="131074" />
					<sval type="int" val="0" />
					<sval type="int" val="17" />
				</sval>
				<sval type="array" size="4">
					<sval type="int" val="660" />
					<sval type="int" val="131074" />
					<sval type="int" val="0" />
					<sval type="int" val="18" />
				</sval>
				<sval type="array" size="7">
					<sval type="int" val="104" />
					<sval type="int" val="19" />
					<sval type="int" val="1" />
					<sval type="int" val="5" />
					<sval type="string" val="factory" />
					<sval type="int" val="1" />
					<sval type="int" val="-1" />
				</sval>
				<sval type="array" size="13">
					<sval type="int" val="104" />
					<sval type="int" val="-1610595069" />
					<sval type="int" val="3" />
					<sval type="int" val="131074" />
					<sval type="int" val="17" />
					<sval type="int" val="4" />
					<sval type="int" val="5" />
					<sval type="int" val="15" />
					<sval type="int" val="0" />
					<sval type="int" val="3" />
					<sval type="int" val="-1" />
					<sval type="int" val="0" />
					<sval type="int" val="-2" />
				</sval>
				<sval type="array" size="7">
					<sval type="int" val="104" />
					<sval type="int" val="16" />
					<sval type="int" val="1" />
					<sval type="int" val="4" />
					<sval type="int" val="1" />
					<sval type="int" val="1" />
					<sval type="int" val="-1" />
				</sval>
				<sval type="array" size="7">
					<sval type="int" val="104" />
					<sval type="int" val="19" />
					<sval type="int" val="1" />
					<sval type="int" val="5" />
					<sval type="string" val="eqdock" />
					<sval type="int" val="1" />
					<sval type="int" val="-1" />
				</sval>
				<sval type="array" size="25">
					<sval type="int" val="104" />
					<sval type="int" val="-1610603517" />
					<sval type="int" val="7" />
					<sval type="int" val="131074" />
					<sval type="int" val="18" />
					<sval type="int" val="4" />
					<sval type="int" val="0" />
					<sval type="int" val="15" />
					<sval type="int" val="4" />
					<sval type="int" val="131074" />
					<sval type="int" val="18" />
					<sval type="int" val="4" />
					<sval type="int" val="5" />
					<sval type="int" val="15" />
					<sval type="int" val="5" />
					<sval type="int" val="15" />
					<sval type="int" val="9" />
					<sval type="int" val="7" />
					<sval type="int" val="-1" />
					<sval type="int" val="4" />
					<sval type="int" val="-2" />
					<sval type="int" val="9" />
					<sval type="int" val="-4" />
					<sval type="int" val="5" />
					<sval type="int" val="-5" />
				</sval>
				<sval type="array" size="7">
					<sval type="int" val="104" />
					<sval type="int" val="19" />
					<sval type="int" val="1" />
					<sval type="int" val="5" />
					<sval type="string" val="trade" />
					<sval type="int" val="1" />
					<sval type="int" val="-1" />
				</sval>
				<sval type="array" size="2">
					<sval type="int" val="112" />
					<sval type="int" val="68" />
				</sval>
				<sval type="array" size="25">
					<sval type="int" val="104" />
					<sval type="int" val="-1610602747" />
					<sval type="int" val="7" />
					<sval type="int" val="131074" />
					<sval type="int" val="18" />
					<sval type="int" val="4" />
					<sval type="int" val="22" />
					<sval type="int" val="15" />
					<sval type="int" val="4" />
					<sval type="int" val="131074" />
					<sval type="int" val="18" />
					<sval type="int" val="4" />
					<sval type="int" val="24" />
					<sval type="int" val="15" />
					<sval type="int" val="5" />
					<sval type="int" val="15" />
					<sval type="int" val="9" />
					<sval type="int" val="7" />
					<sval type="int" val="-1" />
					<sval type="int" val="4" />
					<sval type="int" val="-2" />
					<sval type="int" val="9" />
					<sval type="int" val="-4" />
					<sval type="int" val="5" />
					<sval type="int" val="-5" />
				</sval>
				<sval type="array" size="7">
					<sval type="int" val="104" />
					<sval type="int" val="19" />
					<sval type="int" val="1" />
					<sval type="int" val="5" />
					<sval type="string" val="trade" />
					<sval type="int" val="1" />
					<sval type="int" val="-1" />
				</sval>
				<sval type="array" size="2">
					<sval type="int" val="112" />
					<sval type="int" val="68" />
				</sval>
				<sval type="array" size="25">
					<sval type="int" val="104" />
					<sval type="int" val="-1610601979" />
					<sval type="int" val="7" />
					<sval type="int" val="131074" />
					<sval type="int" val="18" />
					<sval type="int" val="4" />
					<sval type="int" val="28" />
					<sval type="int" val="15" />
					<sval type="int" val="4" />
					<sval type="int" val="131074" />
					<sval type="int" val="18" />
					<sval type="int" val="4" />
					<sval type="int" val="34" />
					<sval type="int" val="15" />
					<sval type="int" val="5" />
					<sval type="int" val="15" />
					<sval type="int" val="9" />
					<sval type="int" val="7" />
					<sval type="int" val="-1" />
					<sval type="int" val="4" />
					<sval type="int" val="-2" />
					<sval type="int" val="9" />
					<sval type="int" val="-4" />
					<sval type="int" val="5" />
					<sval type="int" val="-5" />
				</sval>
				<sval type="array" size="7">
					<sval type="int" val="104" />
					<sval type="int" val="19" />
					<sval type="int" val="1" />
					<sval type="int" val="5" />
					<sval type="string" val="trade" />
					<sval type="int" val="1" />
					<sval type="int" val="-1" />
				</sval>
				<sval type="array" size="2">
					<sval type="int" val="112" />
					<sval type="int" val="68" />
				</sval>
				<sval type="array" size="13">
					<sval type="int" val="104" />
					<sval type="int" val="-1610601211" />
					<sval type="int" val="3" />
					<sval type="int" val="131074" />
					<sval type="int" val="18" />
					<sval type="int" val="4" />
					<sval type="int" val="47" />
					<sval type="int" val="15" />
					<sval type="int" val="0" />
					<sval type="int" val="3" />
					<sval type="int" val="-1" />
					<sval type="int" val="0" />
					<sval type="int" val="-2" />
				</sval>
				<sval type="array" size="7">
					<sval type="int" val="104" />
					<sval type="int" val="19" />
					<sval type="int" val="1" />
					<sval type="int" val="5" />
					<sval type="string" val="trade" />
					<sval type="int" val="1" />
					<sval type="int" val="-1" />
				</sval>
				<sval type="array" size="2">
					<sval type="int" val="112" />
					<sval type="int" val="68" />
				</sval>
				<sval type="array" size="25">
					<sval type="int" val="104" />
					<sval type="int" val="-1610600187" />
					<sval type="int" val="7" />
					<sval type="int" val="131074" />
					<sval type="int" val="18" />
					<sval type="int" val="4" />
					<sval type="int" val="15" />
					<sval type="int" val="15" />
					<sval type="int" val="4" />
					<sval type="int" val="131074" />
					<sval type="int" val="18" />
					<sval type="int" val="4" />
					<sval type="int" val="19" />
					<sval type="int" val="15" />
					<sval type="int" val="5" />
					<sval type="int" val="15" />
					<sval type="int" val="9" />
					<sval type="int" val="7" />
					<sval type="int" val="-1" />
					<sval type="int" val="4" />
					<sval type="int" val="-2" />
					<sval type="int" val="9" />
					<sval type="int" val="-4" />
					<sval type="int" val="5" />
					<sval type="int" val="-5" />
				</sval>
				<sval type="array" size="7">
					<sval type="int" val="104" />
					<sval type="int" val="19" />
					<sval type="int" val="1" />
					<sval type="int" val="5" />
					<sval type="string" val="military" />
					<sval type="int" val="1" />
					<sval type="int" val="-1" />
				</sval>
				<sval type="array" size="7">
					<sval type="int" val="104" />
					<sval type="int" val="16" />
					<sval type="int" val="1" />
					<sval type="int" val="4" />
					<sval type="int" val="2" />
					<sval type="int" val="1" />
					<sval type="int" val="-1" />
				</sval>
				<sval type="array" size="2">
					<sval type="int" val="112" />
					<sval type="int" val="68" />
				</sval>
				<sval type="array" size="25">
					<sval type="int" val="104" />
					<sval type="int" val="-1610599163" />
					<sval type="int" val="7" />
					<sval type="int" val="131074" />
					<sval type="int" val="18" />
					<sval type="int" val="4" />
					<sval type="int" val="33" />
					<sval type="int" val="15" />
					<sval type="int" val="0" />
					<sval type="int" val="131074" />
					<sval type="int" val="18" />
					<sval type="int" val="4" />
					<sval type="int" val="49" />
					<sval type="int" val="15" />
					<sval type="int" val="0" />
					<sval type="int" val="15" />
					<sval type="int" val="10" />
					<sval type="int" val="7" />
					<sval type="int" val="-1" />
					<sval type="int" val="0" />
					<sval type="int" val="-2" />
					<sval type="int" val="10" />
					<sval type="int" val="-4" />
					<sval type="int" val="0" />
					<sval type="int" val="-5" />
				</sval>
				<sval type="array" size="7">
					<sval type="int" val="104" />
					<sval type="int" val="19" />
					<sval type="int" val="1" />
					<sval type="int" val="5" />
					<sval type="string" val="military" />
					<sval type="int" val="1" />
					<sval type="int" val="-1" />
				</sval>
				<sval type="array" size="7">
					<sval type="int" val="104" />
					<sval type="int" val="16" />
					<sval type="int" val="1" />
					<sval type="int" val="4" />
					<sval type="int" val="2" />
					<sval type="int" val="1" />
					<sval type="int" val="-1" />
				</sval>
				<sval type="array" size="2">
					<sval type="int" val="112" />
					<sval type="int" val="68" />
				</sval>
				<sval type="array" size="25">
					<sval type="int" val="104" />
					<sval type="int" val="-1610598139" />
					<sval type="int" val="7" />
					<sval type="int" val="131074" />
					<sval type="int" val="18" />
					<sval type="int" val="4" />
					<sval type="int" val="35" />
					<sval type="int" val="15" />
					<sval type="int" val="4" />
					<sval type="int" val="131074" />
					<sval type="int" val="18" />
					<sval type="int" val="4" />
					<sval type="int" val="42" />
					<sval type="int" val="15" />
					<sval type="int" val="5" />
					<sval type="int" val="15" />
					<sval type="int" val="9" />
					<sval type="int" val="7" />
					<sval type="int" val="-1" />
					<sval type="int" val="4" />
					<sval type="int" val="-2" />
					<sval type="int" val="9" />
					<sval type="int" val="-4" />
					<sval type="int" val="5" />
					<sval type="int" val="-5" />
				</sval>
				<sval type="array" size="7">
					<sval type="int" val="104" />
					<sval type="int" val="19" />
					<sval type="int" val="1" />
					<sval type="int" val="5" />
					<sval type="string" val="hq" />
					<sval type="int" val="1" />
					<sval type="int" val="-1" />
				</sval>
				<sval type="array" size="7">
					<sval type="int" val="104" />
					<sval type="int" val="16" />
					<sval type="int" val="1" />
					<sval type="int" val="4" />
					<sval type="int" val="2" />
					<sval type="int" val="1" />
					<sval type="int" val="-1" />
				</sval>
				<sval type="array" size="2">
					<sval type="int" val="112" />
					<sval type="int" val="68" />
				</sval>
				<sval type="array" size="13">
					<sval type="int" val="104" />
					<sval type="int" val="-1610597115" />
					<sval type="int" val="3" />
					<sval type="int" val="131074" />
					<sval type="int" val="18" />
					<sval type="int" val="4" />
					<sval type="int" val="48" />
					<sval type="int" val="15" />
					<sval type="int" val="0" />
					<sval type="int" val="3" />
					<sval type="int" val="-1" />
					<sval type="int" val="0" />
					<sval type="int" val="-2" />
				</sval>
				<sval type="array" size="7">
					<sval type="int" val="104" />
					<sval type="int" val="19" />
					<sval type="int" val="1" />
					<sval type="int" val="5" />
					<sval type="string" val="hq" />
					<sval type="int" val="1" />
					<sval type="int" val="-1" />
				</sval>
				<sval type="array" size="7">
					<sval type="int" val="104" />
					<sval type="int" val="16" />
					<sval type="int" val="1" />
					<sval type="int" val="4" />
					<sval type="int" val="2" />
					<sval type="int" val="1" />
					<sval type="int" val="-1" />
				</sval>
				<sval type="array" size="2">
					<sval type="int" val="112" />
					<sval type="int" val="68" />
				</sval>
				<sval type="array" size="13">
					<sval type="int" val="104" />
					<sval type="int" val="-1610596091" />
					<sval type="int" val="3" />
					<sval type="int" val="131074" />
					<sval type="int" val="18" />
					<sval type="int" val="4" />
					<sval type="int" val="13" />
					<sval type="int" val="15" />
					<sval type="int" val="0" />
					<sval type="int" val="3" />
					<sval type="int" val="-1" />
					<sval type="int" val="0" />
					<sval type="int" val="-2" />
				</sval>
				<sval type="array" size="7">
					<sval type="int" val="104" />
					<sval type="int" val="19" />
					<sval type="int" val="1" />
					<sval type="int" val="5" />
					<sval type="string" val="piratebase" />
					<sval type="int" val="1" />
					<sval type="int" val="-1" />
				</sval>
				<sval type="array" size="7">
					<sval type="int" val="104" />
					<sval type="int" val="16" />
					<sval type="int" val="1" />
					<sval type="int" val="4" />
					<sval type="int" val="2" />
					<sval type="int" val="1" />
					<sval type="int" val="-1" />
				</sval>
				<sval type="array" size="2">
					<sval type="int" val="112" />
					<sval type="int" val="68" />
				</sval>
				<sval type="array" size="25">
					<sval type="int" val="104" />
					<sval type="int" val="-1610595323" />
					<sval type="int" val="7" />
					<sval type="int" val="131074" />
					<sval type="int" val="18" />
					<sval type="int" val="4" />
					<sval type="int" val="30" />
					<sval type="int" val="15" />
					<sval type="int" val="0" />
					<sval type="int" val="131074" />
					<sval type="int" val="18" />
					<sval type="int" val="4" />
					<sval type="int" val="25" />
					<sval type="int" val="15" />
					<sval type="int" val="0" />
					<sval type="int" val="15" />
					<sval type="int" val="10" />
					<sval type="int" val="7" />
					<sval type="int" val="-1" />
					<sval type="int" val="0" />
					<sval type="int" val="-2" />
					<sval type="int" val="10" />
					<sval type="int" val="-4" />
					<sval type="int" val="0" />
					<sval type="int" val="-5" />
				</sval>
				<sval type="array" size="7">
					<sval type="int" val="104" />
					<sval type="int" val="19" />
					<sval type="int" val="1" />
					<sval type="int" val="5" />
					<sval type="string" val="hq" />
					<sval type="int" val="1" />
					<sval type="int" val="-1" />
				</sval>
				<sval type="array" size="7">
					<sval type="int" val="104" />
					<sval type="int" val="16" />
					<sval type="int" val="1" />
					<sval type="int" val="4" />
					<sval type="int" val="2" />
					<sval type="int" val="1" />
					<sval type="int" val="-1" />
				</sval>
				<sval type="array" size="2">
					<sval type="int" val="112" />
					<sval type="int" val="113" />
				</sval>
				<sval type="array" size="13">
					<sval type="int" val="104" />
					<sval type="int" val="-1610583803" />
					<sval type="int" val="3" />
					<sval type="int" val="131074" />
					<sval type="int" val="17" />
					<sval type="int" val="4" />
					<sval type="int" val="6" />
					<sval type="int" val="15" />
					<sval type="int" val="0" />
					<sval type="int" val="3" />
					<sval type="int" val="-1" />
					<sval type="int" val="0" />
					<sval type="int" val="-2" />
				</sval>
				<sval type="array" size="25">
					<sval type="int" val="104" />
					<sval type="int" val="-1610593789" />
					<sval type="int" val="7" />
					<sval type="int" val="131074" />
					<sval type="int" val="18" />
					<sval type="int" val="4" />
					<sval type="int" val="0" />
					<sval type="int" val="15" />
					<sval type="int" val="4" />
					<sval type="int" val="131074" />
					<sval type="int" val="18" />
					<sval type="int" val="4" />
					<sval type="int" val="5" />
					<sval type="int" val="15" />
					<sval type="int" val="5" />
					<sval type="int" val="15" />
					<sval type="int" val="9" />
					<sval type="int" val="7" />
					<sval type="int" val="-1" />
					<sval type="int" val="4" />
					<sval type="int" val="-2" />
					<sval type="int" val="9" />
					<sval type="int" val="-4" />
					<sval type="int" val="5" />
					<sval type="int" val="-5" />
				</sval>
				<sval type="array" size="7">
					<sval type="int" val="104" />
					<sval type="int" val="19" />
					<sval type="int" val="1" />
					<sval type="int" val="5" />
					<sval type="string" val="shipyard" />
					<sval type="int" val="1" />
					<sval type="int" val="-1" />
				</sval>
				<sval type="array" size="7">
					<sval type="int" val="104" />
					<sval type="int" val="16" />
					<sval type="int" val="1" />
					<sval type="int" val="4" />
					<sval type="int" val="2" />
					<sval type="int" val="1" />
					<sval type="int" val="-1" />
				</sval>
				<sval type="array" size="2">
					<sval type="int" val="112" />
					<sval type="int" val="113" />
				</sval>
				<sval type="array" size="37">
					<sval type="int" val="104" />
					<sval type="int" val="-1610592763" />
					<sval type="int" val="11" />
					<sval type="int" val="131074" />
					<sval type="int" val="18" />
					<sval type="int" val="4" />
					<sval type="int" val="239" />
					<sval type="int" val="15" />
					<sval type="int" val="0" />
					<sval type="int" val="131074" />
					<sval type="int" val="18" />
					<sval type="int" val="4" />
					<sval type="int" val="241" />
					<sval type="int" val="15" />
					<sval type="int" val="0" />
					<sval type="int" val="15" />
					<sval type="int" val="10" />
					<sval type="int" val="131074" />
					<sval type="int" val="18" />
					<sval type="int" val="4" />
					<sval type="int" val="393" />
					<sval type="int" val="15" />
					<sval type="int" val="0" />
					<sval type="int" val="15" />
					<sval type="int" val="10" />
					<sval type="int" val="11" />
					<sval type="int" val="-1" />
					<sval type="int" val="0" />
					<sval type="int" val="-2" />
					<sval type="int" val="10" />
					<sval type="int" val="-4" />
					<sval type="int" val="0" />
					<sval type="int" val="-5" />
					<sval type="int" val="10" />
					<sval type="int" val="-8" />
					<sval type="int" val="0" />
					<sval type="int" val="-9" />
				</sval>
				<sval type="array" size="7">
					<sval type="int" val="104" />
					<sval type="int" val="19" />
					<sval type="int" val="1" />
					<sval type="int" val="5" />
					<sval type="string" val="shipyard" />
					<sval type="int" val="1" />
					<sval type="int" val="-1" />
				</sval>
				<sval type="array" size="7">
					<sval type="int" val="104" />
					<sval type="int" val="16" />
					<sval type="int" val="1" />
					<sval type="int" val="4" />
					<sval type="int" val="2" />
					<sval type="int" val="1" />
					<sval type="int" val="-1" />
				</sval>
				<sval type="array" size="2">
					<sval type="int" val="112" />
					<sval type="int" val="113" />
				</sval>
				<sval type="array" size="25">
					<sval type="int" val="104" />
					<sval type="int" val="-1610591995" />
					<sval type="int" val="7" />
					<sval type="int" val="131074" />
					<sval type="int" val="18" />
					<sval type="int" val="4" />
					<sval type="int" val="65" />
					<sval type="int" val="15" />
					<sval type="int" val="4" />
					<sval type="int" val="131074" />
					<sval type="int" val="18" />
					<sval type="int" val="4" />
					<sval type="int" val="115" />
					<sval type="int" val="15" />
					<sval type="int" val="5" />
					<sval type="int" val="15" />
					<sval type="int" val="9" />
					<sval type="int" val="7" />
					<sval type="int" val="-1" />
					<sval type="int" val="4" />
					<sval type="int" val="-2" />
					<sval type="int" val="9" />
					<sval type="int" val="-4" />
					<sval type="int" val="5" />
					<sval type="int" val="-5" />
				</sval>
				<sval type="array" size="7">
					<sval type="int" val="104" />
					<sval type="int" val="16" />
					<sval type="int" val="1" />
					<sval type="int" val="4" />
					<sval type="int" val="2" />
					<sval type="int" val="1" />
					<sval type="int" val="-1" />
				</sval>
				<sval type="array" size="2">
					<sval type="int" val="112" />
					<sval type="int" val="113" />
				</sval>
				<sval type="array" size="25">
					<sval type="int" val="104" />
					<sval type="int" val="-1610591227" />
					<sval type="int" val="7" />
					<sval type="int" val="131074" />
					<sval type="int" val="18" />
					<sval type="int" val="4" />
					<sval type="int" val="120" />
					<sval type="int" val="15" />
					<sval type="int" val="4" />
					<sval type="int" val="131074" />
					<sval type="int" val="18" />
					<sval type="int" val="4" />
					<sval type="int" val="142" />
					<sval type="int" val="15" />
					<sval type="int" val="5" />
					<sval type="int" val="15" />
					<sval type="int" val="9" />
					<sval type="int" val="7" />
					<sval type="int" val="-1" />
					<sval type="int" val="4" />
					<sval type="int" val="-2" />
					<sval type="int" val="9" />
					<sval type="int" val="-4" />
					<sval type="int" val="5" />
					<sval type="int" val="-5" />
				</sval>
				<sval type="array" size="7">
					<sval type="int" val="104" />
					<sval type="int" val="16" />
					<sval type="int" val="1" />
					<sval type="int" val="4" />
					<sval type="int" val="1" />
					<sval type="int" val="1" />
					<sval type="int" val="-1" />
				</sval>
				<sval type="array" size="2">
					<sval type="int" val="112" />
					<sval type="int" val="113" />
				</sval>
				<sval type="array" size="25">
					<sval type="int" val="104" />
					<sval type="int" val="-1610590459" />
					<sval type="int" val="7" />
					<sval type="int" val="131074" />
					<sval type="int" val="18" />
					<sval type="int" val="4" />
					<sval type="int" val="187" />
					<sval type="int" val="15" />
					<sval type="int" val="4" />
					<sval type="int" val="131074" />
					<sval type="int" val="18" />
					<sval type="int" val="4" />
					<sval type="int" val="202" />
					<sval type="int" val="15" />
					<sval type="int" val="5" />
					<sval type="int" val="15" />
					<sval type="int" val="9" />
					<sval type="int" val="7" />
					<sval type="int" val="-1" />
					<sval type="int" val="4" />
					<sval type="int" val="-2" />
					<sval type="int" val="9" />
					<sval type="int" val="-4" />
					<sval type="int" val="5" />
					<sval type="int" val="-5" />
				</sval>
				<sval type="array" size="7">
					<sval type="int" val="104" />
					<sval type="int" val="16" />
					<sval type="int" val="1" />
					<sval type="int" val="4" />
					<sval type="int" val="1" />
					<sval type="int" val="1" />
					<sval type="int" val="-1" />
				</sval>
				<sval type="array" size="2">
					<sval type="int" val="112" />
					<sval type="int" val="113" />
				</sval>
				<sval type="array" size="25">
					<sval type="int" val="104" />
					<sval type="int" val="-1610589691" />
					<sval type="int" val="7" />
					<sval type="int" val="131074" />
					<sval type="int" val="18" />
					<sval type="int" val="4" />
					<sval type="int" val="385" />
					<sval type="int" val="15" />
					<sval type="int" val="4" />
					<sval type="int" val="131074" />
					<sval type="int" val="18" />
					<sval type="int" val="4" />
					<sval type="int" val="387" />
					<sval type="int" val="15" />
					<sval type="int" val="5" />
					<sval type="int" val="15" />
					<sval type="int" val="9" />
					<sval type="int" val="7" />
					<sval type="int" val="-1" />
					<sval type="int" val="4" />
					<sval type="int" val="-2" />
					<sval type="int" val="9" />
					<sval type="int" val="-4" />
					<sval type="int" val="5" />
					<sval type="int" val="-5" />
				</sval>
				<sval type="array" size="7">
					<sval type="int" val="104" />
					<sval type="int" val="16" />
					<sval type="int" val="1" />
					<sval type="int" val="4" />
					<sval type="int" val="1" />
					<sval type="int" val="1" />
					<sval type="int" val="-1" />
				</sval>
				<sval type="array" size="2">
					<sval type="int" val="112" />
					<sval type="int" val="113" />
				</sval>
				<sval type="array" size="25">
					<sval type="int" val="104" />
					<sval type="int" val="-1610588667" />
					<sval type="int" val="7" />
					<sval type="int" val="131074" />
					<sval type="int" val="18" />
					<sval type="int" val="4" />
					<sval type="int" val="301" />
					<sval type="int" val="15" />
					<sval type="int" val="4" />
					<sval type="int" val="131074" />
					<sval type="int" val="18" />
					<sval type="int" val="4" />
					<sval type="int" val="331" />
					<sval type="int" val="15" />
					<sval type="int" val="5" />
					<sval type="int" val="15" />
					<sval type="int" val="9" />
					<sval type="int" val="7" />
					<sval type="int" val="-1" />
					<sval type="int" val="4" />
					<sval type="int" val="-2" />
					<sval type="int" val="9" />
					<sval type="int" val="-4" />
					<sval type="int" val="5" />
					<sval type="int" val="-5" />
				</sval>
				<sval type="array" size="7">
					<sval type="int" val="104" />
					<sval type="int" val="19" />
					<sval type="int" val="1" />
					<sval type="int" val="5" />
					<sval type="string" val="shipyard" />
					<sval type="int" val="1" />
					<sval type="int" val="-1" />
				</sval>
				<sval type="array" size="7">
					<sval type="int" val="104" />
					<sval type="int" val="16" />
					<sval type="int" val="1" />
					<sval type="int" val="4" />
					<sval type="int" val="2" />
					<sval type="int" val="1" />
					<sval type="int" val="-1" />
				</sval>
				<sval type="array" size="2">
					<sval type="int" val="112" />
					<sval type="int" val="113" />
				</sval>
				<sval type="array" size="25">
					<sval type="int" val="104" />
					<sval type="int" val="-1610587899" />
					<sval type="int" val="7" />
					<sval type="int" val="131074" />
					<sval type="int" val="18" />
					<sval type="int" val="4" />
					<sval type="int" val="338" />
					<sval type="int" val="15" />
					<sval type="int" val="4" />
					<sval type="int" val="131074" />
					<sval type="int" val="18" />
					<sval type="int" val="4" />
					<sval type="int" val="384" />
					<sval type="int" val="15" />
					<sval type="int" val="5" />
					<sval type="int" val="15" />
					<sval type="int" val="9" />
					<sval type="int" val="7" />
					<sval type="int" val="-1" />
					<sval type="int" val="4" />
					<sval type="int" val="-2" />
					<sval type="int" val="9" />
					<sval type="int" val="-4" />
					<sval type="int" val="5" />
					<sval type="int" val="-5" />
				</sval>
				<sval type="array" size="7">
					<sval type="int" val="104" />
					<sval type="int" val="16" />
					<sval type="int" val="1" />
					<sval type="int" val="4" />
					<sval type="int" val="2" />
					<sval type="int" val="1" />
					<sval type="int" val="-1" />
				</sval>
				<sval type="array" size="2">
					<sval type="int" val="112" />
					<sval type="int" val="113" />
				</sval>
				<sval type="array" size="25">
					<sval type="int" val="104" />
					<sval type="int" val="-1610587131" />
					<sval type="int" val="7" />
					<sval type="int" val="131074" />
					<sval type="int" val="18" />
					<sval type="int" val="4" />
					<sval type="int" val="242" />
					<sval type="int" val="15" />
					<sval type="int" val="4" />
					<sval type="int" val="131074" />
					<sval type="int" val="18" />
					<sval type="int" val="4" />
					<sval type="int" val="274" />
					<sval type="int" val="15" />
					<sval type="int" val="5" />
					<sval type="int" val="15" />
					<sval type="int" val="9" />
					<sval type="int" val="7" />
					<sval type="int" val="-1" />
					<sval type="int" val="4" />
					<sval type="int" val="-2" />
					<sval type="int" val="9" />
					<sval type="int" val="-4" />
					<sval type="int" val="5" />
					<sval type="int" val="-5" />
				</sval>
				<sval type="array" size="7">
					<sval type="int" val="104" />
					<sval type="int" val="16" />
					<sval type="int" val="1" />
					<sval type="int" val="4" />
					<sval type="int" val="2" />
					<sval type="int" val="1" />
					<sval type="int" val="-1" />
				</sval>
				<sval type="array" size="2">
					<sval type="int" val="112" />
					<sval type="int" val="113" />
				</sval>
				<sval type="array" size="25">
					<sval type="int" val="104" />
					<sval type="int" val="-1610586363" />
					<sval type="int" val="7" />
					<sval type="int" val="131074" />
					<sval type="int" val="18" />
					<sval type="int" val="4" />
					<sval type="int" val="430" />
					<sval type="int" val="15" />
					<sval type="int" val="4" />
					<sval type="int" val="131074" />
					<sval type="int" val="18" />
					<sval type="int" val="4" />
					<sval type="int" val="433" />
					<sval type="int" val="15" />
					<sval type="int" val="5" />
					<sval type="int" val="15" />
					<sval type="int" val="9" />
					<sval type="int" val="7" />
					<sval type="int" val="-1" />
					<sval type="int" val="4" />
					<sval type="int" val="-2" />
					<sval type="int" val="9" />
					<sval type="int" val="-4" />
					<sval type="int" val="5" />
					<sval type="int" val="-5" />
				</sval>
				<sval type="array" size="7">
					<sval type="int" val="104" />
					<sval type="int" val="16" />
					<sval type="int" val="1" />
					<sval type="int" val="4" />
					<sval type="int" val="2" />
					<sval type="int" val="1" />
					<sval type="int" val="-1" />
				</sval>
				<sval type="array" size="2">
					<sval type="int" val="112" />
					<sval type="int" val="113" />
				</sval>
				<sval type="array" size="25">
					<sval type="int" val="104" />
					<sval type="int" val="-1610585339" />
					<sval type="int" val="7" />
					<sval type="int" val="131074" />
					<sval type="int" val="18" />
					<sval type="int" val="4" />
					<sval type="int" val="397" />
					<sval type="int" val="15" />
					<sval type="int" val="4" />
					<sval type="int" val="131074" />
					<sval type="int" val="18" />
					<sval type="int" val="4" />
					<sval type="int" val="399" />
					<sval type="int" val="15" />
					<sval type="int" val="3" />
					<sval type="int" val="15" />
					<sval type="int" val="9" />
					<sval type="int" val="7" />
					<sval type="int" val="-1" />
					<sval type="int" val="4" />
					<sval type="int" val="-2" />
					<sval type="int" val="9" />
					<sval type="int" val="-4" />
					<sval type="int" val="3" />
					<sval type="int" val="-5" />
				</sval>
				<sval type="array" size="7">
					<sval type="int" val="104" />
					<sval type="int" val="19" />
					<sval type="int" val="1" />
					<sval type="int" val="5" />
					<sval type="string" val="shipyard" />
					<sval type="int" val="1" />
					<sval type="int" val="-1" />
				</sval>
				<sval type="array" size="7">
					<sval type="int" val="104" />
					<sval type="int" val="16" />
					<sval type="int" val="1" />
					<sval type="int" val="4" />
					<sval type="int" val="2" />
					<sval type="int" val="1" />
					<sval type="int" val="-1" />
				</sval>
				<sval type="array" size="2">
					<sval type="int" val="112" />
					<sval type="int" val="113" />
				</sval>
				<sval type="array" size="25">
					<sval type="int" val="104" />
					<sval type="int" val="-1610584315" />
					<sval type="int" val="7" />
					<sval type="int" val="131074" />
					<sval type="int" val="18" />
					<sval type="int" val="4" />
					<sval type="int" val="501" />
					<sval type="int" val="15" />
					<sval type="int" val="4" />
					<sval type="int" val="131074" />
					<sval type="int" val="18" />
					<sval type="int" val="4" />
					<sval type="int" val="507" />
					<sval type="int" val="15" />
					<sval type="int" val="5" />
					<sval type="int" val="15" />
					<sval type="int" val="9" />
					<sval type="int" val="7" />
					<sval type="int" val="-1" />
					<sval type="int" val="4" />
					<sval type="int" val="-2" />
					<sval type="int" val="9" />
					<sval type="int" val="-4" />
					<sval type="int" val="5" />
					<sval type="int" val="-5" />
				</sval>
				<sval type="array" size="7">
					<sval type="int" val="104" />
					<sval type="int" val="19" />
					<sval type="int" val="1" />
					<sval type="int" val="5" />
					<sval type="string" val="shipyard" />
					<sval type="int" val="1" />
					<sval type="int" val="-1" />
				</sval>
				<sval type="array" size="7">
					<sval type="int" val="104" />
					<sval type="int" val="16" />
					<sval type="int" val="1" />
					<sval type="int" val="4" />
					<sval type="int" val="2" />
					<sval type="int" val="1" />
					<sval type="int" val="-1" />
				</sval>
				<sval type="array" size="2">
					<sval type="int" val="112" />
					<sval type="int" val="113" />
				</sval>
				<sval type="array" size="13">
					<sval type="int" val="104" />
					<sval type="int" val="-1610583803" />
					<sval type="int" val="3" />
					<sval type="int" val="131074" />
					<sval type="int" val="18" />
					<sval type="int" val="4" />
					<sval type="int" val="438" />
					<sval type="int" val="15" />
					<sval type="int" val="2" />
					<sval type="int" val="3" />
					<sval type="int" val="-1" />
					<sval type="int" val="2" />
					<sval type="int" val="-2" />
				</sval>
				<sval type="array" size="7">
					<sval type="int" val="104" />
					<sval type="int" val="16" />
					<sval type="int" val="1" />
					<sval type="int" val="4" />
					<sval type="int" val="1" />
					<sval type="int" val="1" />
					<sval type="int" val="-1" />
				</sval>
				<sval type="array" size="7">
					<sval type="int" val="130" />
					<sval type="int" val="131074" />
					<sval type="int" val="14" />
					<sval type="int" val="131074" />
					<sval type="int" val="7" />
					<sval type="int" val="131074" />
					<sval type="int" val="16" />
				</sval>
				<sval type="array" size="7">
					<sval type="int" val="130" />
					<sval type="int" val="131074" />
					<sval type="int" val="14" />
					<sval type="int" val="131074" />
					<sval type="int" val="11" />
					<sval type="int" val="131074" />
					<sval type="int" val="19" />
				</sval>
				<sval type="array" size="6">
					<sval type="int" val="129" />
					<sval type="int" val="20" />
					<sval type="int" val="131074" />
					<sval type="int" val="14" />
					<sval type="int" val="131074" />
					<sval type="int" val="2" />
				</sval>
				<sval type="array" size="6">
					<sval type="int" val="129" />
					<sval type="int" val="21" />
					<sval type="int" val="131074" />
					<sval type="int" val="14" />
					<sval type="int" val="131074" />
					<sval type="int" val="3" />
				</sval>
				<sval type="array" size="13">
					<sval type="int" val="104" />
					<sval type="int" val="-1610581757" />
					<sval type="int" val="3" />
					<sval type="int" val="131074" />
					<sval type="int" val="21" />
					<sval type="int" val="4" />
					<sval type="int" val="7" />
					<sval type="int" val="15" />
					<sval type="int" val="3" />
					<sval type="int" val="3" />
					<sval type="int" val="-1" />
					<sval type="int" val="3" />
					<sval type="int" val="-2" />
				</sval>
				<sval type="array" size="6">
					<sval type="int" val="126" />
					<sval type="int" val="22" />
					<sval type="int" val="131074" />
					<sval type="int" val="1" />
					<sval type="int" val="4" />
					<sval type="int" val="7" />
				</sval>
				<sval type="array" size="6">
					<sval type="int" val="126" />
					<sval type="int" val="23" />
					<sval type="int" val="131074" />
					<sval type="int" val="1" />
					<sval type="int" val="4" />
					<sval type="int" val="13" />
				</sval>
				<sval type="array" size="2">
					<sval type="int" val="112" />
					<sval type="int" val="138" />
				</sval>
				<sval type="array" size="13">
					<sval type="int" val="104" />
					<sval type="int" val="-1610580731" />
					<sval type="int" val="3" />
					<sval type="int" val="131074" />
					<sval type="int" val="21" />
					<sval type="int" val="4" />
					<sval type="int" val="32" />
					<sval type="int" val="15" />
					<sval type="int" val="3" />
					<sval type="int" val="3" />
					<sval type="int" val="-1" />
					<sval type="int" val="3" />
					<sval type="int" val="-2" />
				</sval>
				<sval type="array" size="6">
					<sval type="int" val="126" />
					<sval type="int" val="22" />
					<sval type="int" val="131074" />
					<sval type="int" val="1" />
					<sval type="int" val="4" />
					<sval type="int" val="8" />
				</sval>
				<sval type="array" size="6">
					<sval type="int" val="126" />
					<sval type="int" val="23" />
					<sval type="int" val="131074" />
					<sval type="int" val="1" />
					<sval type="int" val="4" />
					<sval type="int" val="14" />
				</sval>
				<sval type="array" size="2">
					<sval type="int" val="112" />
					<sval type="int" val="138" />
				</sval>
				<sval type="array" size="13">
					<sval type="int" val="104" />
					<sval type="int" val="-1610579707" />
					<sval type="int" val="3" />
					<sval type="int" val="131074" />
					<sval type="int" val="21" />
					<sval type="int" val="4" />
					<sval type="int" val="55" />
					<sval type="int" val="15" />
					<sval type="int" val="3" />
					<sval type="int" val="3" />
					<sval type="int" val="-1" />
					<sval type="int" val="3" />
					<sval type="int" val="-2" />
				</sval>
				<sval type="array" size="6">
					<sval type="int" val="126" />
					<sval type="int" val="22" />
					<sval type="int" val="131074" />
					<sval type="int" val="1" />
					<sval type="int" val="4" />
					<sval type="int" val="9" />
				</sval>
				<sval type="array" size="6">
					<sval type="int" val="126" />
					<sval type="int" val="23" />
					<sval type="int" val="131074" />
					<sval type="int" val="1" />
					<sval type="int" val="4" />
					<sval type="int" val="15" />
				</sval>
				<sval type="array" size="2">
					<sval type="int" val="112" />
					<sval type="int" val="138" />
				</sval>
				<sval type="array" size="13">
					<sval type="int" val="104" />
					<sval type="int" val="-1610578683" />
					<sval type="int" val="3" />
					<sval type="int" val="131074" />
					<sval type="int" val="21" />
					<sval type="int" val="4" />
					<sval type="int" val="78" />
					<sval type="int" val="15" />
					<sval type="int" val="3" />
					<sval type="int" val="3" />
					<sval type="int" val="-1" />
					<sval type="int" val="3" />
					<sval type="int" val="-2" />
				</sval>
				<sval type="array" size="6">
					<sval type="int" val="126" />
					<sval type="int" val="22" />
					<sval type="int" val="131074" />
					<sval type="int" val="1" />
					<sval type="int" val="4" />
					<sval type="int" val="10" />
				</sval>
				<sval type="array" size="6">
					<sval type="int" val="126" />
					<sval type="int" val="23" />
					<sval type="int" val="131074" />
					<sval type="int" val="1" />
					<sval type="int" val="4" />
					<sval type="int" val="16" />
				</sval>
				<sval type="array" size="2">
					<sval type="int" val="112" />
					<sval type="int" val="138" />
				</sval>
				<sval type="array" size="13">
					<sval type="int" val="104" />
					<sval type="int" val="-1610577659" />
					<sval type="int" val="3" />
					<sval type="int" val="131074" />
					<sval type="int" val="21" />
					<sval type="int" val="4" />
					<sval type="int" val="100" />
					<sval type="int" val="15" />
					<sval type="int" val="3" />
					<sval type="int" val="3" />
					<sval type="int" val="-1" />
					<sval type="int" val="3" />
					<sval type="int" val="-2" />
				</sval>
				<sval type="array" size="6">
					<sval type="int" val="126" />
					<sval type="int" val="22" />
					<sval type="int" val="131074" />
					<sval type="int" val="1" />
					<sval type="int" val="4" />
					<sval type="int" val="11" />
				</sval>
				<sval type="array" size="6">
					<sval type="int" val="126" />
					<sval type="int" val="23" />
					<sval type="int" val="131074" />
					<sval type="int" val="1" />
					<sval type="int" val="4" />
					<sval type="int" val="17" />
				</sval>
				<sval type="array" size="2">
					<sval type="int" val="112" />
					<sval type="int" val="138" />
				</sval>
				<sval type="array" size="6">
					<sval type="int" val="126" />
					<sval type="int" val="22" />
					<sval type="int" val="131074" />
					<sval type="int" val="1" />
					<sval type="int" val="4" />
					<sval type="int" val="12" />
				</sval>
				<sval type="array" size="4">
					<sval type="int" val="128" />
					<sval type="int" val="24" />
					<sval type="int" val="4" />
					<sval type="int" val="3" />
				</sval>
				<sval type="array" size="7">
					<sval type="int" val="130" />
					<sval type="int" val="131074" />
					<sval type="int" val="24" />
					<sval type="int" val="4" />
					<sval type="int" val="0" />
					<sval type="int" val="131074" />
					<sval type="int" val="14" />
				</sval>
				<sval type="array" size="7">
					<sval type="int" val="130" />
					<sval type="int" val="131074" />
					<sval type="int" val="24" />
					<sval type="int" val="4" />
					<sval type="int" val="1" />
					<sval type="int" val="131074" />
					<sval type="int" val="22" />
				</sval>
				<sval type="array" size="7">
					<sval type="int" val="130" />
					<sval type="int" val="131074" />
					<sval type="int" val="24" />
					<sval type="int" val="4" />
					<sval type="int" val="2" />
					<sval type="int" val="131074" />
					<sval type="int" val="23" />
				</sval>
				<sval type="array" size="3">
					<sval type="int" val="103" />
					<sval type="int" val="131074" />
					<sval type="int" val="24" />
				</sval>
			</sval>
			<sval type="array" size="1">
				<sval type="array" size="2">
					<sval type="int" val="17" />
					<sval type="string" val="" />
				</sval>
			</sval>
			<sval type="array" size="41">
				<sval type="array" size="3">
					<sval type="int" val="0" />
					<sval type="int" val="1" />
					<sval type="string" val="************************************************" />
				</sval>
				<sval type="array" size="3">
					<sval type="int" val="0" />
					<sval type="int" val="1" />
					<sval type="string" val="SCRIPT NAME: plugin.zanzal.PwnMi.getstationvars" />
				</sval>
				<sval type="array" size="3">
					<sval type="int" val="0" />
					<sval type="int" val="1" />
					<sval type="string" val="DESCRIPTION: Obtain station variables and extended information" />
				</sval>
				<sval type="array" size="3">
					<sval type="int" val="0" />
					<sval type="int" val="1" />
					<sval type="string" val="" />
				</sval>
				<sval type="array" size="3">
					<sval type="int" val="0" />
					<sval type="int" val="1" />
					<sval type="string" val="AUTHOR: Zanzal           DATE: 16 December 2013" />
				</sval>
				<sval type="array" size="3">
					<sval type="int" val="0" />
					<sval type="int" val="1" />
					<sval type="string" val="************************************************" />
				</sval>
				<sval type="array" size="3">
					<sval type="int" val="0" />
					<sval type="int" val="1" />
					<sval type="string" val="LICENSE: CC-BY-SA 4.0 International - http://creativecommons.org/licenses/by-sa/4.0/legalcode" />
				</sval>
				<sval type="array" size="3">
					<sval type="int" val="0" />
					<sval type="int" val="1" />
					<sval type="string" val="************************************************" />
				</sval>
				<sval type="array" size="2">
					<sval type="int" val="1" />
					<sval type="int" val="2" />
				</sval>
				<sval type="array" size="2">
					<sval type="int" val="11" />
					<sval type="int" val="2" />
				</sval>
				<sval type="array" size="3">
					<sval type="int" val="11" />
					<sval type="int" val="1" />
					<sval type="string" val="These indexes reserved for command flags" />
				</sval>
				<sval type="array" size="2">
					<sval type="int" val="13" />
					<sval type="int" val="2" />
				</sval>
				<sval type="array" size="2">
					<sval type="int" val="26" />
					<sval type="int" val="2" />
				</sval>
				<sval type="array" size="3">
					<sval type="int" val="26" />
					<sval type="int" val="1" />
					<sval type="string" val="Determine Facility Difficulty between 0 and 2" />
				</sval>
				<sval type="array" size="2">
					<sval type="int" val="26" />
					<sval type="int" val="4" />
				</sval>
				<sval type="array" size="2">
					<sval type="int" val="26" />
					<sval type="int" val="2" />
				</sval>
				<sval type="array" size="3">
					<sval type="int" val="46" />
					<sval type="int" val="1" />
					<sval type="string" val="Race Military Outpost" />
				</sval>
				<sval type="array" size="3">
					<sval type="int" val="50" />
					<sval type="int" val="1" />
					<sval type="string" val="Race Military Outpost" />
				</sval>
				<sval type="array" size="3">
					<sval type="int" val="54" />
					<sval type="int" val="1" />
					<sval type="string" val="Corp HQ" />
				</sval>
				<sval type="array" size="3">
					<sval type="int" val="58" />
					<sval type="int" val="1" />
					<sval type="string" val="Darkspace" />
				</sval>
				<sval type="array" size="3">
					<sval type="int" val="62" />
					<sval type="int" val="1" />
					<sval type="string" val="Pirate Base" />
				</sval>
				<sval type="array" size="3">
					<sval type="int" val="66" />
					<sval type="int" val="1" />
					<sval type="string" val="Terran Stuff" />
				</sval>
				<sval type="array" size="2">
					<sval type="int" val="68" />
					<sval type="int" val="4" />
				</sval>
				<sval type="array" size="3">
					<sval type="int" val="79" />
					<sval type="int" val="1" />
					<sval type="string" val="Weapons" />
				</sval>
				<sval type="array" size="3">
					<sval type="int" val="82" />
					<sval type="int" val="1" />
					<sval type="string" val="Shields" />
				</sval>
				<sval type="array" size="3">
					<sval type="int" val="85" />
					<sval type="int" val="1" />
					<sval type="string" val="Solar" />
				</sval>
				<sval type="array" size="3">
					<sval type="int" val="88" />
					<sval type="int" val="1" />
					<sval type="string" val="Terran Solar" />
				</sval>
				<sval type="array" size="3">
					<sval type="int" val="95" />
					<sval type="int" val="1" />
					<sval type="string" val="Weapons" />
				</sval>
				<sval type="array" size="3">
					<sval type="int" val="98" />
					<sval type="int" val="1" />
					<sval type="string" val="Missiles" />
				</sval>
				<sval type="array" size="3">
					<sval type="int" val="101" />
					<sval type="int" val="1" />
					<sval type="string" val="Terran Missiles" />
				</sval>
				<sval type="array" size="3">
					<sval type="int" val="108" />
					<sval type="int" val="1" />
					<sval type="string" val="XRM Corp Shipyards : 504= Thuruks, 505=Trinity, 507 = Dark Space" />
				</sval>
				<sval type="array" size="3">
					<sval type="int" val="108" />
					<sval type="int" val="1" />
					<sval type="string" val="we will start at 501 to make sure we get them all" />
				</sval>
				<sval type="array" size="3">
					<sval type="int" val="112" />
					<sval type="int" val="1" />
					<sval type="string" val="Add on facilities" />
				</sval>
				<sval type="array" size="2">
					<sval type="int" val="113" />
					<sval type="int" val="4" />
				</sval>
				<sval type="array" size="2">
					<sval type="int" val="113" />
					<sval type="int" val="4" />
				</sval>
				<sval type="array" size="2">
					<sval type="int" val="115" />
					<sval type="int" val="2" />
				</sval>
				<sval type="array" size="2">
					<sval type="int" val="115" />
					<sval type="int" val="2" />
				</sval>
				<sval type="array" size="2">
					<sval type="int" val="137" />
					<sval type="int" val="5" />
				</sval>
				<sval type="array" size="2">
					<sval type="int" val="138" />
					<sval type="int" val="4" />
				</sval>
				<sval type="array" size="2">
					<sval type="int" val="138" />
					<sval type="int" val="2" />
				</sval>
				<sval type="array" size="2">
					<sval type="int" val="142" />
					<sval type="int" val="2" />
				</sval>
			</sval>
			<sval type="int" val="0" />
		</sval>
	</codearray>
</script>
