<?xml version="1.0" standalone="yes"?>
<?xml-stylesheet href="x2script.xsl" type="text/xsl"?>
<!-- Generated using X-Studio -->
<script>
	<name>plugin.zanzal.PwnMi.stdtargetmenu</name>
	<version>1</version>
	<engineversion>50</engineversion>
	<description></description>
	<arguments>
		<argument index="1" name="target" type="Var/Station" desc="" />
		<argument index="2" name="menu" type="Var/Array" desc="" />
	</arguments>
	<sourcetext>
		<line linenr="001" indent="">
			<comment>* ************************************************</comment>
		</line>
		<line linenr="002" indent="">
			<comment>* SCRIPT NAME: plugin.zanzal.PwnMi.stdtargetmenu</comment>
		</line>
		<line linenr="003" indent="">
			<comment>* DESCRIPTION:  Inserts standard $menu items based on</comment>
		</line>
		<line linenr="004" indent="">
			<comment>* the $target station</comment>
		</line>
		<line linenr="005" indent="">
			<comment>* </comment>
		</line>
		<line linenr="006" indent="">
			<comment>* AUTHOR:  Zanzal         DATE: 20 December 2013</comment>
		</line>
		<line linenr="007" indent="">
			<comment>* ************************************************</comment>
		</line>
		<line linenr="008" indent="">
			<comment>* LICENSE: CC-BY-SA 4.0 International - http://creativecommons.org/licenses/by-sa/4.0/legalcode</comment>
		</line>
		<line linenr="009" indent="">
			<comment>* ************************************************</comment>
		</line>
		<line linenr="010" indent="">
			<var>$pageid</var>
			<text> </text>
			<text>=</text>
			<text> </text>
			<var>8102</var>
		</line>
		<line linenr="011" indent="" />
		<line linenr="012" indent="">
			<var>$IDX_PRIVILEGE</var>
			<text> </text>
			<text>=</text>
			<text> </text>
			<var>0</var>
		</line>
		<line linenr="013" indent="">
			<var>$IDX_SUSPICION</var>
			<text> </text>
			<text>=</text>
			<text> </text>
			<var>1</var>
		</line>
		<line linenr="014" indent="">
			<var>$IDX_SLUSH_FUND</var>
			<text> </text>
			<text>=</text>
			<text> </text>
			<var>2</var>
		</line>
		<line linenr="015" indent="">
			<var>$IDX_BALANCE</var>
			<text> </text>
			<text>=</text>
			<text> </text>
			<var>3</var>
		</line>
		<line linenr="016" indent="">
			<var>$IDX_TIER</var>
			<text> </text>
			<text>=</text>
			<text> </text>
			<var>5</var>
		</line>
		<line linenr="017" indent="">
			<var>$IDX_FAKEID</var>
			<text> </text>
			<text>=</text>
			<text> </text>
			<var>6</var>
		</line>
		<line linenr="018" indent="">
			<var>$IDX_FAKENAME</var>
			<text> </text>
			<text>=</text>
			<text> </text>
			<var>7</var>
		</line>
		<line linenr="019" indent="">
			<var>$IDX_INPROGRESS</var>
			<text> </text>
			<text>=</text>
			<text> </text>
			<var>8</var>
		</line>
		<line linenr="020" indent="" />
		<line linenr="021" indent="">
			<var>$result</var>
			<text> </text>
			<text>=</text>
			<text> </text>
			<var>0</var>
		</line>
		<line linenr="022" indent="" />
		<line linenr="023" indent="">
			<var>$target.name</var>
			<text> </text>
			<text>=</text>
			<text> </text>
			<var>$target</var>
			<text>-&gt;</text>
			<text> </text>
			<text>get</text>
			<text> </text>
			<text>name</text>
		</line>
		<line linenr="024" indent="">
			<var>$sector</var>
			<text> </text>
			<text>=</text>
			<text> </text>
			<var>$target</var>
			<text>-&gt;</text>
			<text> </text>
			<text>get</text>
			<text> </text>
			<text>sector</text>
		</line>
		<line linenr="025" indent="">
			<var>$sector.name</var>
			<text> </text>
			<text>=</text>
			<text> </text>
			<var>$sector</var>
			<text>-&gt;</text>
			<text> </text>
			<text>get</text>
			<text> </text>
			<text>name</text>
		</line>
		<line linenr="026" indent="" />
		<line linenr="027" indent="" interruptable="@">
			<var>$station.vars.ex</var>
			<text> </text>
			<text>=</text>
			<text> </text>
			<var>[THIS]</var>
			<text>-&gt;</text>
			<text> </text>
			<text>call</text>
			<text> </text>
			<text>script</text>
			<text> </text>
			<call>plugin.zanzal.PwnMi.getstationvars</call>
			<text> </text>
			<text>:</text>
			<text> </text>
			<text>target</text>
			<text>=</text>
			<var>$target</var>
		</line>
		<line linenr="028" indent="">
			<var>$station.Vars</var>
			<text> </text>
			<text>=</text>
			<text> </text>
			<var>$station.vars.ex</var>
			<text>[</text>
			<var>0</var>
			<text>]</text>
		</line>
		<line linenr="029" indent="">
			<var>$pl</var>
			<text> </text>
			<text>=</text>
			<text> </text>
			<var>$station.Vars</var>
			<text>[</text>
			<var>$IDX_PRIVILEGE</var>
			<text>]</text>
		</line>
		<line linenr="030" indent="">
			<var>$susl</var>
			<text> </text>
			<text>=</text>
			<text> </text>
			<var>$station.vars.ex</var>
			<text>[</text>
			<var>1</var>
			<text>]</text>
		</line>
		<line linenr="031" indent="">
			<var>$susd</var>
			<text> </text>
			<text>=</text>
			<text> </text>
			<var>$station.vars.ex</var>
			<text>[</text>
			<var>2</var>
			<text>]</text>
		</line>
		<line linenr="032" indent="">
			<var>$tier</var>
			<text> </text>
			<text>=</text>
			<text> </text>
			<var>$station.Vars</var>
			<text>[</text>
			<var>$IDX_TIER</var>
			<text>]</text>
		</line>
		<line linenr="033" indent="">
			<text>inc</text>
			<text> </text>
			<var>$tier</var>
		</line>
		<line linenr="034" indent="">
			<var>$tier</var>
			<text> </text>
			<text>=</text>
			<text> </text>
			<text>convert</text>
			<text> </text>
			<text>number</text>
			<text> </text>
			<var>$tier</var>
			<text> </text>
			<text>to</text>
			<text> </text>
			<text>string</text>
		</line>
		<line linenr="035" indent="" />
		<line linenr="036" indent="">
			<var>$maintype</var>
			<text> </text>
			<text>=</text>
			<text> </text>
			<var>$target</var>
			<text>-&gt;</text>
			<text> </text>
			<text>get</text>
			<text> </text>
			<text>maintype</text>
		</line>
		<line linenr="037" indent="">
			<var>$subtype</var>
			<text> </text>
			<text>=</text>
			<text> </text>
			<var>$target</var>
			<text>-&gt;</text>
			<text> </text>
			<text>get</text>
			<text> </text>
			<text>subtype</text>
		</line>
		<line linenr="038" indent="" />
		<line linenr="039" indent="">
			<var>$tier</var>
			<text> </text>
			<text>=</text>
			<text> </text>
			<var>$tier</var>
			<text> </text>
			<text>+</text>
			<text> </text>
			<text>' ['</text>
			<text> </text>
			<text>+</text>
			<text> </text>
			<var>$maintype</var>
			<text> </text>
			<text>+</text>
			<text> </text>
			<text>':'</text>
			<text> </text>
			<text>+</text>
			<text> </text>
			<var>$subtype</var>
			<text> </text>
			<text>+</text>
			<text> </text>
			<text>']'</text>
		</line>
		<line linenr="040" indent="" />
		<line linenr="041" indent="">
			<text>add</text>
			<text> </text>
			<text>custom</text>
			<text> </text>
			<text>menu</text>
			<text> </text>
			<text>heading</text>
			<text> </text>
			<text>to</text>
			<text> </text>
			<text>array</text>
			<text> </text>
			<var>$menu</var>
			<text>:</text>
			<text> </text>
			<text>title</text>
			<text>=</text>
			<var>null</var>
		</line>
		<line linenr="042" indent="">
			<text>add</text>
			<text> </text>
			<text>custom</text>
			<text> </text>
			<text>menu</text>
			<text> </text>
			<text>info</text>
			<text> </text>
			<text>line</text>
			<text> </text>
			<text>to</text>
			<text> </text>
			<text>array</text>
			<text> </text>
			<var>$menu</var>
			<text>:</text>
			<text> </text>
			<text>text</text>
			<text>=</text>
			<var>$susd</var>
		</line>
		<line linenr="043" indent="" />
		<line linenr="044" indent="">
			<comment>* Section: station properties</comment>
		</line>
		<line linenr="045" indent="">
			<text>add</text>
			<text> </text>
			<text>section</text>
			<text> </text>
			<text>to</text>
			<text> </text>
			<text>custom</text>
			<text> </text>
			<text>menu</text>
			<text>:</text>
			<text> </text>
			<var>$menu</var>
		</line>
		<line linenr="046" indent="">
			<var>$susheading</var>
			<text> </text>
			<text>=</text>
			<text> </text>
			<text>read</text>
			<text> </text>
			<text>text</text>
			<text>:</text>
			<text> </text>
			<text>page</text>
			<text>=</text>
			<var>$pageid</var>
			<text> </text>
			<text>id</text>
			<text>=</text>
			<var>37</var>
		</line>
		<line linenr="047" indent="">
			<var>$XStudio.Hidden</var>
			<text> </text>
			<text>=</text>
			<text> </text>
			<text>read</text>
			<text> </text>
			<text>text</text>
			<text>:</text>
			<text> </text>
			<text>page</text>
			<text>=</text>
			<var>$pageid</var>
			<text> </text>
			<text>id</text>
			<text>=</text>
			<var>37</var>
		</line>
		<line linenr="048" indent="">
			<text>add</text>
			<text> </text>
			<text>custom</text>
			<text> </text>
			<text>menu</text>
			<text> </text>
			<text>heading</text>
			<text> </text>
			<text>to</text>
			<text> </text>
			<text>array</text>
			<text> </text>
			<var>$menu</var>
			<text>:</text>
			<text> </text>
			<text>title</text>
			<text>=</text>
			<var>$XStudio.Hidden</var>
		</line>
		<line linenr="049" indent="" />
		<line linenr="050" indent="">
			<var>$stationcaption</var>
			<text> </text>
			<text>=</text>
			<text> </text>
			<text>read</text>
			<text> </text>
			<text>text</text>
			<text>:</text>
			<text> </text>
			<text>page</text>
			<text>=</text>
			<var>2006</var>
			<text> </text>
			<text>id</text>
			<text>=</text>
			<var>2016</var>
		</line>
		<line linenr="051" indent="">
			<var>$sectorcaption</var>
			<text> </text>
			<text>=</text>
			<text> </text>
			<text>read</text>
			<text> </text>
			<text>text</text>
			<text>:</text>
			<text> </text>
			<text>page</text>
			<text>=</text>
			<var>35</var>
			<text> </text>
			<text>id</text>
			<text>=</text>
			<var>715</var>
		</line>
		<line linenr="052" indent="">
			<var>$suslevelcaption</var>
			<text> </text>
			<text>=</text>
			<text> </text>
			<text>read</text>
			<text> </text>
			<text>text</text>
			<text>:</text>
			<text> </text>
			<text>page</text>
			<text>=</text>
			<var>$pageid</var>
			<text> </text>
			<text>id</text>
			<text>=</text>
			<var>34</var>
		</line>
		<line linenr="053" indent="">
			<var>$privcaption</var>
			<text> </text>
			<text>=</text>
			<text> </text>
			<text>read</text>
			<text> </text>
			<text>text</text>
			<text>:</text>
			<text> </text>
			<text>page</text>
			<text>=</text>
			<var>$pageid</var>
			<text> </text>
			<text>id</text>
			<text>=</text>
			<var>38</var>
		</line>
		<line linenr="054" indent="">
			<var>$statinrangecaption</var>
			<text> </text>
			<text>=</text>
			<text> </text>
			<text>read</text>
			<text> </text>
			<text>text</text>
			<text>:</text>
			<text> </text>
			<text>page</text>
			<text>=</text>
			<var>$pageid</var>
			<text> </text>
			<text>id</text>
			<text>=</text>
			<var>36</var>
		</line>
		<line linenr="055" indent="">
			<var>$tiercaption</var>
			<text> </text>
			<text>=</text>
			<text> </text>
			<text>read</text>
			<text> </text>
			<text>text</text>
			<text>:</text>
			<text> </text>
			<text>page</text>
			<text>=</text>
			<var>$pageid</var>
			<text> </text>
			<text>id</text>
			<text>=</text>
			<var>78</var>
		</line>
		<line linenr="056" indent="">
			<var>$fakeidcaption</var>
			<text> </text>
			<text>=</text>
			<text> </text>
			<text>read</text>
			<text> </text>
			<text>text</text>
			<text>:</text>
			<text> </text>
			<text>page</text>
			<text>=</text>
			<var>$pageid</var>
			<text> </text>
			<text>id</text>
			<text>=</text>
			<var>101</var>
		</line>
		<line linenr="057" indent="">
			<var>$slushfundcaption</var>
			<text> </text>
			<text>=</text>
			<text> </text>
			<text>read</text>
			<text> </text>
			<text>text</text>
			<text>:</text>
			<text> </text>
			<text>page</text>
			<text>=</text>
			<var>$pageid</var>
			<text> </text>
			<text>id</text>
			<text>=</text>
			<var>116</var>
		</line>
		<line linenr="058" indent="" />
		<line linenr="059" indent="">
			<var>$line</var>
			<text> </text>
			<text>=</text>
			<text> </text>
			<text>array</text>
			<text> </text>
			<text>alloc</text>
			<text>:</text>
			<text> </text>
			<text>size</text>
			<text>=</text>
			<var>4</var>
		</line>
		<line linenr="060" indent="">
			<var>$line</var>
			<text>[</text>
			<var>0</var>
			<text>]</text>
			<text> </text>
			<text>=</text>
			<text> </text>
			<var>1</var>
		</line>
		<line linenr="061" indent="">
			<var>$line</var>
			<text>[</text>
			<var>1</var>
			<text>]</text>
			<text> </text>
			<text>=</text>
			<text> </text>
			<var>$stationcaption</var>
		</line>
		<line linenr="062" indent="">
			<var>$line</var>
			<text>[</text>
			<var>2</var>
			<text>]</text>
			<text> </text>
			<text>=</text>
			<text> </text>
			<var>100</var>
		</line>
		<line linenr="063" indent="">
			<var>$line</var>
			<text>[</text>
			<var>3</var>
			<text>]</text>
			<text> </text>
			<text>=</text>
			<text> </text>
			<var>$target.name</var>
		</line>
		<line linenr="064" indent="">
			<text>add</text>
			<text> </text>
			<text>non</text>
			<text> </text>
			<text>selectable</text>
			<text> </text>
			<text>menu</text>
			<text> </text>
			<text>item</text>
			<text>:</text>
			<text> </text>
			<var>$menu</var>
			<text>,</text>
			<text> </text>
			<text>text</text>
			<text>=</text>
			<var>$line</var>
		</line>
		<line linenr="065" indent="" />
		<line linenr="066" indent="">
			<var>$line</var>
			<text> </text>
			<text>=</text>
			<text> </text>
			<text>array</text>
			<text> </text>
			<text>alloc</text>
			<text>:</text>
			<text> </text>
			<text>size</text>
			<text>=</text>
			<var>4</var>
		</line>
		<line linenr="067" indent="">
			<var>$line</var>
			<text>[</text>
			<var>0</var>
			<text>]</text>
			<text> </text>
			<text>=</text>
			<text> </text>
			<var>1</var>
		</line>
		<line linenr="068" indent="">
			<var>$line</var>
			<text>[</text>
			<var>1</var>
			<text>]</text>
			<text> </text>
			<text>=</text>
			<text> </text>
			<var>$sectorcaption</var>
		</line>
		<line linenr="069" indent="">
			<var>$line</var>
			<text>[</text>
			<var>2</var>
			<text>]</text>
			<text> </text>
			<text>=</text>
			<text> </text>
			<var>100</var>
		</line>
		<line linenr="070" indent="">
			<var>$line</var>
			<text>[</text>
			<var>3</var>
			<text>]</text>
			<text> </text>
			<text>=</text>
			<text> </text>
			<var>$sector.name</var>
		</line>
		<line linenr="071" indent="&#160;">
			<text>add</text>
			<text> </text>
			<text>non</text>
			<text> </text>
			<text>selectable</text>
			<text> </text>
			<text>menu</text>
			<text> </text>
			<text>item</text>
			<text>:</text>
			<text> </text>
			<var>$menu</var>
			<text>,</text>
			<text> </text>
			<text>text</text>
			<text>=</text>
			<var>$line</var>
		</line>
		<line linenr="072" indent="&#160;" />
		<line linenr="073" indent="&#160;">
			<var>$line</var>
			<text> </text>
			<text>=</text>
			<text> </text>
			<text>array</text>
			<text> </text>
			<text>alloc</text>
			<text>:</text>
			<text> </text>
			<text>size</text>
			<text>=</text>
			<var>4</var>
		</line>
		<line linenr="074" indent="">
			<var>$line</var>
			<text>[</text>
			<var>0</var>
			<text>]</text>
			<text> </text>
			<text>=</text>
			<text> </text>
			<var>1</var>
		</line>
		<line linenr="075" indent="">
			<var>$line</var>
			<text>[</text>
			<var>1</var>
			<text>]</text>
			<text> </text>
			<text>=</text>
			<text> </text>
			<var>$suslevelcaption</var>
		</line>
		<line linenr="076" indent="">
			<var>$line</var>
			<text>[</text>
			<var>2</var>
			<text>]</text>
			<text> </text>
			<text>=</text>
			<text> </text>
			<var>100</var>
		</line>
		<line linenr="077" indent="">
			<var>$line</var>
			<text>[</text>
			<var>3</var>
			<text>]</text>
			<text> </text>
			<text>=</text>
			<text> </text>
			<var>$susl</var>
		</line>
		<line linenr="078" indent="">
			<text>add</text>
			<text> </text>
			<text>non</text>
			<text> </text>
			<text>selectable</text>
			<text> </text>
			<text>menu</text>
			<text> </text>
			<text>item</text>
			<text>:</text>
			<text> </text>
			<var>$menu</var>
			<text>,</text>
			<text> </text>
			<text>text</text>
			<text>=</text>
			<var>$line</var>
		</line>
		<line linenr="079" indent="" />
		<line linenr="080" indent="">
			<var>$line</var>
			<text> </text>
			<text>=</text>
			<text> </text>
			<text>array</text>
			<text> </text>
			<text>alloc</text>
			<text>:</text>
			<text> </text>
			<text>size</text>
			<text>=</text>
			<var>4</var>
		</line>
		<line linenr="081" indent="">
			<var>$line</var>
			<text>[</text>
			<var>0</var>
			<text>]</text>
			<text> </text>
			<text>=</text>
			<text> </text>
			<var>1</var>
		</line>
		<line linenr="082" indent="">
			<var>$line</var>
			<text>[</text>
			<var>1</var>
			<text>]</text>
			<text> </text>
			<text>=</text>
			<text> </text>
			<var>$tiercaption</var>
		</line>
		<line linenr="083" indent="">
			<var>$line</var>
			<text>[</text>
			<var>2</var>
			<text>]</text>
			<text> </text>
			<text>=</text>
			<text> </text>
			<var>100</var>
		</line>
		<line linenr="084" indent="">
			<var>$line</var>
			<text>[</text>
			<var>3</var>
			<text>]</text>
			<text> </text>
			<text>=</text>
			<text> </text>
			<var>$tier</var>
		</line>
		<line linenr="085" indent="">
			<text>add</text>
			<text> </text>
			<text>non</text>
			<text> </text>
			<text>selectable</text>
			<text> </text>
			<text>menu</text>
			<text> </text>
			<text>item</text>
			<text>:</text>
			<text> </text>
			<var>$menu</var>
			<text>,</text>
			<text> </text>
			<text>text</text>
			<text>=</text>
			<var>$line</var>
		</line>
		<line linenr="086" indent="" />
		<line linenr="087" indent="">
			<text>if</text>
			<text> </text>
			<var>$station.Vars</var>
			<text>[</text>
			<var>$IDX_FAKEID</var>
			<text>]</text>
		</line>
		<line linenr="088" indent="">
			<var>$fakename</var>
			<text> </text>
			<text>=</text>
			<text> </text>
			<var>$station.Vars</var>
			<text>[</text>
			<var>$IDX_FAKENAME</var>
			<text>]</text>
		</line>
		<line linenr="089" indent="">
			<var>$line</var>
			<text> </text>
			<text>=</text>
			<text> </text>
			<text>array</text>
			<text> </text>
			<text>alloc</text>
			<text>:</text>
			<text> </text>
			<text>size</text>
			<text>=</text>
			<var>4</var>
		</line>
		<line linenr="090" indent="">
			<var>$line</var>
			<text>[</text>
			<var>0</var>
			<text>]</text>
			<text> </text>
			<text>=</text>
			<text> </text>
			<var>1</var>
		</line>
		<line linenr="091" indent="">
			<var>$line</var>
			<text>[</text>
			<var>1</var>
			<text>]</text>
			<text> </text>
			<text>=</text>
			<text> </text>
			<var>$fakeidcaption</var>
		</line>
		<line linenr="092" indent="">
			<var>$line</var>
			<text>[</text>
			<var>2</var>
			<text>]</text>
			<text> </text>
			<text>=</text>
			<text> </text>
			<var>100</var>
		</line>
		<line linenr="093" indent="">
			<var>$line</var>
			<text>[</text>
			<var>3</var>
			<text>]</text>
			<text> </text>
			<text>=</text>
			<text> </text>
			<var>$fakename</var>
		</line>
		<line linenr="094" indent="">
			<text>add</text>
			<text> </text>
			<text>non</text>
			<text> </text>
			<text>selectable</text>
			<text> </text>
			<text>menu</text>
			<text> </text>
			<text>item</text>
			<text>:</text>
			<text> </text>
			<var>$menu</var>
			<text>,</text>
			<text> </text>
			<text>text</text>
			<text>=</text>
			<var>$line</var>
		</line>
		<line linenr="095" indent="&#160;">
			<text>end</text>
		</line>
		<line linenr="096" indent="&#160;" />
		<line linenr="097" indent="&#160;">
			<comment>* Couldn't get the sellware signal to work. Don't have time for lots of testing and debugging so</comment>
		</line>
		<line linenr="098" indent="&#160;&#160;">
			<comment>* this feature is canceled for now. </comment>
		</line>
		<line linenr="099" indent="&#160;&#160;&#160;">
			<comment>* if $station.Vars[$IDX_SLUSH_FUND]</comment>
		</line>
		<line linenr="100" indent="&#160;&#160;&#160;">
			<comment>* $balance = $station.Vars[$IDX_BALANCE]</comment>
		</line>
		<line linenr="101" indent="&#160;&#160;&#160;">
			<comment>* $balance = convert number $balance to string</comment>
		</line>
		<line linenr="102" indent="&#160;&#160;&#160;">
			<comment>* dim $line = 1, $slushfundcaption, 100, $balance</comment>
		</line>
		<line linenr="103" indent="&#160;&#160;&#160;&#160;">
			<comment>* add non selectable menu item: $menu, text=$line</comment>
		</line>
		<line linenr="104" indent="&#160;&#160;&#160;&#160;">
			<comment>* end</comment>
		</line>
		<line linenr="105" indent="&#160;&#160;&#160;&#160;" />
		<line linenr="106" indent="&#160;&#160;&#160;&#160;">
			<var>$pls</var>
			<text> </text>
			<text>=</text>
			<text> </text>
			<text>convert</text>
			<text> </text>
			<text>number</text>
			<text> </text>
			<var>$pl</var>
			<text> </text>
			<text>to</text>
			<text> </text>
			<text>string</text>
		</line>
		<line linenr="107" indent="&#160;&#160;&#160;&#160;">
			<var>$pls</var>
			<text> </text>
			<text>=</text>
			<text> </text>
			<text>sprintf</text>
			<text>:</text>
			<text> </text>
			<text>pageid</text>
			<text>=</text>
			<var>$pageid</var>
			<text> </text>
			<text>textid</text>
			<text>=</text>
			<var>39</var>
			<text>,</text>
			<text> </text>
			<var>$pls</var>
			<text>,</text>
			<text> </text>
			<var>null</var>
			<text>,</text>
			<text> </text>
			<var>null</var>
			<text>,</text>
			<text> </text>
			<var>null</var>
			<text>,</text>
			<text> </text>
			<var>null</var>
		</line>
		<line linenr="108" indent="&#160;&#160;&#160;&#160;">
			<var>$line</var>
			<text> </text>
			<text>=</text>
			<text> </text>
			<text>array</text>
			<text> </text>
			<text>alloc</text>
			<text>:</text>
			<text> </text>
			<text>size</text>
			<text>=</text>
			<var>4</var>
		</line>
		<line linenr="109" indent="&#160;&#160;&#160;&#160;">
			<var>$line</var>
			<text>[</text>
			<var>0</var>
			<text>]</text>
			<text> </text>
			<text>=</text>
			<text> </text>
			<var>1</var>
		</line>
		<line linenr="110" indent="&#160;&#160;&#160;&#160;">
			<var>$line</var>
			<text>[</text>
			<var>1</var>
			<text>]</text>
			<text> </text>
			<text>=</text>
			<text> </text>
			<var>$privcaption</var>
		</line>
		<line linenr="111" indent="&#160;&#160;&#160;&#160;">
			<var>$line</var>
			<text>[</text>
			<var>2</var>
			<text>]</text>
			<text> </text>
			<text>=</text>
			<text> </text>
			<var>100</var>
		</line>
		<line linenr="112" indent="&#160;&#160;&#160;&#160;">
			<var>$line</var>
			<text>[</text>
			<var>3</var>
			<text>]</text>
			<text> </text>
			<text>=</text>
			<text> </text>
			<var>$pls</var>
		</line>
		<line linenr="113" indent="&#160;&#160;&#160;&#160;">
			<text>add</text>
			<text> </text>
			<text>non</text>
			<text> </text>
			<text>selectable</text>
			<text> </text>
			<text>menu</text>
			<text> </text>
			<text>item</text>
			<text>:</text>
			<text> </text>
			<var>$menu</var>
			<text>,</text>
			<text> </text>
			<text>text</text>
			<text>=</text>
			<var>$line</var>
		</line>
		<line linenr="114" indent="&#160;&#160;&#160;" />
		<line linenr="115" indent="&#160;&#160;">
			<comment>* Enum station listing: display count and store menu item for later use</comment>
		</line>
		<line linenr="116" indent="&#160;">
			<var>$target.sector</var>
			<text> </text>
			<text>=</text>
			<text> </text>
			<var>$target</var>
			<text>-&gt;</text>
			<text> </text>
			<text>get</text>
			<text> </text>
			<text>sector</text>
		</line>
		<line linenr="117" indent="">
			<var>$stations</var>
			<text> </text>
			<text>=</text>
			<text> </text>
			<var>$target.sector</var>
			<text>-&gt;</text>
			<text> </text>
			<text>get</text>
			<text> </text>
			<text>station</text>
			<text> </text>
			<text>array</text>
			<text> </text>
			<text>from</text>
			<text> </text>
			<text>sector</text>
		</line>
		<line linenr="118" indent="">
			<var>$stationListing</var>
			<text> </text>
			<text>=</text>
			<text> </text>
			<text>array</text>
			<text> </text>
			<text>alloc</text>
			<text>:</text>
			<text> </text>
			<text>size</text>
			<text>=</text>
			<var>0</var>
		</line>
		<line linenr="119" indent="">
			<var>$XS.Iterator1</var>
			<text> </text>
			<text>=</text>
			<text> </text>
			<text>size</text>
			<text> </text>
			<text>of</text>
			<text> </text>
			<text>array</text>
			<text> </text>
			<var>$stations</var>
		</line>
		<line linenr="120" indent="">
			<text>while</text>
			<text> </text>
			<var>$XS.Iterator1</var>
		</line>
		<line linenr="121" indent="">
			<text>dec</text>
			<text> </text>
			<var>$XS.Iterator1</var>
		</line>
		<line linenr="122" indent="">
			<var>$station</var>
			<text> </text>
			<text>=</text>
			<text> </text>
			<var>$stations</var>
			<text>[</text>
			<var>$XS.Iterator1</var>
			<text>]</text>
		</line>
		<line linenr="123" indent="">
			<var>$station.race</var>
			<text> </text>
			<text>=</text>
			<text> </text>
			<var>$station</var>
			<text>-&gt;</text>
			<text> </text>
			<text>get</text>
			<text> </text>
			<text>owner</text>
			<text> </text>
			<text>race</text>
		</line>
		<line linenr="124" indent="">
			<var>$station.known</var>
			<text> </text>
			<text>=</text>
			<text> </text>
			<var>$station</var>
			<text>-&gt;</text>
			<text> </text>
			<text>is</text>
			<text> </text>
			<text>known</text>
		</line>
		<line linenr="125" indent="">
			<text>if</text>
			<text> </text>
			<var>$station.race</var>
			<text> </text>
			<text>!=</text>
			<text> </text>
			<var>[Kha'ak]</var>
			<text> </text>
			<text>AND</text>
			<text> </text>
			<var>$station.race</var>
			<text> </text>
			<text>!=</text>
			<text> </text>
			<var>[Xenon]</var>
			<text> </text>
			<text>AND</text>
			<text> </text>
			<var>$station.race</var>
			<text> </text>
			<text>!=</text>
			<text> </text>
			<var>[Player]</var>
			<text> </text>
			<text>AND</text>
			<text> </text>
			<var>$station</var>
			<text> </text>
			<text>!=</text>
			<text> </text>
			<var>$target</var>
			<text> </text>
			<text>AND</text>
			<text> </text>
			<var>$station.known</var>
		</line>
		<line linenr="126" indent="&#160;" interruptable="@">
			<text>if</text>
			<text> </text>
			<var>[THIS]</var>
			<text>-&gt;</text>
			<text> </text>
			<text>call</text>
			<text> </text>
			<text>script</text>
			<text> </text>
			<call>plugin.zanzal.PwnMi.checkobjectinrange</call>
			<text> </text>
			<text>:</text>
			<text> </text>
			<text>source</text>
			<text>=</text>
			<var>$target</var>
			<text> </text>
			<text>dest</text>
			<text>=</text>
			<var>$station</var>
			<text> </text>
			<text>showerror</text>
			<text>=</text>
			<var>[FALSE]</var>
		</line>
		<line linenr="127" indent="&#160;" interruptable="@">
			<var>$station.vars.ex</var>
			<text> </text>
			<text>=</text>
			<text> </text>
			<var>[THIS]</var>
			<text>-&gt;</text>
			<text> </text>
			<text>call</text>
			<text> </text>
			<text>script</text>
			<text> </text>
			<call>plugin.zanzal.PwnMi.getstationvars</call>
			<text> </text>
			<text>:</text>
			<text> </text>
			<text>target</text>
			<text>=</text>
			<var>$station</var>
		</line>
		<line linenr="128" indent="&#160;">
			<var>$station.Vars</var>
			<text> </text>
			<text>=</text>
			<text> </text>
			<var>$station.vars.ex</var>
			<text>[</text>
			<var>0</var>
			<text>]</text>
		</line>
		<line linenr="129" indent="&#160;">
			<var>$sus</var>
			<text> </text>
			<text>=</text>
			<text> </text>
			<var>$station.Vars</var>
			<text>[</text>
			<var>$IDX_SUSPICION</var>
			<text>]</text>
		</line>
		<line linenr="130" indent="&#160;">
			<text>if</text>
			<text> </text>
			<var>$sus</var>
			<text> </text>
			<text>&lt;</text>
			<text> </text>
			<var>100</var>
		</line>
		<line linenr="131" indent="&#160;&#160;">
			<var>$pl</var>
			<text> </text>
			<text>=</text>
			<text> </text>
			<var>$station.Vars</var>
			<text>[</text>
			<var>$IDX_PRIVILEGE</var>
			<text>]</text>
		</line>
		<line linenr="132" indent="&#160;">
			<var>$tier</var>
			<text> </text>
			<text>=</text>
			<text> </text>
			<var>$station.Vars</var>
			<text>[</text>
			<var>$IDX_TIER</var>
			<text>]</text>
		</line>
		<line linenr="133" indent="">
			<text>inc</text>
			<text> </text>
			<var>$tier</var>
		</line>
		<line linenr="134" indent="">
			<var>$tier</var>
			<text> </text>
			<text>=</text>
			<text> </text>
			<text>convert</text>
			<text> </text>
			<text>number</text>
			<text> </text>
			<var>$tier</var>
			<text> </text>
			<text>to</text>
			<text> </text>
			<text>string</text>
		</line>
		<line linenr="135" indent="">
			<var>$susl</var>
			<text> </text>
			<text>=</text>
			<text> </text>
			<var>$station.vars.ex</var>
			<text>[</text>
			<var>1</var>
			<text>]</text>
		</line>
		<line linenr="136" indent="">
			<var>$pls</var>
			<text> </text>
			<text>=</text>
			<text> </text>
			<text>convert</text>
			<text> </text>
			<text>number</text>
			<text> </text>
			<var>$pl</var>
			<text> </text>
			<text>to</text>
			<text> </text>
			<text>string</text>
		</line>
		<line linenr="137" indent="">
			<var>$pls</var>
			<text> </text>
			<text>=</text>
			<text> </text>
			<text>sprintf</text>
			<text>:</text>
			<text> </text>
			<text>pageid</text>
			<text>=</text>
			<var>$pageid</var>
			<text> </text>
			<text>textid</text>
			<text>=</text>
			<var>39</var>
			<text>,</text>
			<text> </text>
			<var>$pls</var>
			<text>,</text>
			<text> </text>
			<var>null</var>
			<text>,</text>
			<text> </text>
			<var>null</var>
			<text>,</text>
			<text> </text>
			<var>null</var>
			<text>,</text>
			<text> </text>
			<var>null</var>
		</line>
		<line linenr="138" indent="">
			<var>$station.name</var>
			<text> </text>
			<text>=</text>
			<text> </text>
			<var>$station</var>
			<text>-&gt;</text>
			<text> </text>
			<text>get</text>
			<text> </text>
			<text>name</text>
		</line>
		<line linenr="139" indent="">
			<var>$line</var>
			<text> </text>
			<text>=</text>
			<text> </text>
			<text>array</text>
			<text> </text>
			<text>alloc</text>
			<text>:</text>
			<text> </text>
			<text>size</text>
			<text>=</text>
			<var>8</var>
		</line>
		<line linenr="140" indent="">
			<var>$line</var>
			<text>[</text>
			<var>0</var>
			<text>]</text>
			<text> </text>
			<text>=</text>
			<text> </text>
			<var>1</var>
		</line>
		<line linenr="141" indent="">
			<var>$line</var>
			<text>[</text>
			<var>1</var>
			<text>]</text>
			<text> </text>
			<text>=</text>
			<text> </text>
			<var>$station.name</var>
		</line>
		<line linenr="142" indent="">
			<var>$line</var>
			<text>[</text>
			<var>2</var>
			<text>]</text>
			<text> </text>
			<text>=</text>
			<text> </text>
			<var>200</var>
		</line>
		<line linenr="143" indent="">
			<var>$line</var>
			<text>[</text>
			<var>3</var>
			<text>]</text>
			<text> </text>
			<text>=</text>
			<text> </text>
			<var>$susl</var>
		</line>
		<line linenr="144" indent="">
			<var>$line</var>
			<text>[</text>
			<var>4</var>
			<text>]</text>
			<text> </text>
			<text>=</text>
			<text> </text>
			<var>265</var>
		</line>
		<line linenr="145" indent="">
			<var>$line</var>
			<text>[</text>
			<var>5</var>
			<text>]</text>
			<text> </text>
			<text>=</text>
			<text> </text>
			<var>$pls</var>
		</line>
		<line linenr="146" indent="">
			<var>$line</var>
			<text>[</text>
			<var>6</var>
			<text>]</text>
			<text> </text>
			<text>=</text>
			<text> </text>
			<var>300</var>
		</line>
		<line linenr="147" indent="">
			<var>$line</var>
			<text>[</text>
			<var>7</var>
			<text>]</text>
			<text> </text>
			<text>=</text>
			<text> </text>
			<var>$tier</var>
		</line>
		<line linenr="148" indent="">
			<text>append</text>
			<text> </text>
			<var>$line</var>
			<text> </text>
			<text>to</text>
			<text> </text>
			<text>array</text>
			<text> </text>
			<var>$stationListing</var>
		</line>
		<line linenr="149" indent="">
			<text>inc</text>
			<text> </text>
			<var>$result</var>
		</line>
		<line linenr="150" indent="">
			<text>end</text>
		</line>
		<line linenr="151" indent="">
			<text>end</text>
		</line>
		<line linenr="152" indent="">
			<text>end</text>
		</line>
		<line linenr="153" indent="">
			<text>end</text>
		</line>
		<line linenr="154" indent="" />
		<line linenr="155" indent="">
			<var>$count</var>
			<text> </text>
			<text>=</text>
			<text> </text>
			<text>size</text>
			<text> </text>
			<text>of</text>
			<text> </text>
			<text>array</text>
			<text> </text>
			<var>$stationListing</var>
		</line>
		<line linenr="156" indent="">
			<var>$counts</var>
			<text> </text>
			<text>=</text>
			<text> </text>
			<text>convert</text>
			<text> </text>
			<text>number</text>
			<text> </text>
			<var>$count</var>
			<text> </text>
			<text>to</text>
			<text> </text>
			<text>string</text>
		</line>
		<line linenr="157" indent="">
			<var>$counts</var>
			<text> </text>
			<text>=</text>
			<text> </text>
			<text>sprintf</text>
			<text>:</text>
			<text> </text>
			<text>pageid</text>
			<text>=</text>
			<var>$pageid</var>
			<text> </text>
			<text>textid</text>
			<text>=</text>
			<var>39</var>
			<text>,</text>
			<text> </text>
			<var>$count</var>
			<text>,</text>
			<text> </text>
			<var>null</var>
			<text>,</text>
			<text> </text>
			<var>null</var>
			<text>,</text>
			<text> </text>
			<var>null</var>
			<text>,</text>
			<text> </text>
			<var>null</var>
		</line>
		<line linenr="158" indent="">
			<var>$line</var>
			<text> </text>
			<text>=</text>
			<text> </text>
			<text>array</text>
			<text> </text>
			<text>alloc</text>
			<text>:</text>
			<text> </text>
			<text>size</text>
			<text>=</text>
			<var>4</var>
		</line>
		<line linenr="159" indent="">
			<var>$line</var>
			<text>[</text>
			<var>0</var>
			<text>]</text>
			<text> </text>
			<text>=</text>
			<text> </text>
			<var>1</var>
		</line>
		<line linenr="160" indent="">
			<var>$line</var>
			<text>[</text>
			<var>1</var>
			<text>]</text>
			<text> </text>
			<text>=</text>
			<text> </text>
			<var>$statinrangecaption</var>
		</line>
		<line linenr="161" indent="">
			<var>$line</var>
			<text>[</text>
			<var>2</var>
			<text>]</text>
			<text> </text>
			<text>=</text>
			<text> </text>
			<var>100</var>
		</line>
		<line linenr="162" indent="">
			<var>$line</var>
			<text>[</text>
			<var>3</var>
			<text>]</text>
			<text> </text>
			<text>=</text>
			<text> </text>
			<var>$counts</var>
		</line>
		<line linenr="163" indent="">
			<text>add</text>
			<text> </text>
			<text>non</text>
			<text> </text>
			<text>selectable</text>
			<text> </text>
			<text>menu</text>
			<text> </text>
			<text>item</text>
			<text>:</text>
			<text> </text>
			<var>$menu</var>
			<text>,</text>
			<text> </text>
			<text>text</text>
			<text>=</text>
			<var>$line</var>
		</line>
		<line linenr="164" indent="" />
		<line linenr="165" indent="">
			<text>if</text>
			<text> </text>
			<var>$count</var>
			<text> </text>
			<text>&gt;</text>
			<text> </text>
			<var>0</var>
		</line>
		<line linenr="166" indent="">
			<comment>* Section: Stations within range</comment>
		</line>
		<line linenr="167" indent="">
			<var>$line</var>
			<text> </text>
			<text>=</text>
			<text> </text>
			<text>array</text>
			<text> </text>
			<text>alloc</text>
			<text>:</text>
			<text> </text>
			<text>size</text>
			<text>=</text>
			<var>8</var>
		</line>
		<line linenr="168" indent="">
			<var>$line</var>
			<text>[</text>
			<var>0</var>
			<text>]</text>
			<text> </text>
			<text>=</text>
			<text> </text>
			<var>1</var>
		</line>
		<line linenr="169" indent="">
			<var>$line</var>
			<text>[</text>
			<var>1</var>
			<text>]</text>
			<text> </text>
			<text>=</text>
			<text> </text>
			<var>$stationcaption</var>
		</line>
		<line linenr="170" indent="">
			<var>$line</var>
			<text>[</text>
			<var>2</var>
			<text>]</text>
			<text> </text>
			<text>=</text>
			<text> </text>
			<var>200</var>
		</line>
		<line linenr="171" indent="">
			<var>$line</var>
			<text>[</text>
			<var>3</var>
			<text>]</text>
			<text> </text>
			<text>=</text>
			<text> </text>
			<var>$suslevelcaption</var>
		</line>
		<line linenr="172" indent="">
			<var>$line</var>
			<text>[</text>
			<var>4</var>
			<text>]</text>
			<text> </text>
			<text>=</text>
			<text> </text>
			<var>265</var>
		</line>
		<line linenr="173" indent="">
			<var>$line</var>
			<text>[</text>
			<var>5</var>
			<text>]</text>
			<text> </text>
			<text>=</text>
			<text> </text>
			<var>$privcaption</var>
		</line>
		<line linenr="174" indent="">
			<var>$line</var>
			<text>[</text>
			<var>6</var>
			<text>]</text>
			<text> </text>
			<text>=</text>
			<text> </text>
			<var>300</var>
		</line>
		<line linenr="175" indent="">
			<var>$line</var>
			<text>[</text>
			<var>7</var>
			<text>]</text>
			<text> </text>
			<text>=</text>
			<text> </text>
			<var>$tiercaption</var>
		</line>
		<line linenr="176" indent="">
			<text>add</text>
			<text> </text>
			<text>section</text>
			<text> </text>
			<text>to</text>
			<text> </text>
			<text>custom</text>
			<text> </text>
			<text>menu</text>
			<text>:</text>
			<text> </text>
			<var>$menu</var>
		</line>
		<line linenr="177" indent="">
			<text>add</text>
			<text> </text>
			<text>custom</text>
			<text> </text>
			<text>menu</text>
			<text> </text>
			<text>heading</text>
			<text> </text>
			<text>to</text>
			<text> </text>
			<text>array</text>
			<text> </text>
			<var>$menu</var>
			<text>:</text>
			<text> </text>
			<text>title</text>
			<text>=</text>
			<var>$line</var>
		</line>
		<line linenr="178" indent="">
			<var>$XS.Iterator2</var>
			<text> </text>
			<text>=</text>
			<text> </text>
			<text>size</text>
			<text> </text>
			<text>of</text>
			<text> </text>
			<text>array</text>
			<text> </text>
			<var>$stationListing</var>
		</line>
		<line linenr="179" indent="">
			<text>while</text>
			<text> </text>
			<var>$XS.Iterator2</var>
		</line>
		<line linenr="180" indent="">
			<text>dec</text>
			<text> </text>
			<var>$XS.Iterator2</var>
		</line>
		<line linenr="181" indent="">
			<var>$stationLine</var>
			<text> </text>
			<text>=</text>
			<text> </text>
			<var>$stationListing</var>
			<text>[</text>
			<var>$XS.Iterator2</var>
			<text>]</text>
		</line>
		<line linenr="182" indent="">
			<text>add</text>
			<text> </text>
			<text>non</text>
			<text> </text>
			<text>selectable</text>
			<text> </text>
			<text>menu</text>
			<text> </text>
			<text>item</text>
			<text>:</text>
			<text> </text>
			<var>$menu</var>
			<text>,</text>
			<text> </text>
			<text>text</text>
			<text>=</text>
			<var>$stationLine</var>
		</line>
		<line linenr="183" indent="">
			<text>end</text>
		</line>
		<line linenr="184" indent="">
			<text>end</text>
		</line>
		<line linenr="185" indent="" />
		<line linenr="186" indent="">
			<text>return</text>
			<text> </text>
			<var>$result</var>
		</line>
	</sourcetext>
	<codearray>
		<sval type="array" size="10">
			<sval type="string" val="plugin.zanzal.PwnMi.stdtargetmenu" />
			<sval type="int" val="50" />
			<sval type="string" val="" />
			<sval type="int" val="1" />
			<sval type="int" val="0" />
			<sval type="array" size="49">
				<sval type="string" val="target" />
				<sval type="string" val="menu" />
				<sval type="string" val="pageid" />
				<sval type="string" val="IDX_PRIVILEGE" />
				<sval type="string" val="IDX_SUSPICION" />
				<sval type="string" val="IDX_SLUSH_FUND" />
				<sval type="string" val="IDX_BALANCE" />
				<sval type="string" val="IDX_TIER" />
				<sval type="string" val="IDX_FAKEID" />
				<sval type="string" val="IDX_FAKENAME" />
				<sval type="string" val="IDX_INPROGRESS" />
				<sval type="string" val="result" />
				<sval type="string" val="target.name" />
				<sval type="string" val="sector" />
				<sval type="string" val="sector.name" />
				<sval type="string" val="station.vars.ex" />
				<sval type="string" val="station.Vars" />
				<sval type="string" val="pl" />
				<sval type="string" val="susl" />
				<sval type="string" val="susd" />
				<sval type="string" val="tier" />
				<sval type="string" val="maintype" />
				<sval type="string" val="subtype" />
				<sval type="string" val="susheading" />
				<sval type="string" val="XStudio.Hidden" />
				<sval type="string" val="stationcaption" />
				<sval type="string" val="sectorcaption" />
				<sval type="string" val="suslevelcaption" />
				<sval type="string" val="privcaption" />
				<sval type="string" val="statinrangecaption" />
				<sval type="string" val="tiercaption" />
				<sval type="string" val="fakeidcaption" />
				<sval type="string" val="slushfundcaption" />
				<sval type="string" val="line" />
				<sval type="string" val="fakename" />
				<sval type="string" val="pls" />
				<sval type="string" val="target.sector" />
				<sval type="string" val="stations" />
				<sval type="string" val="stationListing" />
				<sval type="string" val="station" />
				<sval type="string" val="XS.Iterator1" />
				<sval type="string" val="station.race" />
				<sval type="string" val="station.known" />
				<sval type="string" val="sus" />
				<sval type="string" val="station.name" />
				<sval type="string" val="count" />
				<sval type="string" val="counts" />
				<sval type="string" val="stationLine" />
				<sval type="string" val="XS.Iterator2" />
			</sval>
			<sval type="array" size="141">
				<sval type="array" size="7">
					<sval type="int" val="104" />
					<sval type="int" val="2" />
					<sval type="int" val="1" />
					<sval type="int" val="4" />
					<sval type="int" val="8102" />
					<sval type="int" val="1" />
					<sval type="int" val="-1" />
				</sval>
				<sval type="array" size="7">
					<sval type="int" val="104" />
					<sval type="int" val="3" />
					<sval type="int" val="1" />
					<sval type="int" val="4" />
					<sval type="int" val="0" />
					<sval type="int" val="1" />
					<sval type="int" val="-1" />
				</sval>
				<sval type="array" size="7">
					<sval type="int" val="104" />
					<sval type="int" val="4" />
					<sval type="int" val="1" />
					<sval type="int" val="4" />
					<sval type="int" val="1" />
					<sval type="int" val="1" />
					<sval type="int" val="-1" />
				</sval>
				<sval type="array" size="7">
					<sval type="int" val="104" />
					<sval type="int" val="5" />
					<sval type="int" val="1" />
					<sval type="int" val="4" />
					<sval type="int" val="2" />
					<sval type="int" val="1" />
					<sval type="int" val="-1" />
				</sval>
				<sval type="array" size="7">
					<sval type="int" val="104" />
					<sval type="int" val="6" />
					<sval type="int" val="1" />
					<sval type="int" val="4" />
					<sval type="int" val="3" />
					<sval type="int" val="1" />
					<sval type="int" val="-1" />
				</sval>
				<sval type="array" size="7">
					<sval type="int" val="104" />
					<sval type="int" val="7" />
					<sval type="int" val="1" />
					<sval type="int" val="4" />
					<sval type="int" val="5" />
					<sval type="int" val="1" />
					<sval type="int" val="-1" />
				</sval>
				<sval type="array" size="7">
					<sval type="int" val="104" />
					<sval type="int" val="8" />
					<sval type="int" val="1" />
					<sval type="int" val="4" />
					<sval type="int" val="6" />
					<sval type="int" val="1" />
					<sval type="int" val="-1" />
				</sval>
				<sval type="array" size="7">
					<sval type="int" val="104" />
					<sval type="int" val="9" />
					<sval type="int" val="1" />
					<sval type="int" val="4" />
					<sval type="int" val="7" />
					<sval type="int" val="1" />
					<sval type="int" val="-1" />
				</sval>
				<sval type="array" size="7">
					<sval type="int" val="104" />
					<sval type="int" val="10" />
					<sval type="int" val="1" />
					<sval type="int" val="4" />
					<sval type="int" val="8" />
					<sval type="int" val="1" />
					<sval type="int" val="-1" />
				</sval>
				<sval type="array" size="7">
					<sval type="int" val="104" />
					<sval type="int" val="11" />
					<sval type="int" val="1" />
					<sval type="int" val="4" />
					<sval type="int" val="0" />
					<sval type="int" val="1" />
					<sval type="int" val="-1" />
				</sval>
				<sval type="array" size="4">
					<sval type="int" val="1028" />
					<sval type="int" val="131074" />
					<sval type="int" val="0" />
					<sval type="int" val="12" />
				</sval>
				<sval type="array" size="4">
					<sval type="int" val="703" />
					<sval type="int" val="131074" />
					<sval type="int" val="0" />
					<sval type="int" val="13" />
				</sval>
				<sval type="array" size="4">
					<sval type="int" val="1028" />
					<sval type="int" val="131074" />
					<sval type="int" val="13" />
					<sval type="int" val="14" />
				</sval>
				<sval type="array" size="8">
					<sval type="int" val="102" />
					<sval type="string" val="plugin.zanzal.PwnMi.getstationvars" />
					<sval type="int" val="15" />
					<sval type="int" val="131075" />
					<sval type="int" val="1" />
					<sval type="int" val="1" />
					<sval type="int" val="131074" />
					<sval type="int" val="0" />
				</sval>
				<sval type="array" size="6">
					<sval type="int" val="129" />
					<sval type="int" val="16" />
					<sval type="int" val="131074" />
					<sval type="int" val="15" />
					<sval type="int" val="4" />
					<sval type="int" val="0" />
				</sval>
				<sval type="array" size="6">
					<sval type="int" val="129" />
					<sval type="int" val="17" />
					<sval type="int" val="131074" />
					<sval type="int" val="16" />
					<sval type="int" val="131074" />
					<sval type="int" val="3" />
				</sval>
				<sval type="array" size="6">
					<sval type="int" val="129" />
					<sval type="int" val="18" />
					<sval type="int" val="131074" />
					<sval type="int" val="15" />
					<sval type="int" val="4" />
					<sval type="int" val="1" />
				</sval>
				<sval type="array" size="6">
					<sval type="int" val="129" />
					<sval type="int" val="19" />
					<sval type="int" val="131074" />
					<sval type="int" val="15" />
					<sval type="int" val="4" />
					<sval type="int" val="2" />
				</sval>
				<sval type="array" size="6">
					<sval type="int" val="129" />
					<sval type="int" val="20" />
					<sval type="int" val="131074" />
					<sval type="int" val="16" />
					<sval type="int" val="131074" />
					<sval type="int" val="7" />
				</sval>
				<sval type="array" size="2">
					<sval type="int" val="142" />
					<sval type="int" val="20" />
				</sval>
				<sval type="array" size="4">
					<sval type="int" val="1474" />
					<sval type="int" val="20" />
					<sval type="int" val="131074" />
					<sval type="int" val="20" />
				</sval>
				<sval type="array" size="4">
					<sval type="int" val="659" />
					<sval type="int" val="131074" />
					<sval type="int" val="0" />
					<sval type="int" val="21" />
				</sval>
				<sval type="array" size="4">
					<sval type="int" val="660" />
					<sval type="int" val="131074" />
					<sval type="int" val="0" />
					<sval type="int" val="22" />
				</sval>
				<sval type="array" size="37">
					<sval type="int" val="104" />
					<sval type="int" val="20" />
					<sval type="int" val="11" />
					<sval type="int" val="131074" />
					<sval type="int" val="20" />
					<sval type="int" val="5" />
					<sval type="string" val=" [" />
					<sval type="int" val="15" />
					<sval type="int" val="11" />
					<sval type="int" val="131074" />
					<sval type="int" val="21" />
					<sval type="int" val="15" />
					<sval type="int" val="11" />
					<sval type="int" val="5" />
					<sval type="string" val=":" />
					<sval type="int" val="15" />
					<sval type="int" val="11" />
					<sval type="int" val="131074" />
					<sval type="int" val="22" />
					<sval type="int" val="15" />
					<sval type="int" val="11" />
					<sval type="int" val="5" />
					<sval type="string" val="]" />
					<sval type="int" val="15" />
					<sval type="int" val="11" />
					<sval type="int" val="11" />
					<sval type="int" val="-1" />
					<sval type="int" val="11" />
					<sval type="int" val="-2" />
					<sval type="int" val="11" />
					<sval type="int" val="-4" />
					<sval type="int" val="11" />
					<sval type="int" val="-6" />
					<sval type="int" val="11" />
					<sval type="int" val="-8" />
					<sval type="int" val="11" />
					<sval type="int" val="-10" />
				</sval>
				<sval type="array" size="5">
					<sval type="int" val="1448" />
					<sval type="int" val="131074" />
					<sval type="int" val="1" />
					<sval type="int" val="0" />
					<sval type="int" val="0" />
				</sval>
				<sval type="array" size="5">
					<sval type="int" val="1446" />
					<sval type="int" val="131074" />
					<sval type="int" val="1" />
					<sval type="int" val="131074" />
					<sval type="int" val="19" />
				</sval>
				<sval type="array" size="3">
					<sval type="int" val="1522" />
					<sval type="int" val="131074" />
					<sval type="int" val="1" />
				</sval>
				<sval type="array" size="6">
					<sval type="int" val="126" />
					<sval type="int" val="23" />
					<sval type="int" val="131074" />
					<sval type="int" val="2" />
					<sval type="int" val="4" />
					<sval type="int" val="37" />
				</sval>
				<sval type="array" size="6">
					<sval type="int" val="126" />
					<sval type="int" val="24" />
					<sval type="int" val="131074" />
					<sval type="int" val="2" />
					<sval type="int" val="4" />
					<sval type="int" val="37" />
				</sval>
				<sval type="array" size="5">
					<sval type="int" val="1448" />
					<sval type="int" val="131074" />
					<sval type="int" val="1" />
					<sval type="int" val="131074" />
					<sval type="int" val="24" />
				</sval>
				<sval type="array" size="6">
					<sval type="int" val="126" />
					<sval type="int" val="25" />
					<sval type="int" val="4" />
					<sval type="int" val="2006" />
					<sval type="int" val="4" />
					<sval type="int" val="2016" />
				</sval>
				<sval type="array" size="6">
					<sval type="int" val="126" />
					<sval type="int" val="26" />
					<sval type="int" val="4" />
					<sval type="int" val="35" />
					<sval type="int" val="4" />
					<sval type="int" val="715" />
				</sval>
				<sval type="array" size="6">
					<sval type="int" val="126" />
					<sval type="int" val="27" />
					<sval type="int" val="131074" />
					<sval type="int" val="2" />
					<sval type="int" val="4" />
					<sval type="int" val="34" />
				</sval>
				<sval type="array" size="6">
					<sval type="int" val="126" />
					<sval type="int" val="28" />
					<sval type="int" val="131074" />
					<sval type="int" val="2" />
					<sval type="int" val="4" />
					<sval type="int" val="38" />
				</sval>
				<sval type="array" size="6">
					<sval type="int" val="126" />
					<sval type="int" val="29" />
					<sval type="int" val="131074" />
					<sval type="int" val="2" />
					<sval type="int" val="4" />
					<sval type="int" val="36" />
				</sval>
				<sval type="array" size="6">
					<sval type="int" val="126" />
					<sval type="int" val="30" />
					<sval type="int" val="131074" />
					<sval type="int" val="2" />
					<sval type="int" val="4" />
					<sval type="int" val="78" />
				</sval>
				<sval type="array" size="6">
					<sval type="int" val="126" />
					<sval type="int" val="31" />
					<sval type="int" val="131074" />
					<sval type="int" val="2" />
					<sval type="int" val="4" />
					<sval type="int" val="101" />
				</sval>
				<sval type="array" size="6">
					<sval type="int" val="126" />
					<sval type="int" val="32" />
					<sval type="int" val="131074" />
					<sval type="int" val="2" />
					<sval type="int" val="4" />
					<sval type="int" val="116" />
				</sval>
				<sval type="array" size="4">
					<sval type="int" val="128" />
					<sval type="int" val="33" />
					<sval type="int" val="4" />
					<sval type="int" val="4" />
				</sval>
				<sval type="array" size="7">
					<sval type="int" val="130" />
					<sval type="int" val="131074" />
					<sval type="int" val="33" />
					<sval type="int" val="4" />
					<sval type="int" val="0" />
					<sval type="int" val="4" />
					<sval type="int" val="1" />
				</sval>
				<sval type="array" size="7">
					<sval type="int" val="130" />
					<sval type="int" val="131074" />
					<sval type="int" val="33" />
					<sval type="int" val="4" />
					<sval type="int" val="1" />
					<sval type="int" val="131074" />
					<sval type="int" val="25" />
				</sval>
				<sval type="array" size="7">
					<sval type="int" val="130" />
					<sval type="int" val="131074" />
					<sval type="int" val="33" />
					<sval type="int" val="4" />
					<sval type="int" val="2" />
					<sval type="int" val="4" />
					<sval type="int" val="100" />
				</sval>
				<sval type="array" size="7">
					<sval type="int" val="130" />
					<sval type="int" val="131074" />
					<sval type="int" val="33" />
					<sval type="int" val="4" />
					<sval type="int" val="3" />
					<sval type="int" val="131074" />
					<sval type="int" val="12" />
				</sval>
				<sval type="array" size="5">
					<sval type="int" val="1556" />
					<sval type="int" val="131074" />
					<sval type="int" val="1" />
					<sval type="int" val="131074" />
					<sval type="int" val="33" />
				</sval>
				<sval type="array" size="4">
					<sval type="int" val="128" />
					<sval type="int" val="33" />
					<sval type="int" val="4" />
					<sval type="int" val="4" />
				</sval>
				<sval type="array" size="7">
					<sval type="int" val="130" />
					<sval type="int" val="131074" />
					<sval type="int" val="33" />
					<sval type="int" val="4" />
					<sval type="int" val="0" />
					<sval type="int" val="4" />
					<sval type="int" val="1" />
				</sval>
				<sval type="array" size="7">
					<sval type="int" val="130" />
					<sval type="int" val="131074" />
					<sval type="int" val="33" />
					<sval type="int" val="4" />
					<sval type="int" val="1" />
					<sval type="int" val="131074" />
					<sval type="int" val="26" />
				</sval>
				<sval type="array" size="7">
					<sval type="int" val="130" />
					<sval type="int" val="131074" />
					<sval type="int" val="33" />
					<sval type="int" val="4" />
					<sval type="int" val="2" />
					<sval type="int" val="4" />
					<sval type="int" val="100" />
				</sval>
				<sval type="array" size="7">
					<sval type="int" val="130" />
					<sval type="int" val="131074" />
					<sval type="int" val="33" />
					<sval type="int" val="4" />
					<sval type="int" val="3" />
					<sval type="int" val="131074" />
					<sval type="int" val="14" />
				</sval>
				<sval type="array" size="5">
					<sval type="int" val="1556" />
					<sval type="int" val="131074" />
					<sval type="int" val="1" />
					<sval type="int" val="131074" />
					<sval type="int" val="33" />
				</sval>
				<sval type="array" size="4">
					<sval type="int" val="128" />
					<sval type="int" val="33" />
					<sval type="int" val="4" />
					<sval type="int" val="4" />
				</sval>
				<sval type="array" size="7">
					<sval type="int" val="130" />
					<sval type="int" val="131074" />
					<sval type="int" val="33" />
					<sval type="int" val="4" />
					<sval type="int" val="0" />
					<sval type="int" val="4" />
					<sval type="int" val="1" />
				</sval>
				<sval type="array" size="7">
					<sval type="int" val="130" />
					<sval type="int" val="131074" />
					<sval type="int" val="33" />
					<sval type="int" val="4" />
					<sval type="int" val="1" />
					<sval type="int" val="131074" />
					<sval type="int" val="27" />
				</sval>
				<sval type="array" size="7">
					<sval type="int" val="130" />
					<sval type="int" val="131074" />
					<sval type="int" val="33" />
					<sval type="int" val="4" />
					<sval type="int" val="2" />
					<sval type="int" val="4" />
					<sval type="int" val="100" />
				</sval>
				<sval type="array" size="7">
					<sval type="int" val="130" />
					<sval type="int" val="131074" />
					<sval type="int" val="33" />
					<sval type="int" val="4" />
					<sval type="int" val="3" />
					<sval type="int" val="131074" />
					<sval type="int" val="18" />
				</sval>
				<sval type="array" size="5">
					<sval type="int" val="1556" />
					<sval type="int" val="131074" />
					<sval type="int" val="1" />
					<sval type="int" val="131074" />
					<sval type="int" val="33" />
				</sval>
				<sval type="array" size="4">
					<sval type="int" val="128" />
					<sval type="int" val="33" />
					<sval type="int" val="4" />
					<sval type="int" val="4" />
				</sval>
				<sval type="array" size="7">
					<sval type="int" val="130" />
					<sval type="int" val="131074" />
					<sval type="int" val="33" />
					<sval type="int" val="4" />
					<sval type="int" val="0" />
					<sval type="int" val="4" />
					<sval type="int" val="1" />
				</sval>
				<sval type="array" size="7">
					<sval type="int" val="130" />
					<sval type="int" val="131074" />
					<sval type="int" val="33" />
					<sval type="int" val="4" />
					<sval type="int" val="1" />
					<sval type="int" val="131074" />
					<sval type="int" val="30" />
				</sval>
				<sval type="array" size="7">
					<sval type="int" val="130" />
					<sval type="int" val="131074" />
					<sval type="int" val="33" />
					<sval type="int" val="4" />
					<sval type="int" val="2" />
					<sval type="int" val="4" />
					<sval type="int" val="100" />
				</sval>
				<sval type="array" size="7">
					<sval type="int" val="130" />
					<sval type="int" val="131074" />
					<sval type="int" val="33" />
					<sval type="int" val="4" />
					<sval type="int" val="3" />
					<sval type="int" val="131074" />
					<sval type="int" val="20" />
				</sval>
				<sval type="array" size="5">
					<sval type="int" val="1556" />
					<sval type="int" val="131074" />
					<sval type="int" val="1" />
					<sval type="int" val="131074" />
					<sval type="int" val="33" />
				</sval>
				<sval type="array" size="6">
					<sval type="int" val="129" />
					<sval type="int" val="-1610594813" />
					<sval type="int" val="131074" />
					<sval type="int" val="16" />
					<sval type="int" val="131074" />
					<sval type="int" val="8" />
				</sval>
				<sval type="array" size="6">
					<sval type="int" val="129" />
					<sval type="int" val="34" />
					<sval type="int" val="131074" />
					<sval type="int" val="16" />
					<sval type="int" val="131074" />
					<sval type="int" val="9" />
				</sval>
				<sval type="array" size="4">
					<sval type="int" val="128" />
					<sval type="int" val="33" />
					<sval type="int" val="4" />
					<sval type="int" val="4" />
				</sval>
				<sval type="array" size="7">
					<sval type="int" val="130" />
					<sval type="int" val="131074" />
					<sval type="int" val="33" />
					<sval type="int" val="4" />
					<sval type="int" val="0" />
					<sval type="int" val="4" />
					<sval type="int" val="1" />
				</sval>
				<sval type="array" size="7">
					<sval type="int" val="130" />
					<sval type="int" val="131074" />
					<sval type="int" val="33" />
					<sval type="int" val="4" />
					<sval type="int" val="1" />
					<sval type="int" val="131074" />
					<sval type="int" val="31" />
				</sval>
				<sval type="array" size="7">
					<sval type="int" val="130" />
					<sval type="int" val="131074" />
					<sval type="int" val="33" />
					<sval type="int" val="4" />
					<sval type="int" val="2" />
					<sval type="int" val="4" />
					<sval type="int" val="100" />
				</sval>
				<sval type="array" size="7">
					<sval type="int" val="130" />
					<sval type="int" val="131074" />
					<sval type="int" val="33" />
					<sval type="int" val="4" />
					<sval type="int" val="3" />
					<sval type="int" val="131074" />
					<sval type="int" val="34" />
				</sval>
				<sval type="array" size="5">
					<sval type="int" val="1556" />
					<sval type="int" val="131074" />
					<sval type="int" val="1" />
					<sval type="int" val="131074" />
					<sval type="int" val="33" />
				</sval>
				<sval type="array" size="4">
					<sval type="int" val="1474" />
					<sval type="int" val="35" />
					<sval type="int" val="131074" />
					<sval type="int" val="17" />
				</sval>
				<sval type="array" size="16">
					<sval type="int" val="150" />
					<sval type="int" val="35" />
					<sval type="int" val="131074" />
					<sval type="int" val="2" />
					<sval type="int" val="4" />
					<sval type="int" val="39" />
					<sval type="int" val="131074" />
					<sval type="int" val="35" />
					<sval type="int" val="0" />
					<sval type="int" val="0" />
					<sval type="int" val="0" />
					<sval type="int" val="0" />
					<sval type="int" val="0" />
					<sval type="int" val="0" />
					<sval type="int" val="0" />
					<sval type="int" val="0" />
				</sval>
				<sval type="array" size="4">
					<sval type="int" val="128" />
					<sval type="int" val="33" />
					<sval type="int" val="4" />
					<sval type="int" val="4" />
				</sval>
				<sval type="array" size="7">
					<sval type="int" val="130" />
					<sval type="int" val="131074" />
					<sval type="int" val="33" />
					<sval type="int" val="4" />
					<sval type="int" val="0" />
					<sval type="int" val="4" />
					<sval type="int" val="1" />
				</sval>
				<sval type="array" size="7">
					<sval type="int" val="130" />
					<sval type="int" val="131074" />
					<sval type="int" val="33" />
					<sval type="int" val="4" />
					<sval type="int" val="1" />
					<sval type="int" val="131074" />
					<sval type="int" val="28" />
				</sval>
				<sval type="array" size="7">
					<sval type="int" val="130" />
					<sval type="int" val="131074" />
					<sval type="int" val="33" />
					<sval type="int" val="4" />
					<sval type="int" val="2" />
					<sval type="int" val="4" />
					<sval type="int" val="100" />
				</sval>
				<sval type="array" size="7">
					<sval type="int" val="130" />
					<sval type="int" val="131074" />
					<sval type="int" val="33" />
					<sval type="int" val="4" />
					<sval type="int" val="3" />
					<sval type="int" val="131074" />
					<sval type="int" val="35" />
				</sval>
				<sval type="array" size="5">
					<sval type="int" val="1556" />
					<sval type="int" val="131074" />
					<sval type="int" val="1" />
					<sval type="int" val="131074" />
					<sval type="int" val="33" />
				</sval>
				<sval type="array" size="4">
					<sval type="int" val="703" />
					<sval type="int" val="131074" />
					<sval type="int" val="0" />
					<sval type="int" val="36" />
				</sval>
				<sval type="array" size="4">
					<sval type="int" val="1009" />
					<sval type="int" val="131074" />
					<sval type="int" val="36" />
					<sval type="int" val="37" />
				</sval>
				<sval type="array" size="4">
					<sval type="int" val="128" />
					<sval type="int" val="38" />
					<sval type="int" val="4" />
					<sval type="int" val="0" />
				</sval>
				<sval type="array" size="4">
					<sval type="int" val="131" />
					<sval type="int" val="40" />
					<sval type="int" val="131074" />
					<sval type="int" val="37" />
				</sval>
				<sval type="array" size="7">
					<sval type="int" val="104" />
					<sval type="int" val="-1610583799" />
					<sval type="int" val="1" />
					<sval type="int" val="131074" />
					<sval type="int" val="40" />
					<sval type="int" val="1" />
					<sval type="int" val="-1" />
				</sval>
				<sval type="array" size="2">
					<sval type="int" val="143" />
					<sval type="int" val="40" />
				</sval>
				<sval type="array" size="6">
					<sval type="int" val="129" />
					<sval type="int" val="39" />
					<sval type="int" val="131074" />
					<sval type="int" val="37" />
					<sval type="int" val="131074" />
					<sval type="int" val="40" />
				</sval>
				<sval type="array" size="4">
					<sval type="int" val="701" />
					<sval type="int" val="131074" />
					<sval type="int" val="39" />
					<sval type="int" val="41" />
				</sval>
				<sval type="array" size="4">
					<sval type="int" val="1061" />
					<sval type="int" val="131074" />
					<sval type="int" val="39" />
					<sval type="int" val="42" />
				</sval>
				<sval type="array" size="55">
					<sval type="int" val="104" />
					<sval type="int" val="-1610584061" />
					<sval type="int" val="17" />
					<sval type="int" val="131074" />
					<sval type="int" val="41" />
					<sval type="int" val="10" />
					<sval type="int" val="7" />
					<sval type="int" val="15" />
					<sval type="int" val="1" />
					<sval type="int" val="131074" />
					<sval type="int" val="41" />
					<sval type="int" val="10" />
					<sval type="int" val="6" />
					<sval type="int" val="15" />
					<sval type="int" val="1" />
					<sval type="int" val="15" />
					<sval type="int" val="9" />
					<sval type="int" val="131074" />
					<sval type="int" val="41" />
					<sval type="int" val="10" />
					<sval type="int" val="10" />
					<sval type="int" val="15" />
					<sval type="int" val="1" />
					<sval type="int" val="15" />
					<sval type="int" val="9" />
					<sval type="int" val="131074" />
					<sval type="int" val="39" />
					<sval type="int" val="131074" />
					<sval type="int" val="0" />
					<sval type="int" val="15" />
					<sval type="int" val="1" />
					<sval type="int" val="15" />
					<sval type="int" val="9" />
					<sval type="int" val="131074" />
					<sval type="int" val="42" />
					<sval type="int" val="15" />
					<sval type="int" val="9" />
					<sval type="int" val="17" />
					<sval type="int" val="-1" />
					<sval type="int" val="1" />
					<sval type="int" val="-2" />
					<sval type="int" val="9" />
					<sval type="int" val="-4" />
					<sval type="int" val="1" />
					<sval type="int" val="-5" />
					<sval type="int" val="9" />
					<sval type="int" val="-8" />
					<sval type="int" val="1" />
					<sval type="int" val="-9" />
					<sval type="int" val="9" />
					<sval type="int" val="-12" />
					<sval type="int" val="1" />
					<sval type="int" val="-13" />
					<sval type="int" val="9" />
					<sval type="int" val="-16" />
				</sval>
				<sval type="array" size="12">
					<sval type="int" val="102" />
					<sval type="string" val="plugin.zanzal.PwnMi.checkobjectinrange" />
					<sval type="int" val="-1610584061" />
					<sval type="int" val="131075" />
					<sval type="int" val="1" />
					<sval type="int" val="3" />
					<sval type="int" val="131074" />
					<sval type="int" val="0" />
					<sval type="int" val="131074" />
					<sval type="int" val="39" />
					<sval type="int" val="131075" />
					<sval type="int" val="9" />
				</sval>
				<sval type="array" size="8">
					<sval type="int" val="102" />
					<sval type="string" val="plugin.zanzal.PwnMi.getstationvars" />
					<sval type="int" val="15" />
					<sval type="int" val="131075" />
					<sval type="int" val="1" />
					<sval type="int" val="1" />
					<sval type="int" val="131074" />
					<sval type="int" val="39" />
				</sval>
				<sval type="array" size="6">
					<sval type="int" val="129" />
					<sval type="int" val="16" />
					<sval type="int" val="131074" />
					<sval type="int" val="15" />
					<sval type="int" val="4" />
					<sval type="int" val="0" />
				</sval>
				<sval type="array" size="6">
					<sval type="int" val="129" />
					<sval type="int" val="43" />
					<sval type="int" val="131074" />
					<sval type="int" val="16" />
					<sval type="int" val="131074" />
					<sval type="int" val="4" />
				</sval>
				<sval type="array" size="13">
					<sval type="int" val="104" />
					<sval type="int" val="-1610584061" />
					<sval type="int" val="3" />
					<sval type="int" val="131074" />
					<sval type="int" val="43" />
					<sval type="int" val="4" />
					<sval type="int" val="100" />
					<sval type="int" val="15" />
					<sval type="int" val="3" />
					<sval type="int" val="3" />
					<sval type="int" val="-1" />
					<sval type="int" val="3" />
					<sval type="int" val="-2" />
				</sval>
				<sval type="array" size="6">
					<sval type="int" val="129" />
					<sval type="int" val="17" />
					<sval type="int" val="131074" />
					<sval type="int" val="16" />
					<sval type="int" val="131074" />
					<sval type="int" val="3" />
				</sval>
				<sval type="array" size="6">
					<sval type="int" val="129" />
					<sval type="int" val="20" />
					<sval type="int" val="131074" />
					<sval type="int" val="16" />
					<sval type="int" val="131074" />
					<sval type="int" val="7" />
				</sval>
				<sval type="array" size="2">
					<sval type="int" val="142" />
					<sval type="int" val="20" />
				</sval>
				<sval type="array" size="4">
					<sval type="int" val="1474" />
					<sval type="int" val="20" />
					<sval type="int" val="131074" />
					<sval type="int" val="20" />
				</sval>
				<sval type="array" size="6">
					<sval type="int" val="129" />
					<sval type="int" val="18" />
					<sval type="int" val="131074" />
					<sval type="int" val="15" />
					<sval type="int" val="4" />
					<sval type="int" val="1" />
				</sval>
				<sval type="array" size="4">
					<sval type="int" val="1474" />
					<sval type="int" val="35" />
					<sval type="int" val="131074" />
					<sval type="int" val="17" />
				</sval>
				<sval type="array" size="16">
					<sval type="int" val="150" />
					<sval type="int" val="35" />
					<sval type="int" val="131074" />
					<sval type="int" val="2" />
					<sval type="int" val="4" />
					<sval type="int" val="39" />
					<sval type="int" val="131074" />
					<sval type="int" val="35" />
					<sval type="int" val="0" />
					<sval type="int" val="0" />
					<sval type="int" val="0" />
					<sval type="int" val="0" />
					<sval type="int" val="0" />
					<sval type="int" val="0" />
					<sval type="int" val="0" />
					<sval type="int" val="0" />
				</sval>
				<sval type="array" size="4">
					<sval type="int" val="1028" />
					<sval type="int" val="131074" />
					<sval type="int" val="39" />
					<sval type="int" val="44" />
				</sval>
				<sval type="array" size="4">
					<sval type="int" val="128" />
					<sval type="int" val="33" />
					<sval type="int" val="4" />
					<sval type="int" val="8" />
				</sval>
				<sval type="array" size="7">
					<sval type="int" val="130" />
					<sval type="int" val="131074" />
					<sval type="int" val="33" />
					<sval type="int" val="4" />
					<sval type="int" val="0" />
					<sval type="int" val="4" />
					<sval type="int" val="1" />
				</sval>
				<sval type="array" size="7">
					<sval type="int" val="130" />
					<sval type="int" val="131074" />
					<sval type="int" val="33" />
					<sval type="int" val="4" />
					<sval type="int" val="1" />
					<sval type="int" val="131074" />
					<sval type="int" val="44" />
				</sval>
				<sval type="array" size="7">
					<sval type="int" val="130" />
					<sval type="int" val="131074" />
					<sval type="int" val="33" />
					<sval type="int" val="4" />
					<sval type="int" val="2" />
					<sval type="int" val="4" />
					<sval type="int" val="200" />
				</sval>
				<sval type="array" size="7">
					<sval type="int" val="130" />
					<sval type="int" val="131074" />
					<sval type="int" val="33" />
					<sval type="int" val="4" />
					<sval type="int" val="3" />
					<sval type="int" val="131074" />
					<sval type="int" val="18" />
				</sval>
				<sval type="array" size="7">
					<sval type="int" val="130" />
					<sval type="int" val="131074" />
					<sval type="int" val="33" />
					<sval type="int" val="4" />
					<sval type="int" val="4" />
					<sval type="int" val="4" />
					<sval type="int" val="265" />
				</sval>
				<sval type="array" size="7">
					<sval type="int" val="130" />
					<sval type="int" val="131074" />
					<sval type="int" val="33" />
					<sval type="int" val="4" />
					<sval type="int" val="5" />
					<sval type="int" val="131074" />
					<sval type="int" val="35" />
				</sval>
				<sval type="array" size="7">
					<sval type="int" val="130" />
					<sval type="int" val="131074" />
					<sval type="int" val="33" />
					<sval type="int" val="4" />
					<sval type="int" val="6" />
					<sval type="int" val="4" />
					<sval type="int" val="300" />
				</sval>
				<sval type="array" size="7">
					<sval type="int" val="130" />
					<sval type="int" val="131074" />
					<sval type="int" val="33" />
					<sval type="int" val="4" />
					<sval type="int" val="7" />
					<sval type="int" val="131074" />
					<sval type="int" val="20" />
				</sval>
				<sval type="array" size="5">
					<sval type="int" val="135" />
					<sval type="int" val="131074" />
					<sval type="int" val="38" />
					<sval type="int" val="131074" />
					<sval type="int" val="33" />
				</sval>
				<sval type="array" size="2">
					<sval type="int" val="142" />
					<sval type="int" val="11" />
				</sval>
				<sval type="array" size="2">
					<sval type="int" val="112" />
					<sval type="int" val="82" />
				</sval>
				<sval type="array" size="4">
					<sval type="int" val="131" />
					<sval type="int" val="45" />
					<sval type="int" val="131074" />
					<sval type="int" val="38" />
				</sval>
				<sval type="array" size="4">
					<sval type="int" val="1474" />
					<sval type="int" val="46" />
					<sval type="int" val="131074" />
					<sval type="int" val="45" />
				</sval>
				<sval type="array" size="16">
					<sval type="int" val="150" />
					<sval type="int" val="46" />
					<sval type="int" val="131074" />
					<sval type="int" val="2" />
					<sval type="int" val="4" />
					<sval type="int" val="39" />
					<sval type="int" val="131074" />
					<sval type="int" val="45" />
					<sval type="int" val="0" />
					<sval type="int" val="0" />
					<sval type="int" val="0" />
					<sval type="int" val="0" />
					<sval type="int" val="0" />
					<sval type="int" val="0" />
					<sval type="int" val="0" />
					<sval type="int" val="0" />
				</sval>
				<sval type="array" size="4">
					<sval type="int" val="128" />
					<sval type="int" val="33" />
					<sval type="int" val="4" />
					<sval type="int" val="4" />
				</sval>
				<sval type="array" size="7">
					<sval type="int" val="130" />
					<sval type="int" val="131074" />
					<sval type="int" val="33" />
					<sval type="int" val="4" />
					<sval type="int" val="0" />
					<sval type="int" val="4" />
					<sval type="int" val="1" />
				</sval>
				<sval type="array" size="7">
					<sval type="int" val="130" />
					<sval type="int" val="131074" />
					<sval type="int" val="33" />
					<sval type="int" val="4" />
					<sval type="int" val="1" />
					<sval type="int" val="131074" />
					<sval type="int" val="29" />
				</sval>
				<sval type="array" size="7">
					<sval type="int" val="130" />
					<sval type="int" val="131074" />
					<sval type="int" val="33" />
					<sval type="int" val="4" />
					<sval type="int" val="2" />
					<sval type="int" val="4" />
					<sval type="int" val="100" />
				</sval>
				<sval type="array" size="7">
					<sval type="int" val="130" />
					<sval type="int" val="131074" />
					<sval type="int" val="33" />
					<sval type="int" val="4" />
					<sval type="int" val="3" />
					<sval type="int" val="131074" />
					<sval type="int" val="46" />
				</sval>
				<sval type="array" size="5">
					<sval type="int" val="1556" />
					<sval type="int" val="131074" />
					<sval type="int" val="1" />
					<sval type="int" val="131074" />
					<sval type="int" val="33" />
				</sval>
				<sval type="array" size="13">
					<sval type="int" val="104" />
					<sval type="int" val="-1610576893" />
					<sval type="int" val="3" />
					<sval type="int" val="131074" />
					<sval type="int" val="45" />
					<sval type="int" val="4" />
					<sval type="int" val="0" />
					<sval type="int" val="15" />
					<sval type="int" val="2" />
					<sval type="int" val="3" />
					<sval type="int" val="-1" />
					<sval type="int" val="2" />
					<sval type="int" val="-2" />
				</sval>
				<sval type="array" size="4">
					<sval type="int" val="128" />
					<sval type="int" val="33" />
					<sval type="int" val="4" />
					<sval type="int" val="8" />
				</sval>
				<sval type="array" size="7">
					<sval type="int" val="130" />
					<sval type="int" val="131074" />
					<sval type="int" val="33" />
					<sval type="int" val="4" />
					<sval type="int" val="0" />
					<sval type="int" val="4" />
					<sval type="int" val="1" />
				</sval>
				<sval type="array" size="7">
					<sval type="int" val="130" />
					<sval type="int" val="131074" />
					<sval type="int" val="33" />
					<sval type="int" val="4" />
					<sval type="int" val="1" />
					<sval type="int" val="131074" />
					<sval type="int" val="25" />
				</sval>
				<sval type="array" size="7">
					<sval type="int" val="130" />
					<sval type="int" val="131074" />
					<sval type="int" val="33" />
					<sval type="int" val="4" />
					<sval type="int" val="2" />
					<sval type="int" val="4" />
					<sval type="int" val="200" />
				</sval>
				<sval type="array" size="7">
					<sval type="int" val="130" />
					<sval type="int" val="131074" />
					<sval type="int" val="33" />
					<sval type="int" val="4" />
					<sval type="int" val="3" />
					<sval type="int" val="131074" />
					<sval type="int" val="27" />
				</sval>
				<sval type="array" size="7">
					<sval type="int" val="130" />
					<sval type="int" val="131074" />
					<sval type="int" val="33" />
					<sval type="int" val="4" />
					<sval type="int" val="4" />
					<sval type="int" val="4" />
					<sval type="int" val="265" />
				</sval>
				<sval type="array" size="7">
					<sval type="int" val="130" />
					<sval type="int" val="131074" />
					<sval type="int" val="33" />
					<sval type="int" val="4" />
					<sval type="int" val="5" />
					<sval type="int" val="131074" />
					<sval type="int" val="28" />
				</sval>
				<sval type="array" size="7">
					<sval type="int" val="130" />
					<sval type="int" val="131074" />
					<sval type="int" val="33" />
					<sval type="int" val="4" />
					<sval type="int" val="6" />
					<sval type="int" val="4" />
					<sval type="int" val="300" />
				</sval>
				<sval type="array" size="7">
					<sval type="int" val="130" />
					<sval type="int" val="131074" />
					<sval type="int" val="33" />
					<sval type="int" val="4" />
					<sval type="int" val="7" />
					<sval type="int" val="131074" />
					<sval type="int" val="30" />
				</sval>
				<sval type="array" size="3">
					<sval type="int" val="1522" />
					<sval type="int" val="131074" />
					<sval type="int" val="1" />
				</sval>
				<sval type="array" size="5">
					<sval type="int" val="1448" />
					<sval type="int" val="131074" />
					<sval type="int" val="1" />
					<sval type="int" val="131074" />
					<sval type="int" val="33" />
				</sval>
				<sval type="array" size="4">
					<sval type="int" val="131" />
					<sval type="int" val="48" />
					<sval type="int" val="131074" />
					<sval type="int" val="38" />
				</sval>
				<sval type="array" size="7">
					<sval type="int" val="104" />
					<sval type="int" val="-1610576887" />
					<sval type="int" val="1" />
					<sval type="int" val="131074" />
					<sval type="int" val="48" />
					<sval type="int" val="1" />
					<sval type="int" val="-1" />
				</sval>
				<sval type="array" size="2">
					<sval type="int" val="143" />
					<sval type="int" val="48" />
				</sval>
				<sval type="array" size="6">
					<sval type="int" val="129" />
					<sval type="int" val="47" />
					<sval type="int" val="131074" />
					<sval type="int" val="38" />
					<sval type="int" val="131074" />
					<sval type="int" val="48" />
				</sval>
				<sval type="array" size="5">
					<sval type="int" val="1556" />
					<sval type="int" val="131074" />
					<sval type="int" val="1" />
					<sval type="int" val="131074" />
					<sval type="int" val="47" />
				</sval>
				<sval type="array" size="2">
					<sval type="int" val="112" />
					<sval type="int" val="135" />
				</sval>
				<sval type="array" size="3">
					<sval type="int" val="103" />
					<sval type="int" val="131074" />
					<sval type="int" val="11" />
				</sval>
			</sval>
			<sval type="array" size="2">
				<sval type="array" size="2">
					<sval type="int" val="12" />
					<sval type="string" val="" />
				</sval>
				<sval type="array" size="2">
					<sval type="int" val="45" />
					<sval type="string" val="" />
				</sval>
			</sval>
			<sval type="array" size="47">
				<sval type="array" size="3">
					<sval type="int" val="0" />
					<sval type="int" val="1" />
					<sval type="string" val="************************************************" />
				</sval>
				<sval type="array" size="3">
					<sval type="int" val="0" />
					<sval type="int" val="1" />
					<sval type="string" val="SCRIPT NAME: plugin.zanzal.PwnMi.stdtargetmenu" />
				</sval>
				<sval type="array" size="3">
					<sval type="int" val="0" />
					<sval type="int" val="1" />
					<sval type="string" val="DESCRIPTION:  Inserts standard $menu items based on" />
				</sval>
				<sval type="array" size="3">
					<sval type="int" val="0" />
					<sval type="int" val="1" />
					<sval type="string" val="the $target station" />
				</sval>
				<sval type="array" size="3">
					<sval type="int" val="0" />
					<sval type="int" val="1" />
					<sval type="string" val="" />
				</sval>
				<sval type="array" size="3">
					<sval type="int" val="0" />
					<sval type="int" val="1" />
					<sval type="string" val="AUTHOR:  Zanzal         DATE: 20 December 2013" />
				</sval>
				<sval type="array" size="3">
					<sval type="int" val="0" />
					<sval type="int" val="1" />
					<sval type="string" val="************************************************" />
				</sval>
				<sval type="array" size="3">
					<sval type="int" val="0" />
					<sval type="int" val="1" />
					<sval type="string" val="LICENSE: CC-BY-SA 4.0 International - http://creativecommons.org/licenses/by-sa/4.0/legalcode" />
				</sval>
				<sval type="array" size="3">
					<sval type="int" val="0" />
					<sval type="int" val="1" />
					<sval type="string" val="************************************************" />
				</sval>
				<sval type="array" size="2">
					<sval type="int" val="1" />
					<sval type="int" val="2" />
				</sval>
				<sval type="array" size="2">
					<sval type="int" val="9" />
					<sval type="int" val="2" />
				</sval>
				<sval type="array" size="2">
					<sval type="int" val="10" />
					<sval type="int" val="2" />
				</sval>
				<sval type="array" size="2">
					<sval type="int" val="13" />
					<sval type="int" val="2" />
				</sval>
				<sval type="array" size="2">
					<sval type="int" val="21" />
					<sval type="int" val="2" />
				</sval>
				<sval type="array" size="2">
					<sval type="int" val="23" />
					<sval type="int" val="2" />
				</sval>
				<sval type="array" size="2">
					<sval type="int" val="24" />
					<sval type="int" val="2" />
				</sval>
				<sval type="array" size="2">
					<sval type="int" val="26" />
					<sval type="int" val="2" />
				</sval>
				<sval type="array" size="3">
					<sval type="int" val="26" />
					<sval type="int" val="1" />
					<sval type="string" val="Section: station properties" />
				</sval>
				<sval type="array" size="2">
					<sval type="int" val="30" />
					<sval type="int" val="2" />
				</sval>
				<sval type="array" size="2">
					<sval type="int" val="38" />
					<sval type="int" val="2" />
				</sval>
				<sval type="array" size="2">
					<sval type="int" val="44" />
					<sval type="int" val="2" />
				</sval>
				<sval type="array" size="2">
					<sval type="int" val="50" />
					<sval type="int" val="2" />
				</sval>
				<sval type="array" size="2">
					<sval type="int" val="56" />
					<sval type="int" val="2" />
				</sval>
				<sval type="array" size="2">
					<sval type="int" val="62" />
					<sval type="int" val="2" />
				</sval>
				<sval type="array" size="2">
					<sval type="int" val="70" />
					<sval type="int" val="4" />
				</sval>
				<sval type="array" size="2">
					<sval type="int" val="70" />
					<sval type="int" val="2" />
				</sval>
				<sval type="array" size="3">
					<sval type="int" val="70" />
					<sval type="int" val="1" />
					<sval type="string" val="Couldn't get the sellware signal to work. Don't have time for lots of testing and debugging so" />
				</sval>
				<sval type="array" size="3">
					<sval type="int" val="70" />
					<sval type="int" val="1" />
					<sval type="string" val="this feature is canceled for now. " />
				</sval>
				<sval type="array" size="3">
					<sval type="int" val="70" />
					<sval type="int" val="1" />
					<sval type="string" val="if $station.Vars[$IDX_SLUSH_FUND]" />
				</sval>
				<sval type="array" size="3">
					<sval type="int" val="70" />
					<sval type="int" val="1" />
					<sval type="string" val="$balance = $station.Vars[$IDX_BALANCE]" />
				</sval>
				<sval type="array" size="3">
					<sval type="int" val="70" />
					<sval type="int" val="1" />
					<sval type="string" val="$balance = convert number $balance to string" />
				</sval>
				<sval type="array" size="3">
					<sval type="int" val="70" />
					<sval type="int" val="1" />
					<sval type="string" val="dim $line = 1, $slushfundcaption, 100, $balance" />
				</sval>
				<sval type="array" size="3">
					<sval type="int" val="70" />
					<sval type="int" val="1" />
					<sval type="string" val="add non selectable menu item: $menu, text=$line" />
				</sval>
				<sval type="array" size="3">
					<sval type="int" val="70" />
					<sval type="int" val="1" />
					<sval type="string" val="end" />
				</sval>
				<sval type="array" size="2">
					<sval type="int" val="70" />
					<sval type="int" val="2" />
				</sval>
				<sval type="array" size="2">
					<sval type="int" val="78" />
					<sval type="int" val="2" />
				</sval>
				<sval type="array" size="3">
					<sval type="int" val="78" />
					<sval type="int" val="1" />
					<sval type="string" val="Enum station listing: display count and store menu item for later use" />
				</sval>
				<sval type="array" size="2">
					<sval type="int" val="112" />
					<sval type="int" val="4" />
				</sval>
				<sval type="array" size="2">
					<sval type="int" val="112" />
					<sval type="int" val="4" />
				</sval>
				<sval type="array" size="2">
					<sval type="int" val="112" />
					<sval type="int" val="4" />
				</sval>
				<sval type="array" size="2">
					<sval type="int" val="113" />
					<sval type="int" val="4" />
				</sval>
				<sval type="array" size="2">
					<sval type="int" val="113" />
					<sval type="int" val="2" />
				</sval>
				<sval type="array" size="2">
					<sval type="int" val="122" />
					<sval type="int" val="2" />
				</sval>
				<sval type="array" size="3">
					<sval type="int" val="123" />
					<sval type="int" val="1" />
					<sval type="string" val="Section: Stations within range" />
				</sval>
				<sval type="array" size="2">
					<sval type="int" val="140" />
					<sval type="int" val="4" />
				</sval>
				<sval type="array" size="2">
					<sval type="int" val="140" />
					<sval type="int" val="4" />
				</sval>
				<sval type="array" size="2">
					<sval type="int" val="140" />
					<sval type="int" val="2" />
				</sval>
			</sval>
			<sval type="int" val="0" />
		</sval>
	</codearray>
</script>
