<?xml version="1.0" standalone="yes"?>
<?xml-stylesheet href="x2script.xsl" type="text/xsl"?>
<!-- Generated using X-Studio -->
<script>
	<name>plugin.zanzal.PwnMi.checkobjectinrange</name>
	<version>1</version>
	<engineversion>50</engineversion>
	<description></description>
	<arguments>
		<argument index="1" name="source" type="Var/Ship/Station" desc="" />
		<argument index="2" name="dest" type="Var/Ship/Station" desc="" />
		<argument index="3" name="showerror" type="Var/Boolean" desc="" />
	</arguments>
	<sourcetext>
		<line linenr="001" indent="">
			<comment>* ************************************************</comment>
		</line>
		<line linenr="002" indent="">
			<comment>* SCRIPT NAME: plugin.zanzal.PwnMi.checkobjectinrange.xml</comment>
		</line>
		<line linenr="003" indent="">
			<comment>* DESCRIPTION: Checks to see if objects are within the Hacking</comment>
		</line>
		<line linenr="004" indent="">
			<comment>* Comm Range of each other.</comment>
		</line>
		<line linenr="005" indent="">
			<comment>* </comment>
		</line>
		<line linenr="006" indent="">
			<comment>* AUTHOR:  Zanzal         DATE: 15 December 2013</comment>
		</line>
		<line linenr="007" indent="">
			<comment>* ************************************************</comment>
		</line>
		<line linenr="008" indent="">
			<comment>* LICENSE: CC-BY-SA 4.0 International - http://creativecommons.org/licenses/by-sa/4.0/legalcode</comment>
		</line>
		<line linenr="009" indent="">
			<comment>* ************************************************</comment>
		</line>
		<line linenr="010" indent="" />
		<line linenr="011" indent="">
			<var>$pageid</var>
			<text> </text>
			<text>=</text>
			<text> </text>
			<var>8102</var>
		</line>
		<line linenr="012" indent="" />
		<line linenr="013" indent="">
			<var>$plugin.Vars</var>
			<text> </text>
			<text>=</text>
			<text> </text>
			<text>get</text>
			<text> </text>
			<text>global</text>
			<text> </text>
			<text>variable</text>
			<text>:</text>
			<text> </text>
			<text>name</text>
			<text>=</text>
			<text>'al.plugin.zanzal.PwnMi.main'</text>
		</line>
		<line linenr="014" indent="">
			<var>$distance</var>
			<text> </text>
			<text>=</text>
			<text> </text>
			<text>get</text>
			<text> </text>
			<text>distance</text>
			<text> </text>
			<text>between</text>
			<text> </text>
			<var>$source</var>
			<text> </text>
			<text>and</text>
			<text> </text>
			<var>$dest</var>
		</line>
		<line linenr="015" indent="">
			<var>$hackingrange</var>
			<text> </text>
			<text>=</text>
			<text> </text>
			<var>$plugin.Vars</var>
			<text>[</text>
			<var>5</var>
			<text>]</text>
		</line>
		<line linenr="016" indent="" />
		<line linenr="017" indent="">
			<text>if</text>
			<text> </text>
			<var>$distance</var>
			<text> </text>
			<text>&gt;</text>
			<text> </text>
			<var>$hackingrange</var>
		</line>
		<line linenr="018" indent="&#160;">
			<text>if</text>
			<text> </text>
			<var>$showerror</var>
		</line>
		<line linenr="019" indent="&#160;&#160;">
			<var>$msg</var>
			<text> </text>
			<text>=</text>
			<text> </text>
			<text>read</text>
			<text> </text>
			<text>text</text>
			<text>:</text>
			<text> </text>
			<text>page</text>
			<text>=</text>
			<var>13</var>
			<text> </text>
			<text>id</text>
			<text>=</text>
			<var>36</var>
		</line>
		<line linenr="020" indent="&#160;&#160;">
			<text>display</text>
			<text> </text>
			<text>subtitle</text>
			<text> </text>
			<text>text</text>
			<text>:</text>
			<text> </text>
			<text>text</text>
			<text>=</text>
			<var>$msg</var>
			<text> </text>
			<text>duration</text>
			<text>=</text>
			<var>1500</var>
			<text> </text>
			<text>ms</text>
		</line>
		<line linenr="021" indent="&#160;&#160;" interruptable="@">
			<text>=</text>
			<text> </text>
			<text>speak</text>
			<text> </text>
			<text>text</text>
			<text>:</text>
			<text> </text>
			<text>page</text>
			<text>=</text>
			<var>13</var>
			<text> </text>
			<text>id</text>
			<text>=</text>
			<var>36</var>
			<text> </text>
			<text>priority</text>
			<text>=</text>
			<var>100</var>
		</line>
		<line linenr="022" indent="&#160;">
			<text>end</text>
		</line>
		<line linenr="023" indent="&#160;" />
		<line linenr="024" indent="&#160;">
			<text>return</text>
			<text> </text>
			<var>[FALSE]</var>
		</line>
		<line linenr="025" indent="">
			<text>end</text>
		</line>
		<line linenr="026" indent="" />
		<line linenr="027" indent="">
			<text>return</text>
			<text> </text>
			<var>[TRUE]</var>
		</line>
	</sourcetext>
	<codearray>
		<sval type="array" size="10">
			<sval type="string" val="plugin.zanzal.PwnMi.checkobjectinrange" />
			<sval type="int" val="50" />
			<sval type="string" val="" />
			<sval type="int" val="1" />
			<sval type="int" val="0" />
			<sval type="array" size="8">
				<sval type="string" val="source" />
				<sval type="string" val="dest" />
				<sval type="string" val="showerror" />
				<sval type="string" val="pageid" />
				<sval type="string" val="plugin.Vars" />
				<sval type="string" val="distance" />
				<sval type="string" val="hackingrange" />
				<sval type="string" val="msg" />
			</sval>
			<sval type="array" size="11">
				<sval type="array" size="7">
					<sval type="int" val="104" />
					<sval type="int" val="3" />
					<sval type="int" val="1" />
					<sval type="int" val="4" />
					<sval type="int" val="8102" />
					<sval type="int" val="1" />
					<sval type="int" val="-1" />
				</sval>
				<sval type="array" size="4">
					<sval type="int" val="158" />
					<sval type="int" val="5" />
					<sval type="string" val="al.plugin.zanzal.PwnMi.main" />
					<sval type="int" val="4" />
				</sval>
				<sval type="array" size="6">
					<sval type="int" val="738" />
					<sval type="int" val="5" />
					<sval type="int" val="131074" />
					<sval type="int" val="0" />
					<sval type="int" val="131074" />
					<sval type="int" val="1" />
				</sval>
				<sval type="array" size="6">
					<sval type="int" val="129" />
					<sval type="int" val="6" />
					<sval type="int" val="131074" />
					<sval type="int" val="4" />
					<sval type="int" val="4" />
					<sval type="int" val="5" />
				</sval>
				<sval type="array" size="13">
					<sval type="int" val="104" />
					<sval type="int" val="-1610610173" />
					<sval type="int" val="3" />
					<sval type="int" val="131074" />
					<sval type="int" val="5" />
					<sval type="int" val="131074" />
					<sval type="int" val="6" />
					<sval type="int" val="15" />
					<sval type="int" val="2" />
					<sval type="int" val="3" />
					<sval type="int" val="-1" />
					<sval type="int" val="2" />
					<sval type="int" val="-2" />
				</sval>
				<sval type="array" size="7">
					<sval type="int" val="104" />
					<sval type="int" val="-1610610429" />
					<sval type="int" val="1" />
					<sval type="int" val="131074" />
					<sval type="int" val="2" />
					<sval type="int" val="1" />
					<sval type="int" val="-1" />
				</sval>
				<sval type="array" size="6">
					<sval type="int" val="126" />
					<sval type="int" val="7" />
					<sval type="int" val="4" />
					<sval type="int" val="13" />
					<sval type="int" val="4" />
					<sval type="int" val="36" />
				</sval>
				<sval type="array" size="5">
					<sval type="int" val="1418" />
					<sval type="int" val="131074" />
					<sval type="int" val="7" />
					<sval type="int" val="4" />
					<sval type="int" val="1500" />
				</sval>
				<sval type="array" size="8">
					<sval type="int" val="1042" />
					<sval type="int" val="-2147483647" />
					<sval type="int" val="4" />
					<sval type="int" val="13" />
					<sval type="int" val="4" />
					<sval type="int" val="36" />
					<sval type="int" val="4" />
					<sval type="int" val="100" />
				</sval>
				<sval type="array" size="3">
					<sval type="int" val="103" />
					<sval type="int" val="131075" />
					<sval type="int" val="9" />
				</sval>
				<sval type="array" size="3">
					<sval type="int" val="103" />
					<sval type="int" val="131075" />
					<sval type="int" val="10" />
				</sval>
			</sval>
			<sval type="array" size="3">
				<sval type="array" size="2">
					<sval type="int" val="22" />
					<sval type="string" val="" />
				</sval>
				<sval type="array" size="2">
					<sval type="int" val="22" />
					<sval type="string" val="" />
				</sval>
				<sval type="array" size="2">
					<sval type="int" val="63" />
					<sval type="string" val="" />
				</sval>
			</sval>
			<sval type="array" size="16">
				<sval type="array" size="3">
					<sval type="int" val="0" />
					<sval type="int" val="1" />
					<sval type="string" val="************************************************" />
				</sval>
				<sval type="array" size="3">
					<sval type="int" val="0" />
					<sval type="int" val="1" />
					<sval type="string" val="SCRIPT NAME: plugin.zanzal.PwnMi.checkobjectinrange.xml" />
				</sval>
				<sval type="array" size="3">
					<sval type="int" val="0" />
					<sval type="int" val="1" />
					<sval type="string" val="DESCRIPTION: Checks to see if objects are within the Hacking" />
				</sval>
				<sval type="array" size="3">
					<sval type="int" val="0" />
					<sval type="int" val="1" />
					<sval type="string" val="Comm Range of each other." />
				</sval>
				<sval type="array" size="3">
					<sval type="int" val="0" />
					<sval type="int" val="1" />
					<sval type="string" val="" />
				</sval>
				<sval type="array" size="3">
					<sval type="int" val="0" />
					<sval type="int" val="1" />
					<sval type="string" val="AUTHOR:  Zanzal         DATE: 15 December 2013" />
				</sval>
				<sval type="array" size="3">
					<sval type="int" val="0" />
					<sval type="int" val="1" />
					<sval type="string" val="************************************************" />
				</sval>
				<sval type="array" size="3">
					<sval type="int" val="0" />
					<sval type="int" val="1" />
					<sval type="string" val="LICENSE: CC-BY-SA 4.0 International - http://creativecommons.org/licenses/by-sa/4.0/legalcode" />
				</sval>
				<sval type="array" size="3">
					<sval type="int" val="0" />
					<sval type="int" val="1" />
					<sval type="string" val="************************************************" />
				</sval>
				<sval type="array" size="2">
					<sval type="int" val="0" />
					<sval type="int" val="2" />
				</sval>
				<sval type="array" size="2">
					<sval type="int" val="1" />
					<sval type="int" val="2" />
				</sval>
				<sval type="array" size="2">
					<sval type="int" val="4" />
					<sval type="int" val="2" />
				</sval>
				<sval type="array" size="2">
					<sval type="int" val="9" />
					<sval type="int" val="4" />
				</sval>
				<sval type="array" size="2">
					<sval type="int" val="9" />
					<sval type="int" val="2" />
				</sval>
				<sval type="array" size="2">
					<sval type="int" val="10" />
					<sval type="int" val="4" />
				</sval>
				<sval type="array" size="2">
					<sval type="int" val="10" />
					<sval type="int" val="2" />
				</sval>
			</sval>
			<sval type="int" val="0" />
		</sval>
	</codearray>
</script>
