<?xml version="1.0" standalone="yes"?>
<?xml-stylesheet href="x2script.xsl" type="text/xsl"?>
<!-- Generated using X-Studio -->
<script>
	<name>al.plugin.zanzal.PwnMi.main</name>
	<version>1</version>
	<engineversion>50</engineversion>
	<description></description>
	<arguments>
		<argument index="1" name="plugin.ID" type="Var/String" desc="" />
		<argument index="2" name="plugin.event" type="Var/String" desc="" />
	</arguments>
	<sourcetext>
		<line linenr="001" indent="">
			<comment>* ************************************************</comment>
		</line>
		<line linenr="002" indent="">
			<comment>* SCRIPT NAME: al.zanzal.PwnMi.main</comment>
		</line>
		<line linenr="003" indent="">
			<comment>* DESCRIPTION: PwnMi - Station Hacking Interface.</comment>
		</line>
		<line linenr="004" indent="">
			<comment>* This script is used to control the state of the artificial life plugin. </comment>
		</line>
		<line linenr="005" indent="">
			<comment>* Originally started this mod as an ECS mod, but I don't want</comment>
		</line>
		<line linenr="006" indent="">
			<comment>* to introduce conflicts with Pirate Guild 3 so I decided to discontinue</comment>
		</line>
		<line linenr="007" indent="">
			<comment>* using ECS. I am so happy though that Serial Kicked released ECS</comment>
		</line>
		<line linenr="008" indent="">
			<comment>* Because it did help me to get started and provided something</comment>
		</line>
		<line linenr="009" indent="">
			<comment>* that worked during the first few days when everything I wrote was</comment>
		</line>
		<line linenr="010" indent="">
			<comment>* broken.</comment>
		</line>
		<line linenr="011" indent="">
			<comment>* </comment>
		</line>
		<line linenr="012" indent="">
			<comment>* AUTHOR: Zanzal        DATE: 14 December 2013</comment>
		</line>
		<line linenr="013" indent="">
			<comment>* ************************************************</comment>
		</line>
		<line linenr="014" indent="">
			<comment>* ATTRIBUTIONS = Code used from these authors:</comment>
		</line>
		<line linenr="015" indent="">
			<comment>* Serial Kicked - Template taken from SK's ECS example 'dummy' scripts</comment>
		</line>
		<line linenr="016" indent="">
			<comment>* Gazz - A few lines from one of Gazz's scripts thrown in for good measure</comment>
		</line>
		<line linenr="017" indent="">
			<comment>* ************************************************</comment>
		</line>
		<line linenr="018" indent="">
			<comment>* LICENSE: CC-BY-SA 4.0 International - http://creativecommons.org/licenses/by-sa/4.0/legalcode</comment>
		</line>
		<line linenr="019" indent="">
			<comment>* ************************************************</comment>
		</line>
		<line linenr="020" indent="" />
		<line linenr="021" indent="">
			<var>$pageid</var>
			<text> </text>
			<text>=</text>
			<text> </text>
			<var>1337</var>
		</line>
		<line linenr="022" indent="">
			<comment>* What other page ID could we use? :)</comment>
		</line>
		<line linenr="023" indent="" />
		<line linenr="024" indent="">
			<comment>* These 4 lines I used from Gazz's follow me script. Given that I am not sure how all this</comment>
		</line>
		<line linenr="025" indent="">
			<comment>* stuff works yet, I figured I'd take a hint from a vet that this script might get called without a plugin ID or event.</comment>
		</line>
		<line linenr="026" indent="">
			<comment>* It looked like a good idea.</comment>
		</line>
		<line linenr="027" indent="">
			<text>if</text>
			<text> </text>
			<var>$plugin.ID</var>
			<text> </text>
			<text>==</text>
			<text> </text>
			<var>null</var>
			<text> </text>
			<text>AND</text>
			<text> </text>
			<var>$plugin.event</var>
			<text> </text>
			<text>==</text>
			<text> </text>
			<var>null</var>
		</line>
		<line linenr="028" indent="&#160;">
			<text>al</text>
			<text> </text>
			<text>engine</text>
			<text>:</text>
			<text> </text>
			<text>register</text>
			<text> </text>
			<text>script</text>
			<text>=</text>
			<call>al.plugin.zanzal.PwnMi.main</call>
		</line>
		<line linenr="029" indent="&#160;">
			<text>return</text>
			<text> </text>
			<var>null</var>
		</line>
		<line linenr="030" indent="">
			<text>end</text>
		</line>
		<line linenr="031" indent="" />
		<line linenr="032" indent="">
			<comment>* NOTE: I am not sure why other plugins use a stub that registers a different </comment>
		</line>
		<line linenr="033" indent="">
			<comment>* script instead of just putting it in the main. Even ECS does it like that...</comment>
		</line>
		<line linenr="034" indent="" />
		<line linenr="035" indent="">
			<text>load</text>
			<text> </text>
			<text>text</text>
			<text>:</text>
			<text> </text>
			<text>id</text>
			<text>=</text>
			<var>$pageid</var>
		</line>
		<line linenr="036" indent="" />
		<line linenr="037" indent="">
			<comment>* Indexes for our plugin global data array to help make code easier to understand.</comment>
		</line>
		<line linenr="038" indent="">
			<var>$VARIDX_VERSION</var>
			<text> </text>
			<text>=</text>
			<text> </text>
			<var>0</var>
		</line>
		<line linenr="039" indent="">
			<var>$VARIDX_ENABLED</var>
			<text> </text>
			<text>=</text>
			<text> </text>
			<var>1</var>
		</line>
		<line linenr="040" indent="">
			<var>$VARIDX_HACKERRANK</var>
			<text> </text>
			<text>=</text>
			<text> </text>
			<var>2</var>
		</line>
		<line linenr="041" indent="">
			<var>$VARIDX_HACKEREXP</var>
			<text> </text>
			<text>=</text>
			<text> </text>
			<var>3</var>
		</line>
		<line linenr="042" indent="">
			<var>$VARIDX_TIMEREVENTRUNNING</var>
			<text> </text>
			<text>=</text>
			<text> </text>
			<var>4</var>
		</line>
		<line linenr="043" indent="">
			<var>$VARIDX_HACKINGCOMMRANGE</var>
			<text> </text>
			<text>=</text>
			<text> </text>
			<var>5</var>
		</line>
		<line linenr="044" indent="">
			<var>$VARIDX_HOTKEY</var>
			<text> </text>
			<text>=</text>
			<text> </text>
			<var>6</var>
		</line>
		<line linenr="045" indent="" />
		<line linenr="046" indent="">
			<var>$plugin.Vars</var>
			<text> </text>
			<text>=</text>
			<text> </text>
			<text>get</text>
			<text> </text>
			<text>global</text>
			<text> </text>
			<text>variable</text>
			<text>:</text>
			<text> </text>
			<text>name</text>
			<text>=</text>
			<var>$plugin.ID</var>
		</line>
		<line linenr="047" indent="">
			<text>if</text>
			<text> </text>
			<text>not</text>
			<text> </text>
			<var>$plugin.Vars</var>
		</line>
		<line linenr="048" indent="&#160;">
			<var>$plugin.Vars</var>
			<text> </text>
			<text>=</text>
			<text> </text>
			<text>array</text>
			<text> </text>
			<text>alloc</text>
			<text>:</text>
			<text> </text>
			<text>size</text>
			<text>=</text>
			<var>10</var>
		</line>
		<line linenr="049" indent="&#160;">
			<text>set</text>
			<text> </text>
			<text>global</text>
			<text> </text>
			<text>variable</text>
			<text>:</text>
			<text> </text>
			<text>name</text>
			<text>=</text>
			<var>$plugin.ID</var>
			<text> </text>
			<text>value</text>
			<text>=</text>
			<var>$plugin.Vars</var>
		</line>
		<line linenr="050" indent="&#160;">
			<comment>* Plugin Data Version (according to ecs)</comment>
		</line>
		<line linenr="051" indent="&#160;">
			<var>$plugin.Vars</var>
			<text>[</text>
			<var>$VARIDX_VERSION</var>
			<text>]</text>
			<text> </text>
			<text>=</text>
			<text> </text>
			<var>0</var>
		</line>
		<line linenr="052" indent="&#160;">
			<comment>* Plugin Off by Default</comment>
		</line>
		<line linenr="053" indent="&#160;">
			<var>$plugin.Vars</var>
			<text>[</text>
			<var>$VARIDX_ENABLED</var>
			<text>]</text>
			<text> </text>
			<text>=</text>
			<text> </text>
			<var>[FALSE]</var>
		</line>
		<line linenr="054" indent="&#160;">
			<comment>* Hacker Rank</comment>
		</line>
		<line linenr="055" indent="&#160;">
			<var>$plugin.Vars</var>
			<text>[</text>
			<var>$VARIDX_HACKERRANK</var>
			<text>]</text>
			<text> </text>
			<text>=</text>
			<text> </text>
			<var>0</var>
		</line>
		<line linenr="056" indent="&#160;">
			<comment>* Hacker Experience</comment>
		</line>
		<line linenr="057" indent="&#160;">
			<var>$plugin.Vars</var>
			<text>[</text>
			<var>$VARIDX_HACKEREXP</var>
			<text>]</text>
			<text> </text>
			<text>=</text>
			<text> </text>
			<var>0</var>
		</line>
		<line linenr="058" indent="&#160;">
			<comment>* Timer Event Running</comment>
		</line>
		<line linenr="059" indent="&#160;">
			<var>$plugin.Vars</var>
			<text>[</text>
			<var>$VARIDX_TIMEREVENTRUNNING</var>
			<text>]</text>
			<text> </text>
			<text>=</text>
			<text> </text>
			<var>[FALSE]</var>
		</line>
		<line linenr="060" indent="&#160;">
			<comment>* Hacking Comms Range</comment>
		</line>
		<line linenr="061" indent="&#160;">
			<var>$plugin.Vars</var>
			<text>[</text>
			<var>$VARIDX_HACKINGCOMMRANGE</var>
			<text>]</text>
			<text> </text>
			<text>=</text>
			<text> </text>
			<var>50000</var>
		</line>
		<line linenr="062" indent="&#160;">
			<comment>* Hot Key</comment>
		</line>
		<line linenr="063" indent="&#160;">
			<var>$plugin.Vars</var>
			<text>[</text>
			<var>$VARIDX_HOTKEY</var>
			<text>]</text>
			<text> </text>
			<text>=</text>
			<text> </text>
			<var>null</var>
		</line>
		<line linenr="064" indent="">
			<text>end</text>
		</line>
		<line linenr="065" indent="" />
		<line linenr="066" indent="" />
		<line linenr="067" indent="">
			<text>if</text>
			<text> </text>
			<var>$plugin.event</var>
			<text> </text>
			<text>==</text>
			<text> </text>
			<text>'init'</text>
			<text> </text>
			<text>OR</text>
			<text> </text>
			<var>$plugin.event</var>
			<text> </text>
			<text>==</text>
			<text> </text>
			<text>'reinit'</text>
		</line>
		<line linenr="068" indent="&#160;">
			<comment>* init and reinit are run every time the game loads</comment>
		</line>
		<line linenr="069" indent="&#160;">
			<var>$desc</var>
			<text> </text>
			<text>=</text>
			<text> </text>
			<text>sprintf</text>
			<text>:</text>
			<text> </text>
			<text>pageid</text>
			<text>=</text>
			<var>$pageid</var>
			<text> </text>
			<text>textid</text>
			<text>=</text>
			<var>1</var>
			<text>,</text>
			<text> </text>
			<var>null</var>
			<text>,</text>
			<text> </text>
			<var>null</var>
			<text>,</text>
			<text> </text>
			<var>null</var>
			<text>,</text>
			<text> </text>
			<var>null</var>
			<text>,</text>
			<text> </text>
			<var>null</var>
		</line>
		<line linenr="070" indent="&#160;">
			<text>al</text>
			<text> </text>
			<text>engine</text>
			<text>:</text>
			<text> </text>
			<text>set</text>
			<text> </text>
			<text>plugin</text>
			<text> </text>
			<var>$plugin.ID</var>
			<text> </text>
			<text>description</text>
			<text> </text>
			<text>to</text>
			<text> </text>
			<var>$desc</var>
		</line>
		<line linenr="071" indent="&#160;">
			<var>$interval</var>
			<text> </text>
			<text>=</text>
			<text> </text>
			<var>30</var>
			<text> </text>
			<text>*</text>
			<text> </text>
			<var>60</var>
		</line>
		<line linenr="072" indent="&#160;">
			<text>al</text>
			<text> </text>
			<text>engine</text>
			<text>:</text>
			<text> </text>
			<text>set</text>
			<text> </text>
			<text>plugin</text>
			<text> </text>
			<var>$plugin.ID</var>
			<text> </text>
			<text>timer</text>
			<text> </text>
			<text>interval</text>
			<text> </text>
			<text>to</text>
			<text> </text>
			<var>$interval</var>
			<text> </text>
			<text>s</text>
		</line>
		<line linenr="073" indent="&#160;" />
		<line linenr="074" indent="">
			<text>else</text>
			<text> </text>
			<text>if</text>
			<text> </text>
			<var>$plugin.event</var>
			<text> </text>
			<text>==</text>
			<text> </text>
			<text>'isenabled'</text>
		</line>
		<line linenr="075" indent="&#160;">
			<comment>* assume this is called by the X3 engine to check if the AL script is running.</comment>
		</line>
		<line linenr="076" indent="&#160;">
			<var>$desc</var>
			<text> </text>
			<text>=</text>
			<text> </text>
			<text>sprintf</text>
			<text>:</text>
			<text> </text>
			<text>pageid</text>
			<text>=</text>
			<var>$pageid</var>
			<text> </text>
			<text>textid</text>
			<text>=</text>
			<var>1</var>
			<text>,</text>
			<text> </text>
			<var>null</var>
			<text>,</text>
			<text> </text>
			<var>null</var>
			<text>,</text>
			<text> </text>
			<var>null</var>
			<text>,</text>
			<text> </text>
			<var>null</var>
			<text>,</text>
			<text> </text>
			<var>null</var>
		</line>
		<line linenr="077" indent="&#160;">
			<text>al</text>
			<text> </text>
			<text>engine</text>
			<text>:</text>
			<text> </text>
			<text>set</text>
			<text> </text>
			<text>plugin</text>
			<text> </text>
			<var>$plugin.ID</var>
			<text> </text>
			<text>description</text>
			<text> </text>
			<text>to</text>
			<text> </text>
			<var>$desc</var>
		</line>
		<line linenr="078" indent="&#160;">
			<var>$enabled</var>
			<text> </text>
			<text>=</text>
			<text> </text>
			<var>$plugin.Vars</var>
			<text>[</text>
			<var>$VARIDX_ENABLED</var>
			<text>]</text>
		</line>
		<line linenr="079" indent="&#160;">
			<text>return</text>
			<text> </text>
			<var>$enabled</var>
		</line>
		<line linenr="080" indent="&#160;" />
		<line linenr="081" indent="">
			<text>else</text>
			<text> </text>
			<text>if</text>
			<text> </text>
			<var>$plugin.event</var>
			<text> </text>
			<text>==</text>
			<text> </text>
			<text>'start'</text>
		</line>
		<line linenr="082" indent="&#160;">
			<comment>* Use this area to process special instructions when the plugin is toggled on</comment>
		</line>
		<line linenr="083" indent="&#160;">
			<var>$plugin.Vars</var>
			<text>[</text>
			<var>$VARIDX_ENABLED</var>
			<text>]</text>
			<text> </text>
			<text>=</text>
			<text> </text>
			<var>[TRUE]</var>
		</line>
		<line linenr="084" indent="&#160;">
			<text>set</text>
			<text> </text>
			<text>global</text>
			<text> </text>
			<text>variable</text>
			<text>:</text>
			<text> </text>
			<text>name</text>
			<text>=</text>
			<text>'plugin.zanzal.PwnMi'</text>
			<text> </text>
			<text>value</text>
			<text>=</text>
			<var>[TRUE]</var>
		</line>
		<line linenr="085" indent="&#160;" />
		<line linenr="086" indent="&#160;">
			<comment>* Register to ECS Comm Key</comment>
		</line>
		<line linenr="087" indent="&#160;">
			<comment>* dim $setup = 'plugin.zanzal.PwnMi', 'plugin.zanzal.PwnMi.commscript', null, null, [Station], 10, ''</comment>
		</line>
		<line linenr="088" indent="&#160;">
			<comment>* skip if [THIS]-&gt; call script 'plugin.sk.ecs.register' : setup=$setup</comment>
		</line>
		<line linenr="089" indent="&#160;">
			<comment>* send incoming message 'Error registering PwnMi. Is ECS installed?' to player: display it=[TRUE]</comment>
		</line>
		<line linenr="090" indent="&#160;" />
		<line linenr="091" indent="&#160;">
			<text>if</text>
			<text> </text>
			<text>not</text>
			<text> </text>
			<var>$plugin.Vars</var>
			<text>[</text>
			<var>$VARIDX_HOTKEY</var>
			<text>]</text>
		</line>
		<line linenr="092" indent="&#160;&#160;">
			<var>$hk</var>
			<text> </text>
			<text>=</text>
			<text> </text>
			<text>register</text>
			<text> </text>
			<text>hot</text>
			<text> </text>
			<text>key</text>
			<text>:</text>
			<text> </text>
			<text>page</text>
			<text>=</text>
			<var>$pageid</var>
			<text> </text>
			<text>id</text>
			<text>=</text>
			<var>125</var>
			<text>,</text>
			<text> </text>
			<text>to</text>
			<text> </text>
			<text>call</text>
			<text> </text>
			<text>script</text>
			<text> </text>
			<text>name</text>
			<text> </text>
			<call>plugin.zanzal.PwnMi.hotkey</call>
		</line>
		<line linenr="093" indent="&#160;&#160;">
			<var>$plugin.Vars</var>
			<text>[</text>
			<var>$VARIDX_HOTKEY</var>
			<text>]</text>
			<text> </text>
			<text>=</text>
			<text> </text>
			<var>$hk</var>
		</line>
		<line linenr="094" indent="&#160;">
			<text>end</text>
		</line>
		<line linenr="095" indent="&#160;" />
		<line linenr="096" indent="">
			<text>else</text>
			<text> </text>
			<text>if</text>
			<text> </text>
			<var>$plugin.event</var>
			<text> </text>
			<text>==</text>
			<text> </text>
			<text>'stop'</text>
		</line>
		<line linenr="097" indent="&#160;">
			<comment>* Use this area to process special instructions when the plugin is toggled off</comment>
		</line>
		<line linenr="098" indent="&#160;">
			<var>$plugin.Vars</var>
			<text>[</text>
			<var>$VARIDX_ENABLED</var>
			<text>]</text>
			<text> </text>
			<text>=</text>
			<text> </text>
			<var>[FALSE]</var>
		</line>
		<line linenr="099" indent="&#160;" />
		<line linenr="100" indent="&#160;">
			<comment>* Unregister From ECS</comment>
		</line>
		<line linenr="101" indent="&#160;">
			<comment>*set global variable: name='plugin.zanzal.PwnMi' value=null</comment>
		</line>
		<line linenr="102" indent="&#160;">
			<comment>*= [THIS]-&gt; call script 'plugin.sk.ecs.news.clear' : plugin.id='plugin.zanzal.PwnMi'</comment>
		</line>
		<line linenr="103" indent="&#160;">
			<comment>*skip if [THIS]-&gt; call script 'plugin.sk.ecs.unregister' : plugin.id='plugin.zanzal.PwnMi'</comment>
		</line>
		<line linenr="104" indent="&#160;">
			<comment>*send incoming message 'Unable to unregister PwnMi script : Script not registered to ECS' to player: display it=[TRUE]</comment>
		</line>
		<line linenr="105" indent="&#160;" />
		<line linenr="106" indent="&#160;">
			<var>$hk</var>
			<text> </text>
			<text>=</text>
			<text> </text>
			<var>$plugin.Vars</var>
			<text>[</text>
			<var>$VARIDX_HOTKEY</var>
			<text>]</text>
			<text>  </text>
		</line>
		<line linenr="107" indent="&#160;">
			<text>if</text>
			<text> </text>
			<var>$hk</var>
			<text> </text>
			<text>!=</text>
			<text> </text>
			<var>null</var>
		</line>
		<line linenr="108" indent="&#160;&#160;">
			<text>unregister</text>
			<text> </text>
			<text>hotkey</text>
			<text> </text>
			<var>$hk</var>
		</line>
		<line linenr="109" indent="&#160;&#160;">
			<var>$plugin.Vars</var>
			<text>[</text>
			<var>$VARIDX_HOTKEY</var>
			<text>]</text>
			<text> </text>
			<text>=</text>
			<text> </text>
			<var>null</var>
		</line>
		<line linenr="110" indent="&#160;">
			<text>end</text>
		</line>
		<line linenr="111" indent="&#160;" />
		<line linenr="112" indent="&#160;">
			<var>$msg</var>
			<text> </text>
			<text>=</text>
			<text> </text>
			<text>read</text>
			<text> </text>
			<text>text</text>
			<text>:</text>
			<text> </text>
			<text>page</text>
			<text>=</text>
			<var>$pageid</var>
			<text> </text>
			<text>id</text>
			<text>=</text>
			<var>5</var>
		</line>
		<line linenr="113" indent="&#160;">
			<text>send</text>
			<text> </text>
			<text>incoming</text>
			<text> </text>
			<text>message</text>
			<text> </text>
			<var>$msg</var>
			<text> </text>
			<text>to</text>
			<text> </text>
			<text>player</text>
			<text>:</text>
			<text> </text>
			<text>display</text>
			<text> </text>
			<text>it</text>
			<text>=</text>
			<var>[TRUE]</var>
		</line>
		<line linenr="114" indent="&#160;" />
		<line linenr="115" indent="">
			<text>else</text>
			<text> </text>
			<text>if</text>
			<text> </text>
			<var>$plugin.event</var>
			<text> </text>
			<text>==</text>
			<text> </text>
			<text>'timer'</text>
		</line>
		<line linenr="116" indent="&#160;">
			<comment>* The event script is called every interval</comment>
		</line>
		<line linenr="117" indent="&#160;">
			<text>if</text>
			<text> </text>
			<var>$plugin.Vars</var>
			<text>[</text>
			<var>$VARIDX_ENABLED</var>
			<text>]</text>
		</line>
		<line linenr="118" indent="&#160;&#160;">
			<text>if</text>
			<text> </text>
			<text>not</text>
			<text> </text>
			<var>$plugin.Vars</var>
			<text>[</text>
			<var>$VARIDX_TIMEREVENTRUNNING</var>
			<text>]</text>
		</line>
		<line linenr="119" indent="&#160;&#160;&#160;">
			<var>$plugin.Vars</var>
			<text>[</text>
			<var>$VARIDX_TIMEREVENTRUNNING</var>
			<text>]</text>
			<text> </text>
			<text>=</text>
			<text> </text>
			<var>[TRUE]</var>
		</line>
		<line linenr="120" indent="&#160;&#160;&#160;" />
		<line linenr="121" indent="&#160;&#160;&#160;">
			<comment>* I think this is what Dr. Bullwinkle was talking about the chance of AL pileups.</comment>
		</line>
		<line linenr="122" indent="&#160;&#160;&#160;">
			<comment>* Although PwnMi doesn't use the timer right now, I'll add a flag just in case for</comment>
		</line>
		<line linenr="123" indent="&#160;&#160;&#160;">
			<comment>* later since I might end up reusing this elsewhere.</comment>
		</line>
		<line linenr="124" indent="&#160;&#160;&#160;" />
		<line linenr="125" indent="&#160;&#160;&#160;">
			<var>$plugin.Vars</var>
			<text>[</text>
			<var>$VARIDX_TIMEREVENTRUNNING</var>
			<text>]</text>
			<text> </text>
			<text>=</text>
			<text> </text>
			<var>[FALSE]</var>
		</line>
		<line linenr="126" indent="&#160;&#160;">
			<text>end</text>
		</line>
		<line linenr="127" indent="&#160;">
			<text>end</text>
		</line>
		<line linenr="128" indent="">
			<text>end</text>
		</line>
		<line linenr="129" indent="" />
		<line linenr="130" indent="">
			<text>return</text>
			<text> </text>
			<var>null</var>
		</line>
	</sourcetext>
	<codearray>
		<sval type="array" size="10">
			<sval type="string" val="al.plugin.zanzal.PwnMi.main" />
			<sval type="int" val="50" />
			<sval type="string" val="" />
			<sval type="int" val="1" />
			<sval type="int" val="0" />
			<sval type="array" size="16">
				<sval type="string" val="plugin.ID" />
				<sval type="string" val="plugin.event" />
				<sval type="string" val="pageid" />
				<sval type="string" val="VARIDX_VERSION" />
				<sval type="string" val="VARIDX_ENABLED" />
				<sval type="string" val="VARIDX_HACKERRANK" />
				<sval type="string" val="VARIDX_HACKEREXP" />
				<sval type="string" val="VARIDX_TIMEREVENTRUNNING" />
				<sval type="string" val="VARIDX_HACKINGCOMMRANGE" />
				<sval type="string" val="VARIDX_HOTKEY" />
				<sval type="string" val="plugin.Vars" />
				<sval type="string" val="desc" />
				<sval type="string" val="interval" />
				<sval type="string" val="enabled" />
				<sval type="string" val="hk" />
				<sval type="string" val="msg" />
			</sval>
			<sval type="array" size="57">
				<sval type="array" size="7">
					<sval type="int" val="104" />
					<sval type="int" val="2" />
					<sval type="int" val="1" />
					<sval type="int" val="4" />
					<sval type="int" val="1337" />
					<sval type="int" val="1" />
					<sval type="int" val="-1" />
				</sval>
				<sval type="array" size="25">
					<sval type="int" val="104" />
					<sval type="int" val="-1610611709" />
					<sval type="int" val="7" />
					<sval type="int" val="131074" />
					<sval type="int" val="0" />
					<sval type="int" val="0" />
					<sval type="int" val="0" />
					<sval type="int" val="15" />
					<sval type="int" val="0" />
					<sval type="int" val="131074" />
					<sval type="int" val="1" />
					<sval type="int" val="0" />
					<sval type="int" val="0" />
					<sval type="int" val="15" />
					<sval type="int" val="0" />
					<sval type="int" val="15" />
					<sval type="int" val="9" />
					<sval type="int" val="7" />
					<sval type="int" val="-1" />
					<sval type="int" val="0" />
					<sval type="int" val="-2" />
					<sval type="int" val="9" />
					<sval type="int" val="-4" />
					<sval type="int" val="0" />
					<sval type="int" val="-5" />
				</sval>
				<sval type="array" size="2">
					<sval type="int" val="1000" />
					<sval type="string" val="al.plugin.zanzal.PwnMi.main" />
				</sval>
				<sval type="array" size="3">
					<sval type="int" val="103" />
					<sval type="int" val="0" />
					<sval type="int" val="0" />
				</sval>
				<sval type="array" size="3">
					<sval type="int" val="151" />
					<sval type="int" val="131074" />
					<sval type="int" val="2" />
				</sval>
				<sval type="array" size="7">
					<sval type="int" val="104" />
					<sval type="int" val="3" />
					<sval type="int" val="1" />
					<sval type="int" val="4" />
					<sval type="int" val="0" />
					<sval type="int" val="1" />
					<sval type="int" val="-1" />
				</sval>
				<sval type="array" size="7">
					<sval type="int" val="104" />
					<sval type="int" val="4" />
					<sval type="int" val="1" />
					<sval type="int" val="4" />
					<sval type="int" val="1" />
					<sval type="int" val="1" />
					<sval type="int" val="-1" />
				</sval>
				<sval type="array" size="7">
					<sval type="int" val="104" />
					<sval type="int" val="5" />
					<sval type="int" val="1" />
					<sval type="int" val="4" />
					<sval type="int" val="2" />
					<sval type="int" val="1" />
					<sval type="int" val="-1" />
				</sval>
				<sval type="array" size="7">
					<sval type="int" val="104" />
					<sval type="int" val="6" />
					<sval type="int" val="1" />
					<sval type="int" val="4" />
					<sval type="int" val="3" />
					<sval type="int" val="1" />
					<sval type="int" val="-1" />
				</sval>
				<sval type="array" size="7">
					<sval type="int" val="104" />
					<sval type="int" val="7" />
					<sval type="int" val="1" />
					<sval type="int" val="4" />
					<sval type="int" val="4" />
					<sval type="int" val="1" />
					<sval type="int" val="-1" />
				</sval>
				<sval type="array" size="7">
					<sval type="int" val="104" />
					<sval type="int" val="8" />
					<sval type="int" val="1" />
					<sval type="int" val="4" />
					<sval type="int" val="5" />
					<sval type="int" val="1" />
					<sval type="int" val="-1" />
				</sval>
				<sval type="array" size="7">
					<sval type="int" val="104" />
					<sval type="int" val="9" />
					<sval type="int" val="1" />
					<sval type="int" val="4" />
					<sval type="int" val="6" />
					<sval type="int" val="1" />
					<sval type="int" val="-1" />
				</sval>
				<sval type="array" size="4">
					<sval type="int" val="158" />
					<sval type="int" val="131074" />
					<sval type="int" val="0" />
					<sval type="int" val="10" />
				</sval>
				<sval type="array" size="7">
					<sval type="int" val="104" />
					<sval type="int" val="-536865020" />
					<sval type="int" val="1" />
					<sval type="int" val="131074" />
					<sval type="int" val="10" />
					<sval type="int" val="1" />
					<sval type="int" val="-1" />
				</sval>
				<sval type="array" size="4">
					<sval type="int" val="128" />
					<sval type="int" val="10" />
					<sval type="int" val="4" />
					<sval type="int" val="10" />
				</sval>
				<sval type="array" size="5">
					<sval type="int" val="157" />
					<sval type="int" val="131074" />
					<sval type="int" val="0" />
					<sval type="int" val="131074" />
					<sval type="int" val="10" />
				</sval>
				<sval type="array" size="7">
					<sval type="int" val="130" />
					<sval type="int" val="131074" />
					<sval type="int" val="10" />
					<sval type="int" val="131074" />
					<sval type="int" val="3" />
					<sval type="int" val="4" />
					<sval type="int" val="0" />
				</sval>
				<sval type="array" size="7">
					<sval type="int" val="130" />
					<sval type="int" val="131074" />
					<sval type="int" val="10" />
					<sval type="int" val="131074" />
					<sval type="int" val="4" />
					<sval type="int" val="131075" />
					<sval type="int" val="9" />
				</sval>
				<sval type="array" size="7">
					<sval type="int" val="130" />
					<sval type="int" val="131074" />
					<sval type="int" val="10" />
					<sval type="int" val="131074" />
					<sval type="int" val="5" />
					<sval type="int" val="4" />
					<sval type="int" val="0" />
				</sval>
				<sval type="array" size="7">
					<sval type="int" val="130" />
					<sval type="int" val="131074" />
					<sval type="int" val="10" />
					<sval type="int" val="131074" />
					<sval type="int" val="6" />
					<sval type="int" val="4" />
					<sval type="int" val="0" />
				</sval>
				<sval type="array" size="7">
					<sval type="int" val="130" />
					<sval type="int" val="131074" />
					<sval type="int" val="10" />
					<sval type="int" val="131074" />
					<sval type="int" val="7" />
					<sval type="int" val="131075" />
					<sval type="int" val="9" />
				</sval>
				<sval type="array" size="7">
					<sval type="int" val="130" />
					<sval type="int" val="131074" />
					<sval type="int" val="10" />
					<sval type="int" val="131074" />
					<sval type="int" val="8" />
					<sval type="int" val="4" />
					<sval type="int" val="50000" />
				</sval>
				<sval type="array" size="7">
					<sval type="int" val="130" />
					<sval type="int" val="131074" />
					<sval type="int" val="10" />
					<sval type="int" val="131074" />
					<sval type="int" val="9" />
					<sval type="int" val="0" />
					<sval type="int" val="0" />
				</sval>
				<sval type="array" size="25">
					<sval type="int" val="104" />
					<sval type="int" val="-1610605309" />
					<sval type="int" val="7" />
					<sval type="int" val="131074" />
					<sval type="int" val="1" />
					<sval type="int" val="5" />
					<sval type="string" val="init" />
					<sval type="int" val="15" />
					<sval type="int" val="0" />
					<sval type="int" val="131074" />
					<sval type="int" val="1" />
					<sval type="int" val="5" />
					<sval type="string" val="reinit" />
					<sval type="int" val="15" />
					<sval type="int" val="0" />
					<sval type="int" val="15" />
					<sval type="int" val="10" />
					<sval type="int" val="7" />
					<sval type="int" val="-1" />
					<sval type="int" val="0" />
					<sval type="int" val="-2" />
					<sval type="int" val="10" />
					<sval type="int" val="-4" />
					<sval type="int" val="0" />
					<sval type="int" val="-5" />
				</sval>
				<sval type="array" size="16">
					<sval type="int" val="150" />
					<sval type="int" val="11" />
					<sval type="int" val="131074" />
					<sval type="int" val="2" />
					<sval type="int" val="4" />
					<sval type="int" val="1" />
					<sval type="int" val="0" />
					<sval type="int" val="0" />
					<sval type="int" val="0" />
					<sval type="int" val="0" />
					<sval type="int" val="0" />
					<sval type="int" val="0" />
					<sval type="int" val="0" />
					<sval type="int" val="0" />
					<sval type="int" val="0" />
					<sval type="int" val="0" />
				</sval>
				<sval type="array" size="5">
					<sval type="int" val="1024" />
					<sval type="int" val="131074" />
					<sval type="int" val="0" />
					<sval type="int" val="131074" />
					<sval type="int" val="11" />
				</sval>
				<sval type="array" size="13">
					<sval type="int" val="104" />
					<sval type="int" val="12" />
					<sval type="int" val="3" />
					<sval type="int" val="4" />
					<sval type="int" val="30" />
					<sval type="int" val="4" />
					<sval type="int" val="60" />
					<sval type="int" val="15" />
					<sval type="int" val="13" />
					<sval type="int" val="3" />
					<sval type="int" val="-1" />
					<sval type="int" val="13" />
					<sval type="int" val="-2" />
				</sval>
				<sval type="array" size="5">
					<sval type="int" val="1025" />
					<sval type="int" val="131074" />
					<sval type="int" val="0" />
					<sval type="int" val="131074" />
					<sval type="int" val="12" />
				</sval>
				<sval type="array" size="2">
					<sval type="int" val="112" />
					<sval type="int" val="56" />
				</sval>
				<sval type="array" size="13">
					<sval type="int" val="104" />
					<sval type="int" val="-1610603771" />
					<sval type="int" val="3" />
					<sval type="int" val="131074" />
					<sval type="int" val="1" />
					<sval type="int" val="5" />
					<sval type="string" val="isenabled" />
					<sval type="int" val="15" />
					<sval type="int" val="0" />
					<sval type="int" val="3" />
					<sval type="int" val="-1" />
					<sval type="int" val="0" />
					<sval type="int" val="-2" />
				</sval>
				<sval type="array" size="16">
					<sval type="int" val="150" />
					<sval type="int" val="11" />
					<sval type="int" val="131074" />
					<sval type="int" val="2" />
					<sval type="int" val="4" />
					<sval type="int" val="1" />
					<sval type="int" val="0" />
					<sval type="int" val="0" />
					<sval type="int" val="0" />
					<sval type="int" val="0" />
					<sval type="int" val="0" />
					<sval type="int" val="0" />
					<sval type="int" val="0" />
					<sval type="int" val="0" />
					<sval type="int" val="0" />
					<sval type="int" val="0" />
				</sval>
				<sval type="array" size="5">
					<sval type="int" val="1024" />
					<sval type="int" val="131074" />
					<sval type="int" val="0" />
					<sval type="int" val="131074" />
					<sval type="int" val="11" />
				</sval>
				<sval type="array" size="6">
					<sval type="int" val="129" />
					<sval type="int" val="13" />
					<sval type="int" val="131074" />
					<sval type="int" val="10" />
					<sval type="int" val="131074" />
					<sval type="int" val="4" />
				</sval>
				<sval type="array" size="3">
					<sval type="int" val="103" />
					<sval type="int" val="131074" />
					<sval type="int" val="13" />
				</sval>
				<sval type="array" size="2">
					<sval type="int" val="112" />
					<sval type="int" val="56" />
				</sval>
				<sval type="array" size="13">
					<sval type="int" val="104" />
					<sval type="int" val="-1610601979" />
					<sval type="int" val="3" />
					<sval type="int" val="131074" />
					<sval type="int" val="1" />
					<sval type="int" val="5" />
					<sval type="string" val="start" />
					<sval type="int" val="15" />
					<sval type="int" val="0" />
					<sval type="int" val="3" />
					<sval type="int" val="-1" />
					<sval type="int" val="0" />
					<sval type="int" val="-2" />
				</sval>
				<sval type="array" size="7">
					<sval type="int" val="130" />
					<sval type="int" val="131074" />
					<sval type="int" val="10" />
					<sval type="int" val="131074" />
					<sval type="int" val="4" />
					<sval type="int" val="131075" />
					<sval type="int" val="10" />
				</sval>
				<sval type="array" size="5">
					<sval type="int" val="157" />
					<sval type="int" val="5" />
					<sval type="string" val="plugin.zanzal.PwnMi" />
					<sval type="int" val="131075" />
					<sval type="int" val="10" />
				</sval>
				<sval type="array" size="6">
					<sval type="int" val="129" />
					<sval type="int" val="-536860412" />
					<sval type="int" val="131074" />
					<sval type="int" val="10" />
					<sval type="int" val="131074" />
					<sval type="int" val="9" />
				</sval>
				<sval type="array" size="8">
					<sval type="int" val="1603" />
					<sval type="int" val="14" />
					<sval type="int" val="131074" />
					<sval type="int" val="2" />
					<sval type="int" val="4" />
					<sval type="int" val="125" />
					<sval type="int" val="5" />
					<sval type="string" val="plugin.zanzal.PwnMi.hotkey" />
				</sval>
				<sval type="array" size="7">
					<sval type="int" val="130" />
					<sval type="int" val="131074" />
					<sval type="int" val="10" />
					<sval type="int" val="131074" />
					<sval type="int" val="9" />
					<sval type="int" val="131074" />
					<sval type="int" val="14" />
				</sval>
				<sval type="array" size="2">
					<sval type="int" val="112" />
					<sval type="int" val="56" />
				</sval>
				<sval type="array" size="13">
					<sval type="int" val="104" />
					<sval type="int" val="-1610599675" />
					<sval type="int" val="3" />
					<sval type="int" val="131074" />
					<sval type="int" val="1" />
					<sval type="int" val="5" />
					<sval type="string" val="stop" />
					<sval type="int" val="15" />
					<sval type="int" val="0" />
					<sval type="int" val="3" />
					<sval type="int" val="-1" />
					<sval type="int" val="0" />
					<sval type="int" val="-2" />
				</sval>
				<sval type="array" size="7">
					<sval type="int" val="130" />
					<sval type="int" val="131074" />
					<sval type="int" val="10" />
					<sval type="int" val="131074" />
					<sval type="int" val="4" />
					<sval type="int" val="131075" />
					<sval type="int" val="9" />
				</sval>
				<sval type="array" size="6">
					<sval type="int" val="129" />
					<sval type="int" val="14" />
					<sval type="int" val="131074" />
					<sval type="int" val="10" />
					<sval type="int" val="131074" />
					<sval type="int" val="9" />
				</sval>
				<sval type="array" size="13">
					<sval type="int" val="104" />
					<sval type="int" val="-1610600445" />
					<sval type="int" val="3" />
					<sval type="int" val="131074" />
					<sval type="int" val="14" />
					<sval type="int" val="0" />
					<sval type="int" val="0" />
					<sval type="int" val="15" />
					<sval type="int" val="1" />
					<sval type="int" val="3" />
					<sval type="int" val="-1" />
					<sval type="int" val="1" />
					<sval type="int" val="-2" />
				</sval>
				<sval type="array" size="3">
					<sval type="int" val="1101" />
					<sval type="int" val="131074" />
					<sval type="int" val="14" />
				</sval>
				<sval type="array" size="7">
					<sval type="int" val="130" />
					<sval type="int" val="131074" />
					<sval type="int" val="10" />
					<sval type="int" val="131074" />
					<sval type="int" val="9" />
					<sval type="int" val="0" />
					<sval type="int" val="0" />
				</sval>
				<sval type="array" size="6">
					<sval type="int" val="126" />
					<sval type="int" val="15" />
					<sval type="int" val="131074" />
					<sval type="int" val="2" />
					<sval type="int" val="4" />
					<sval type="int" val="5" />
				</sval>
				<sval type="array" size="5">
					<sval type="int" val="203" />
					<sval type="int" val="131074" />
					<sval type="int" val="15" />
					<sval type="int" val="131075" />
					<sval type="int" val="10" />
				</sval>
				<sval type="array" size="2">
					<sval type="int" val="112" />
					<sval type="int" val="56" />
				</sval>
				<sval type="array" size="13">
					<sval type="int" val="104" />
					<sval type="int" val="-1610598395" />
					<sval type="int" val="3" />
					<sval type="int" val="131074" />
					<sval type="int" val="1" />
					<sval type="int" val="5" />
					<sval type="string" val="timer" />
					<sval type="int" val="15" />
					<sval type="int" val="0" />
					<sval type="int" val="3" />
					<sval type="int" val="-1" />
					<sval type="int" val="0" />
					<sval type="int" val="-2" />
				</sval>
				<sval type="array" size="6">
					<sval type="int" val="129" />
					<sval type="int" val="-1610598397" />
					<sval type="int" val="131074" />
					<sval type="int" val="10" />
					<sval type="int" val="131074" />
					<sval type="int" val="4" />
				</sval>
				<sval type="array" size="6">
					<sval type="int" val="129" />
					<sval type="int" val="-536856572" />
					<sval type="int" val="131074" />
					<sval type="int" val="10" />
					<sval type="int" val="131074" />
					<sval type="int" val="7" />
				</sval>
				<sval type="array" size="7">
					<sval type="int" val="130" />
					<sval type="int" val="131074" />
					<sval type="int" val="10" />
					<sval type="int" val="131074" />
					<sval type="int" val="7" />
					<sval type="int" val="131075" />
					<sval type="int" val="10" />
				</sval>
				<sval type="array" size="7">
					<sval type="int" val="130" />
					<sval type="int" val="131074" />
					<sval type="int" val="10" />
					<sval type="int" val="131074" />
					<sval type="int" val="7" />
					<sval type="int" val="131075" />
					<sval type="int" val="9" />
				</sval>
				<sval type="array" size="3">
					<sval type="int" val="103" />
					<sval type="int" val="0" />
					<sval type="int" val="0" />
				</sval>
			</sval>
			<sval type="array" size="2">
				<sval type="array" size="2">
					<sval type="int" val="11" />
					<sval type="string" val="" />
				</sval>
				<sval type="array" size="2">
					<sval type="int" val="11" />
					<sval type="string" val="" />
				</sval>
			</sval>
			<sval type="array" size="77">
				<sval type="array" size="3">
					<sval type="int" val="0" />
					<sval type="int" val="1" />
					<sval type="string" val="************************************************" />
				</sval>
				<sval type="array" size="3">
					<sval type="int" val="0" />
					<sval type="int" val="1" />
					<sval type="string" val="SCRIPT NAME: al.zanzal.PwnMi.main" />
				</sval>
				<sval type="array" size="3">
					<sval type="int" val="0" />
					<sval type="int" val="1" />
					<sval type="string" val="DESCRIPTION: PwnMi - Station Hacking Interface." />
				</sval>
				<sval type="array" size="3">
					<sval type="int" val="0" />
					<sval type="int" val="1" />
					<sval type="string" val="This script is used to control the state of the artificial life plugin. " />
				</sval>
				<sval type="array" size="3">
					<sval type="int" val="0" />
					<sval type="int" val="1" />
					<sval type="string" val="Originally started this mod as an ECS mod, but I don't want" />
				</sval>
				<sval type="array" size="3">
					<sval type="int" val="0" />
					<sval type="int" val="1" />
					<sval type="string" val="to introduce conflicts with Pirate Guild 3 so I decided to discontinue" />
				</sval>
				<sval type="array" size="3">
					<sval type="int" val="0" />
					<sval type="int" val="1" />
					<sval type="string" val="using ECS. I am so happy though that Serial Kicked released ECS" />
				</sval>
				<sval type="array" size="3">
					<sval type="int" val="0" />
					<sval type="int" val="1" />
					<sval type="string" val="Because it did help me to get started and provided something" />
				</sval>
				<sval type="array" size="3">
					<sval type="int" val="0" />
					<sval type="int" val="1" />
					<sval type="string" val="that worked during the first few days when everything I wrote was" />
				</sval>
				<sval type="array" size="3">
					<sval type="int" val="0" />
					<sval type="int" val="1" />
					<sval type="string" val="broken." />
				</sval>
				<sval type="array" size="3">
					<sval type="int" val="0" />
					<sval type="int" val="1" />
					<sval type="string" val="" />
				</sval>
				<sval type="array" size="3">
					<sval type="int" val="0" />
					<sval type="int" val="1" />
					<sval type="string" val="AUTHOR: Zanzal        DATE: 14 December 2013" />
				</sval>
				<sval type="array" size="3">
					<sval type="int" val="0" />
					<sval type="int" val="1" />
					<sval type="string" val="************************************************" />
				</sval>
				<sval type="array" size="3">
					<sval type="int" val="0" />
					<sval type="int" val="1" />
					<sval type="string" val="ATTRIBUTIONS = Code used from these authors:" />
				</sval>
				<sval type="array" size="3">
					<sval type="int" val="0" />
					<sval type="int" val="1" />
					<sval type="string" val="Serial Kicked - Template taken from SK's ECS example 'dummy' scripts" />
				</sval>
				<sval type="array" size="3">
					<sval type="int" val="0" />
					<sval type="int" val="1" />
					<sval type="string" val="Gazz - A few lines from one of Gazz's scripts thrown in for good measure" />
				</sval>
				<sval type="array" size="3">
					<sval type="int" val="0" />
					<sval type="int" val="1" />
					<sval type="string" val="************************************************" />
				</sval>
				<sval type="array" size="3">
					<sval type="int" val="0" />
					<sval type="int" val="1" />
					<sval type="string" val="LICENSE: CC-BY-SA 4.0 International - http://creativecommons.org/licenses/by-sa/4.0/legalcode" />
				</sval>
				<sval type="array" size="3">
					<sval type="int" val="0" />
					<sval type="int" val="1" />
					<sval type="string" val="************************************************" />
				</sval>
				<sval type="array" size="2">
					<sval type="int" val="0" />
					<sval type="int" val="2" />
				</sval>
				<sval type="array" size="3">
					<sval type="int" val="1" />
					<sval type="int" val="1" />
					<sval type="string" val="What other page ID could we use? :)" />
				</sval>
				<sval type="array" size="2">
					<sval type="int" val="1" />
					<sval type="int" val="2" />
				</sval>
				<sval type="array" size="3">
					<sval type="int" val="1" />
					<sval type="int" val="1" />
					<sval type="string" val="These 4 lines I used from Gazz's follow me script. Given that I am not sure how all this" />
				</sval>
				<sval type="array" size="3">
					<sval type="int" val="1" />
					<sval type="int" val="1" />
					<sval type="string" val="stuff works yet, I figured I'd take a hint from a vet that this script might get called without a plugin ID or event." />
				</sval>
				<sval type="array" size="3">
					<sval type="int" val="1" />
					<sval type="int" val="1" />
					<sval type="string" val="It looked like a good idea." />
				</sval>
				<sval type="array" size="2">
					<sval type="int" val="4" />
					<sval type="int" val="4" />
				</sval>
				<sval type="array" size="2">
					<sval type="int" val="4" />
					<sval type="int" val="2" />
				</sval>
				<sval type="array" size="3">
					<sval type="int" val="4" />
					<sval type="int" val="1" />
					<sval type="string" val="NOTE: I am not sure why other plugins use a stub that registers a different " />
				</sval>
				<sval type="array" size="3">
					<sval type="int" val="4" />
					<sval type="int" val="1" />
					<sval type="string" val="script instead of just putting it in the main. Even ECS does it like that..." />
				</sval>
				<sval type="array" size="2">
					<sval type="int" val="4" />
					<sval type="int" val="2" />
				</sval>
				<sval type="array" size="2">
					<sval type="int" val="5" />
					<sval type="int" val="2" />
				</sval>
				<sval type="array" size="3">
					<sval type="int" val="5" />
					<sval type="int" val="1" />
					<sval type="string" val="Indexes for our plugin global data array to help make code easier to understand." />
				</sval>
				<sval type="array" size="2">
					<sval type="int" val="12" />
					<sval type="int" val="2" />
				</sval>
				<sval type="array" size="3">
					<sval type="int" val="16" />
					<sval type="int" val="1" />
					<sval type="string" val="Plugin Data Version (according to ecs)" />
				</sval>
				<sval type="array" size="3">
					<sval type="int" val="17" />
					<sval type="int" val="1" />
					<sval type="string" val="Plugin Off by Default" />
				</sval>
				<sval type="array" size="3">
					<sval type="int" val="18" />
					<sval type="int" val="1" />
					<sval type="string" val="Hacker Rank" />
				</sval>
				<sval type="array" size="3">
					<sval type="int" val="19" />
					<sval type="int" val="1" />
					<sval type="string" val="Hacker Experience" />
				</sval>
				<sval type="array" size="3">
					<sval type="int" val="20" />
					<sval type="int" val="1" />
					<sval type="string" val="Timer Event Running" />
				</sval>
				<sval type="array" size="3">
					<sval type="int" val="21" />
					<sval type="int" val="1" />
					<sval type="string" val="Hacking Comms Range" />
				</sval>
				<sval type="array" size="3">
					<sval type="int" val="22" />
					<sval type="int" val="1" />
					<sval type="string" val="Hot Key" />
				</sval>
				<sval type="array" size="2">
					<sval type="int" val="23" />
					<sval type="int" val="4" />
				</sval>
				<sval type="array" size="2">
					<sval type="int" val="23" />
					<sval type="int" val="2" />
				</sval>
				<sval type="array" size="2">
					<sval type="int" val="23" />
					<sval type="int" val="2" />
				</sval>
				<sval type="array" size="3">
					<sval type="int" val="24" />
					<sval type="int" val="1" />
					<sval type="string" val="init and reinit are run every time the game loads" />
				</sval>
				<sval type="array" size="2">
					<sval type="int" val="28" />
					<sval type="int" val="2" />
				</sval>
				<sval type="array" size="3">
					<sval type="int" val="30" />
					<sval type="int" val="1" />
					<sval type="string" val="assume this is called by the X3 engine to check if the AL script is running." />
				</sval>
				<sval type="array" size="2">
					<sval type="int" val="34" />
					<sval type="int" val="2" />
				</sval>
				<sval type="array" size="3">
					<sval type="int" val="36" />
					<sval type="int" val="1" />
					<sval type="string" val="Use this area to process special instructions when the plugin is toggled on" />
				</sval>
				<sval type="array" size="2">
					<sval type="int" val="38" />
					<sval type="int" val="2" />
				</sval>
				<sval type="array" size="3">
					<sval type="int" val="38" />
					<sval type="int" val="1" />
					<sval type="string" val="Register to ECS Comm Key" />
				</sval>
				<sval type="array" size="3">
					<sval type="int" val="38" />
					<sval type="int" val="1" />
					<sval type="string" val="dim $setup = 'plugin.zanzal.PwnMi', 'plugin.zanzal.PwnMi.commscript', null, null, [Station], 10, ''" />
				</sval>
				<sval type="array" size="3">
					<sval type="int" val="38" />
					<sval type="int" val="1" />
					<sval type="string" val="skip if [THIS]-&gt; call script 'plugin.sk.ecs.register' : setup=$setup" />
				</sval>
				<sval type="array" size="3">
					<sval type="int" val="38" />
					<sval type="int" val="1" />
					<sval type="string" val="send incoming message 'Error registering PwnMi. Is ECS installed?' to player: display it=[TRUE]" />
				</sval>
				<sval type="array" size="2">
					<sval type="int" val="38" />
					<sval type="int" val="2" />
				</sval>
				<sval type="array" size="2">
					<sval type="int" val="41" />
					<sval type="int" val="4" />
				</sval>
				<sval type="array" size="2">
					<sval type="int" val="41" />
					<sval type="int" val="2" />
				</sval>
				<sval type="array" size="3">
					<sval type="int" val="43" />
					<sval type="int" val="1" />
					<sval type="string" val="Use this area to process special instructions when the plugin is toggled off" />
				</sval>
				<sval type="array" size="2">
					<sval type="int" val="44" />
					<sval type="int" val="2" />
				</sval>
				<sval type="array" size="3">
					<sval type="int" val="44" />
					<sval type="int" val="1" />
					<sval type="string" val="Unregister From ECS" />
				</sval>
				<sval type="array" size="3">
					<sval type="int" val="44" />
					<sval type="int" val="1" />
					<sval type="string" val="set global variable: name='plugin.zanzal.PwnMi' value=null" />
				</sval>
				<sval type="array" size="3">
					<sval type="int" val="44" />
					<sval type="int" val="1" />
					<sval type="string" val="= [THIS]-&gt; call script 'plugin.sk.ecs.news.clear' : plugin.id='plugin.zanzal.PwnMi'" />
				</sval>
				<sval type="array" size="3">
					<sval type="int" val="44" />
					<sval type="int" val="1" />
					<sval type="string" val="skip if [THIS]-&gt; call script 'plugin.sk.ecs.unregister' : plugin.id='plugin.zanzal.PwnMi'" />
				</sval>
				<sval type="array" size="3">
					<sval type="int" val="44" />
					<sval type="int" val="1" />
					<sval type="string" val="send incoming message 'Unable to unregister PwnMi script : Script not registered to ECS' to player: display it=[TRUE]" />
				</sval>
				<sval type="array" size="2">
					<sval type="int" val="44" />
					<sval type="int" val="2" />
				</sval>
				<sval type="array" size="2">
					<sval type="int" val="48" />
					<sval type="int" val="4" />
				</sval>
				<sval type="array" size="2">
					<sval type="int" val="48" />
					<sval type="int" val="2" />
				</sval>
				<sval type="array" size="2">
					<sval type="int" val="50" />
					<sval type="int" val="2" />
				</sval>
				<sval type="array" size="3">
					<sval type="int" val="52" />
					<sval type="int" val="1" />
					<sval type="string" val="The event script is called every interval" />
				</sval>
				<sval type="array" size="2">
					<sval type="int" val="55" />
					<sval type="int" val="2" />
				</sval>
				<sval type="array" size="3">
					<sval type="int" val="55" />
					<sval type="int" val="1" />
					<sval type="string" val="I think this is what Dr. Bullwinkle was talking about the chance of AL pileups." />
				</sval>
				<sval type="array" size="3">
					<sval type="int" val="55" />
					<sval type="int" val="1" />
					<sval type="string" val="Although PwnMi doesn't use the timer right now, I'll add a flag just in case for" />
				</sval>
				<sval type="array" size="3">
					<sval type="int" val="55" />
					<sval type="int" val="1" />
					<sval type="string" val="later since I might end up reusing this elsewhere." />
				</sval>
				<sval type="array" size="2">
					<sval type="int" val="55" />
					<sval type="int" val="2" />
				</sval>
				<sval type="array" size="2">
					<sval type="int" val="56" />
					<sval type="int" val="4" />
				</sval>
				<sval type="array" size="2">
					<sval type="int" val="56" />
					<sval type="int" val="4" />
				</sval>
				<sval type="array" size="2">
					<sval type="int" val="56" />
					<sval type="int" val="4" />
				</sval>
				<sval type="array" size="2">
					<sval type="int" val="56" />
					<sval type="int" val="2" />
				</sval>
			</sval>
			<sval type="int" val="0" />
		</sval>
	</codearray>
</script>
