<?xml version="1.0" standalone="yes"?>
<?xml-stylesheet href="x2script.xsl" type="text/xsl"?>
<!-- Generated using X-Studio -->
<script>
	<name>plugin.zanzal.PwnMi.report</name>
	<version>1</version>
	<engineversion>50</engineversion>
	<description></description>
	<arguments>
		<argument index="1" name="target" type="Var/Station" desc="" />
	</arguments>
	<sourcetext>
		<line linenr="001" indent="">
			<comment>* ************************************************</comment>
		</line>
		<line linenr="002" indent="">
			<comment>* SCRIPT NAME: plugin.zanzal.PwnMi.report</comment>
		</line>
		<line linenr="003" indent="">
			<comment>* DESCRIPTION: Display status report for player and sector.</comment>
		</line>
		<line linenr="004" indent="">
			<comment>* </comment>
		</line>
		<line linenr="005" indent="">
			<comment>* AUTHOR:  Zanzal         DATE: 15 December 2013</comment>
		</line>
		<line linenr="006" indent="">
			<comment>* ************************************************</comment>
		</line>
		<line linenr="007" indent="">
			<comment>* LICENSE: CC-BY-SA 4.0 International - http://creativecommons.org/licenses/by-sa/4.0/legalcode</comment>
		</line>
		<line linenr="008" indent="">
			<comment>* ************************************************</comment>
		</line>
		<line linenr="009" indent="">
			<var>$pageid</var>
			<text> </text>
			<text>=</text>
			<text> </text>
			<var>1337</var>
		</line>
		<line linenr="010" indent="" />
		<line linenr="011" indent="">
			<var>$IDX_PRIVILEGE</var>
			<text> </text>
			<text>=</text>
			<text> </text>
			<var>0</var>
		</line>
		<line linenr="012" indent="">
			<var>$IDX_TIER</var>
			<text> </text>
			<text>=</text>
			<text> </text>
			<var>5</var>
		</line>
		<line linenr="013" indent="" />
		<line linenr="014" indent="">
			<var>$hackerlevels</var>
			<text> </text>
			<text>=</text>
			<text> </text>
			<text>array</text>
			<text> </text>
			<text>alloc</text>
			<text>:</text>
			<text> </text>
			<text>size</text>
			<text>=</text>
			<var>4</var>
		</line>
		<line linenr="015" indent="">
			<var>$hackerlevels</var>
			<text>[</text>
			<var>0</var>
			<text>]</text>
			<text> </text>
			<text>=</text>
			<text> </text>
			<var>0</var>
		</line>
		<line linenr="016" indent="">
			<var>$hackerlevels</var>
			<text>[</text>
			<var>1</var>
			<text>]</text>
			<text> </text>
			<text>=</text>
			<text> </text>
			<var>1024</var>
		</line>
		<line linenr="017" indent="">
			<var>$hackerlevels</var>
			<text>[</text>
			<var>2</var>
			<text>]</text>
			<text> </text>
			<text>=</text>
			<text> </text>
			<var>3072</var>
		</line>
		<line linenr="018" indent="">
			<var>$hackerlevels</var>
			<text>[</text>
			<var>3</var>
			<text>]</text>
			<text> </text>
			<text>=</text>
			<text> </text>
			<var>7168</var>
		</line>
		<line linenr="019" indent="" />
		<line linenr="020" indent="">
			<var>$VARIDX_HACKERRANK</var>
			<text> </text>
			<text>=</text>
			<text> </text>
			<var>2</var>
		</line>
		<line linenr="021" indent="">
			<var>$VARIDX_HACKEREXP</var>
			<text> </text>
			<text>=</text>
			<text> </text>
			<var>3</var>
		</line>
		<line linenr="022" indent="" />
		<line linenr="023" indent="&#160;">
			<var>$plugin.Vars</var>
			<text> </text>
			<text>=</text>
			<text> </text>
			<text>get</text>
			<text> </text>
			<text>global</text>
			<text> </text>
			<text>variable</text>
			<text>:</text>
			<text> </text>
			<text>name</text>
			<text>=</text>
			<text>'al.plugin.zanzal.PwnMi.main'</text>
		</line>
		<line linenr="024" indent="">
			<var>$hackerrank</var>
			<text> </text>
			<text>=</text>
			<text> </text>
			<var>$plugin.Vars</var>
			<text>[</text>
			<var>$VARIDX_HACKERRANK</var>
			<text>]</text>
		</line>
		<line linenr="025" indent="&#160;">
			<var>$hackerexp</var>
			<text> </text>
			<text>=</text>
			<text> </text>
			<var>$plugin.Vars</var>
			<text>[</text>
			<var>$VARIDX_HACKEREXP</var>
			<text>]</text>
		</line>
		<line linenr="026" indent="">
			<text>if</text>
			<text> </text>
			<var>$hackerrank</var>
			<text> </text>
			<text>==</text>
			<text> </text>
			<var>3</var>
		</line>
		<line linenr="027" indent="&#160;">
			<var>$hackergrade</var>
			<text> </text>
			<text>=</text>
			<text> </text>
			<text>read</text>
			<text> </text>
			<text>text</text>
			<text>:</text>
			<text> </text>
			<text>page</text>
			<text>=</text>
			<var>$pageid</var>
			<text> </text>
			<text>id</text>
			<text>=</text>
			<var>21</var>
		</line>
		<line linenr="028" indent="">
			<text>else</text>
			<text> </text>
			<text>if</text>
			<text> </text>
			<var>$hackerrank</var>
			<text> </text>
			<text>==</text>
			<text> </text>
			<var>2</var>
		</line>
		<line linenr="029" indent="&#160;">
			<var>$hackergrade</var>
			<text> </text>
			<text>=</text>
			<text> </text>
			<text>read</text>
			<text> </text>
			<text>text</text>
			<text>:</text>
			<text> </text>
			<text>page</text>
			<text>=</text>
			<var>$pageid</var>
			<text> </text>
			<text>id</text>
			<text>=</text>
			<var>22</var>
		</line>
		<line linenr="030" indent="">
			<text>else</text>
			<text> </text>
			<text>if</text>
			<text> </text>
			<var>$hackerrank</var>
			<text> </text>
			<text>==</text>
			<text> </text>
			<var>1</var>
		</line>
		<line linenr="031" indent="">
			<var>$hackergrade</var>
			<text> </text>
			<text>=</text>
			<text> </text>
			<text>read</text>
			<text> </text>
			<text>text</text>
			<text>:</text>
			<text> </text>
			<text>page</text>
			<text>=</text>
			<var>$pageid</var>
			<text> </text>
			<text>id</text>
			<text>=</text>
			<var>23</var>
		</line>
		<line linenr="032" indent="">
			<text>else</text>
		</line>
		<line linenr="033" indent="">
			<var>$hackergrade</var>
			<text> </text>
			<text>=</text>
			<text> </text>
			<text>read</text>
			<text> </text>
			<text>text</text>
			<text>:</text>
			<text> </text>
			<text>page</text>
			<text>=</text>
			<var>$pageid</var>
			<text> </text>
			<text>id</text>
			<text>=</text>
			<var>24</var>
		</line>
		<line linenr="034" indent="&#160;">
			<text>end</text>
		</line>
		<line linenr="035" indent="&#160;&#160;" />
		<line linenr="036" indent="&#160;&#160;">
			<var>$progress</var>
			<text> </text>
			<text>=</text>
			<text> </text>
			<text>'100%'</text>
		</line>
		<line linenr="037" indent="&#160;&#160;">
			<var>$l</var>
			<text> </text>
			<text>=</text>
			<text> </text>
			<text>size</text>
			<text> </text>
			<text>of</text>
			<text> </text>
			<text>array</text>
			<text> </text>
			<var>$hackerlevels</var>
		</line>
		<line linenr="038" indent="&#160;&#160;&#160;">
			<text>while</text>
			<text> </text>
			<var>$l</var>
		</line>
		<line linenr="039" indent="&#160;&#160;&#160;">
			<text>dec</text>
			<text> </text>
			<var>$l</var>
		</line>
		<line linenr="040" indent="&#160;&#160;&#160;">
			<var>$tnl</var>
			<text> </text>
			<text>=</text>
			<text> </text>
			<var>$hackerlevels</var>
			<text>[</text>
			<var>$l</var>
			<text>]</text>
		</line>
		<line linenr="041" indent="&#160;&#160;&#160;">
			<text>if</text>
			<text> </text>
			<var>$hackerexp</var>
			<text> </text>
			<text>&gt;=</text>
			<text> </text>
			<var>$tnl</var>
		</line>
		<line linenr="042" indent="&#160;&#160;&#160;">
			<var>$last</var>
			<text> </text>
			<text>=</text>
			<text> </text>
			<text>size</text>
			<text> </text>
			<text>of</text>
			<text> </text>
			<text>array</text>
			<text> </text>
			<var>$hackerlevels</var>
		</line>
		<line linenr="043" indent="&#160;&#160;&#160;">
			<text>dec</text>
			<text> </text>
			<var>$last</var>
		</line>
		<line linenr="044" indent="&#160;&#160;&#160;">
			<text>if</text>
			<text> </text>
			<var>$l</var>
			<text> </text>
			<text>!=</text>
			<text> </text>
			<var>$last</var>
		</line>
		<line linenr="045" indent="&#160;&#160;">
			<var>$sub</var>
			<text> </text>
			<text>=</text>
			<text> </text>
			<var>$hackerlevels</var>
			<text>[</text>
			<var>$l</var>
			<text>]</text>
		</line>
		<line linenr="046" indent="&#160;&#160;">
			<text>inc</text>
			<text> </text>
			<var>$l</var>
		</line>
		<line linenr="047" indent="&#160;">
			<var>$tng</var>
			<text> </text>
			<text>=</text>
			<text> </text>
			<var>$hackerlevels</var>
			<text>[</text>
			<var>$l</var>
			<text>]</text>
		</line>
		<line linenr="048" indent="">
			<var>$tng</var>
			<text> </text>
			<text>=</text>
			<text> </text>
			<var>$tng</var>
			<text> </text>
			<text>-</text>
			<text> </text>
			<var>$sub</var>
		</line>
		<line linenr="049" indent="">
			<var>$hackerexp</var>
			<text> </text>
			<text>=</text>
			<text> </text>
			<var>$hackerexp</var>
			<text> </text>
			<text>-</text>
			<text> </text>
			<var>$sub</var>
		</line>
		<line linenr="050" indent="">
			<var>$pr</var>
			<text> </text>
			<text>=</text>
			<text> </text>
			<var>$hackerexp</var>
			<text> </text>
			<text>*</text>
			<text> </text>
			<var>100</var>
			<text> </text>
			<text>/</text>
			<text> </text>
			<var>$tng</var>
		</line>
		<line linenr="051" indent="">
			<var>$progress</var>
			<text> </text>
			<text>=</text>
			<text> </text>
			<var>$pr</var>
			<text> </text>
			<text>+</text>
			<text> </text>
			<text>'%'</text>
		</line>
		<line linenr="052" indent="">
			<text>end</text>
		</line>
		<line linenr="053" indent="">
			<text>break</text>
		</line>
		<line linenr="054" indent="">
			<text>end</text>
		</line>
		<line linenr="055" indent="">
			<text>end</text>
		</line>
		<line linenr="056" indent="">
			<var>$target.name</var>
			<text> </text>
			<text>=</text>
			<text> </text>
			<var>$target</var>
			<text>-&gt;</text>
			<text> </text>
			<text>get</text>
			<text> </text>
			<text>name</text>
		</line>
		<line linenr="057" indent="">
			<var>$sector</var>
			<text> </text>
			<text>=</text>
			<text> </text>
			<var>$target</var>
			<text>-&gt;</text>
			<text> </text>
			<text>get</text>
			<text> </text>
			<text>sector</text>
		</line>
		<line linenr="058" indent="">
			<var>$sector.name</var>
			<text> </text>
			<text>=</text>
			<text> </text>
			<var>$sector</var>
			<text>-&gt;</text>
			<text> </text>
			<text>get</text>
			<text> </text>
			<text>name</text>
		</line>
		<line linenr="059" indent="" />
		<line linenr="060" indent="">
			<var>$PwnMi.menu.title</var>
			<text> </text>
			<text>=</text>
			<text> </text>
			<text>read</text>
			<text> </text>
			<text>text</text>
			<text>:</text>
			<text> </text>
			<text>page</text>
			<text>=</text>
			<var>$pageid</var>
			<text> </text>
			<text>id</text>
			<text>=</text>
			<var>3</var>
		</line>
		<line linenr="061" indent="" />
		<line linenr="062" indent="">
			<var>$menu</var>
			<text> </text>
			<text>=</text>
			<text> </text>
			<text>create</text>
			<text> </text>
			<text>custom</text>
			<text> </text>
			<text>menu</text>
			<text> </text>
			<text>array</text>
		</line>
		<line linenr="063" indent="" />
		<line linenr="064" indent="">
			<text>add</text>
			<text> </text>
			<text>custom</text>
			<text> </text>
			<text>menu</text>
			<text> </text>
			<text>heading</text>
			<text> </text>
			<text>to</text>
			<text> </text>
			<text>array</text>
			<text> </text>
			<var>$menu</var>
			<text>:</text>
			<text> </text>
			<text>title</text>
			<text>=</text>
			<var>null</var>
		</line>
		<line linenr="065" indent="" />
		<line linenr="066" indent="">
			<comment>* Section: Your status</comment>
		</line>
		<line linenr="067" indent="">
			<text>add</text>
			<text> </text>
			<text>section</text>
			<text> </text>
			<text>to</text>
			<text> </text>
			<text>custom</text>
			<text> </text>
			<text>menu</text>
			<text>:</text>
			<text> </text>
			<var>$menu</var>
		</line>
		<line linenr="068" indent="">
			<var>$susheading</var>
			<text> </text>
			<text>=</text>
			<text> </text>
			<text>read</text>
			<text> </text>
			<text>text</text>
			<text>:</text>
			<text> </text>
			<text>page</text>
			<text>=</text>
			<var>$pageid</var>
			<text> </text>
			<text>id</text>
			<text>=</text>
			<var>37</var>
		</line>
		<line linenr="069" indent="">
			<var>$XStudio.Hidden</var>
			<text> </text>
			<text>=</text>
			<text> </text>
			<text>read</text>
			<text> </text>
			<text>text</text>
			<text>:</text>
			<text> </text>
			<text>page</text>
			<text>=</text>
			<var>$pageid</var>
			<text> </text>
			<text>id</text>
			<text>=</text>
			<var>79</var>
		</line>
		<line linenr="070" indent="">
			<text>add</text>
			<text> </text>
			<text>custom</text>
			<text> </text>
			<text>menu</text>
			<text> </text>
			<text>heading</text>
			<text> </text>
			<text>to</text>
			<text> </text>
			<text>array</text>
			<text> </text>
			<var>$menu</var>
			<text>:</text>
			<text> </text>
			<text>title</text>
			<text>=</text>
			<var>$XStudio.Hidden</var>
		</line>
		<line linenr="071" indent="" />
		<line linenr="072" indent="">
			<var>$caption</var>
			<text> </text>
			<text>=</text>
			<text> </text>
			<text>read</text>
			<text> </text>
			<text>text</text>
			<text>:</text>
			<text> </text>
			<text>page</text>
			<text>=</text>
			<var>2006</var>
			<text> </text>
			<text>id</text>
			<text>=</text>
			<var>2016</var>
		</line>
		<line linenr="073" indent="">
			<var>$sectorcaption</var>
			<text> </text>
			<text>=</text>
			<text> </text>
			<text>read</text>
			<text> </text>
			<text>text</text>
			<text>:</text>
			<text> </text>
			<text>page</text>
			<text>=</text>
			<var>35</var>
			<text> </text>
			<text>id</text>
			<text>=</text>
			<var>715</var>
		</line>
		<line linenr="074" indent="">
			<var>$suslevelcaption</var>
			<text> </text>
			<text>=</text>
			<text> </text>
			<text>read</text>
			<text> </text>
			<text>text</text>
			<text>:</text>
			<text> </text>
			<text>page</text>
			<text>=</text>
			<var>$pageid</var>
			<text> </text>
			<text>id</text>
			<text>=</text>
			<var>34</var>
		</line>
		<line linenr="075" indent="">
			<var>$privcaption</var>
			<text> </text>
			<text>=</text>
			<text> </text>
			<text>read</text>
			<text> </text>
			<text>text</text>
			<text>:</text>
			<text> </text>
			<text>page</text>
			<text>=</text>
			<var>$pageid</var>
			<text> </text>
			<text>id</text>
			<text>=</text>
			<var>38</var>
		</line>
		<line linenr="076" indent="">
			<var>$knownstatcaption</var>
			<text> </text>
			<text>=</text>
			<text> </text>
			<text>read</text>
			<text> </text>
			<text>text</text>
			<text>:</text>
			<text> </text>
			<text>page</text>
			<text>=</text>
			<var>$pageid</var>
			<text> </text>
			<text>id</text>
			<text>=</text>
			<var>80</var>
		</line>
		<line linenr="077" indent="">
			<var>$tiercaption</var>
			<text> </text>
			<text>=</text>
			<text> </text>
			<text>read</text>
			<text> </text>
			<text>text</text>
			<text>:</text>
			<text> </text>
			<text>page</text>
			<text>=</text>
			<var>$pageid</var>
			<text> </text>
			<text>id</text>
			<text>=</text>
			<var>78</var>
		</line>
		<line linenr="078" indent="">
			<var>$hackgcaption</var>
			<text> </text>
			<text>=</text>
			<text> </text>
			<text>read</text>
			<text> </text>
			<text>text</text>
			<text>:</text>
			<text> </text>
			<text>page</text>
			<text>=</text>
			<var>$pageid</var>
			<text> </text>
			<text>id</text>
			<text>=</text>
			<var>84</var>
		</line>
		<line linenr="079" indent="">
			<var>$nextgcaption</var>
			<text> </text>
			<text>=</text>
			<text> </text>
			<text>read</text>
			<text> </text>
			<text>text</text>
			<text>:</text>
			<text> </text>
			<text>page</text>
			<text>=</text>
			<var>$pageid</var>
			<text> </text>
			<text>id</text>
			<text>=</text>
			<var>83</var>
		</line>
		<line linenr="080" indent="" />
		<line linenr="081" indent="">
			<var>$line</var>
			<text> </text>
			<text>=</text>
			<text> </text>
			<text>array</text>
			<text> </text>
			<text>alloc</text>
			<text>:</text>
			<text> </text>
			<text>size</text>
			<text>=</text>
			<var>4</var>
		</line>
		<line linenr="082" indent="">
			<var>$line</var>
			<text>[</text>
			<var>0</var>
			<text>]</text>
			<text> </text>
			<text>=</text>
			<text> </text>
			<var>1</var>
		</line>
		<line linenr="083" indent="">
			<var>$line</var>
			<text>[</text>
			<var>1</var>
			<text>]</text>
			<text> </text>
			<text>=</text>
			<text> </text>
			<var>$sectorcaption</var>
		</line>
		<line linenr="084" indent="">
			<var>$line</var>
			<text>[</text>
			<var>2</var>
			<text>]</text>
			<text> </text>
			<text>=</text>
			<text> </text>
			<var>100</var>
		</line>
		<line linenr="085" indent="&#160;">
			<var>$line</var>
			<text>[</text>
			<var>3</var>
			<text>]</text>
			<text> </text>
			<text>=</text>
			<text> </text>
			<var>$sector.name</var>
		</line>
		<line linenr="086" indent="&#160;">
			<text>add</text>
			<text> </text>
			<text>non</text>
			<text> </text>
			<text>selectable</text>
			<text> </text>
			<text>menu</text>
			<text> </text>
			<text>item</text>
			<text>:</text>
			<text> </text>
			<var>$menu</var>
			<text>,</text>
			<text> </text>
			<text>text</text>
			<text>=</text>
			<var>$line</var>
		</line>
		<line linenr="087" indent="&#160;">
			<var>$line</var>
			<text> </text>
			<text>=</text>
			<text> </text>
			<text>array</text>
			<text> </text>
			<text>alloc</text>
			<text>:</text>
			<text> </text>
			<text>size</text>
			<text>=</text>
			<var>4</var>
		</line>
		<line linenr="088" indent="&#160;&#160;">
			<var>$line</var>
			<text>[</text>
			<var>0</var>
			<text>]</text>
			<text> </text>
			<text>=</text>
			<text> </text>
			<var>1</var>
		</line>
		<line linenr="089" indent="&#160;&#160;">
			<var>$line</var>
			<text>[</text>
			<var>1</var>
			<text>]</text>
			<text> </text>
			<text>=</text>
			<text> </text>
			<var>$hackgcaption</var>
		</line>
		<line linenr="090" indent="&#160;&#160;">
			<var>$line</var>
			<text>[</text>
			<var>2</var>
			<text>]</text>
			<text> </text>
			<text>=</text>
			<text> </text>
			<var>100</var>
		</line>
		<line linenr="091" indent="&#160;&#160;">
			<var>$line</var>
			<text>[</text>
			<var>3</var>
			<text>]</text>
			<text> </text>
			<text>=</text>
			<text> </text>
			<var>$hackergrade</var>
		</line>
		<line linenr="092" indent="&#160;&#160;">
			<text>add</text>
			<text> </text>
			<text>non</text>
			<text> </text>
			<text>selectable</text>
			<text> </text>
			<text>menu</text>
			<text> </text>
			<text>item</text>
			<text>:</text>
			<text> </text>
			<var>$menu</var>
			<text>,</text>
			<text> </text>
			<text>text</text>
			<text>=</text>
			<var>$line</var>
		</line>
		<line linenr="093" indent="&#160;&#160;">
			<var>$line</var>
			<text> </text>
			<text>=</text>
			<text> </text>
			<text>array</text>
			<text> </text>
			<text>alloc</text>
			<text>:</text>
			<text> </text>
			<text>size</text>
			<text>=</text>
			<var>4</var>
		</line>
		<line linenr="094" indent="&#160;&#160;">
			<var>$line</var>
			<text>[</text>
			<var>0</var>
			<text>]</text>
			<text> </text>
			<text>=</text>
			<text> </text>
			<var>1</var>
		</line>
		<line linenr="095" indent="&#160;&#160;">
			<var>$line</var>
			<text>[</text>
			<var>1</var>
			<text>]</text>
			<text> </text>
			<text>=</text>
			<text> </text>
			<var>$nextgcaption</var>
		</line>
		<line linenr="096" indent="&#160;&#160;">
			<var>$line</var>
			<text>[</text>
			<var>2</var>
			<text>]</text>
			<text> </text>
			<text>=</text>
			<text> </text>
			<var>100</var>
		</line>
		<line linenr="097" indent="&#160;&#160;">
			<var>$line</var>
			<text>[</text>
			<var>3</var>
			<text>]</text>
			<text> </text>
			<text>=</text>
			<text> </text>
			<var>$progress</var>
		</line>
		<line linenr="098" indent="&#160;&#160;">
			<text>add</text>
			<text> </text>
			<text>non</text>
			<text> </text>
			<text>selectable</text>
			<text> </text>
			<text>menu</text>
			<text> </text>
			<text>item</text>
			<text>:</text>
			<text> </text>
			<var>$menu</var>
			<text>,</text>
			<text> </text>
			<text>text</text>
			<text>=</text>
			<var>$line</var>
		</line>
		<line linenr="099" indent="&#160;&#160;" />
		<line linenr="100" indent="&#160;">
			<comment>* Enum station listing: display count and store menu item for later use</comment>
		</line>
		<line linenr="101" indent="">
			<var>$target.sector</var>
			<text> </text>
			<text>=</text>
			<text> </text>
			<var>$target</var>
			<text>-&gt;</text>
			<text> </text>
			<text>get</text>
			<text> </text>
			<text>sector</text>
		</line>
		<line linenr="102" indent="">
			<var>$stations</var>
			<text> </text>
			<text>=</text>
			<text> </text>
			<var>$target.sector</var>
			<text>-&gt;</text>
			<text> </text>
			<text>get</text>
			<text> </text>
			<text>station</text>
			<text> </text>
			<text>array</text>
			<text> </text>
			<text>from</text>
			<text> </text>
			<text>sector</text>
		</line>
		<line linenr="103" indent="">
			<var>$stationListing</var>
			<text> </text>
			<text>=</text>
			<text> </text>
			<text>array</text>
			<text> </text>
			<text>alloc</text>
			<text>:</text>
			<text> </text>
			<text>size</text>
			<text>=</text>
			<var>0</var>
		</line>
		<line linenr="104" indent="">
			<var>$XS.Iterator1</var>
			<text> </text>
			<text>=</text>
			<text> </text>
			<text>size</text>
			<text> </text>
			<text>of</text>
			<text> </text>
			<text>array</text>
			<text> </text>
			<var>$stations</var>
		</line>
		<line linenr="105" indent="">
			<text>while</text>
			<text> </text>
			<var>$XS.Iterator1</var>
		</line>
		<line linenr="106" indent="">
			<text>dec</text>
			<text> </text>
			<var>$XS.Iterator1</var>
		</line>
		<line linenr="107" indent="">
			<var>$station</var>
			<text> </text>
			<text>=</text>
			<text> </text>
			<var>$stations</var>
			<text>[</text>
			<var>$XS.Iterator1</var>
			<text>]</text>
		</line>
		<line linenr="108" indent="">
			<var>$station.race</var>
			<text> </text>
			<text>=</text>
			<text> </text>
			<var>$station</var>
			<text>-&gt;</text>
			<text> </text>
			<text>get</text>
			<text> </text>
			<text>owner</text>
			<text> </text>
			<text>race</text>
		</line>
		<line linenr="109" indent="">
			<var>$station.known</var>
			<text> </text>
			<text>=</text>
			<text> </text>
			<var>$station</var>
			<text>-&gt;</text>
			<text> </text>
			<text>is</text>
			<text> </text>
			<text>known</text>
		</line>
		<line linenr="110" indent="">
			<text>if</text>
			<text> </text>
			<var>$station.race</var>
			<text> </text>
			<text>!=</text>
			<text> </text>
			<var>[Kha'ak]</var>
			<text> </text>
			<text>AND</text>
			<text> </text>
			<var>$station.race</var>
			<text> </text>
			<text>!=</text>
			<text> </text>
			<var>[Xenon]</var>
			<text> </text>
			<text>AND</text>
			<text> </text>
			<var>$station.race</var>
			<text> </text>
			<text>!=</text>
			<text> </text>
			<var>[Player]</var>
			<text> </text>
			<text>AND</text>
			<text> </text>
			<var>$station.known</var>
		</line>
		<line linenr="111" indent="" interruptable="@">
			<var>$station.vars.ex</var>
			<text> </text>
			<text>=</text>
			<text> </text>
			<var>[THIS]</var>
			<text>-&gt;</text>
			<text> </text>
			<text>call</text>
			<text> </text>
			<text>script</text>
			<text> </text>
			<call>plugin.zanzal.PwnMi.getstationvars</call>
			<text> </text>
			<text>:</text>
			<text> </text>
			<text>target</text>
			<text>=</text>
			<var>$station</var>
		</line>
		<line linenr="112" indent="">
			<var>$station.Vars</var>
			<text> </text>
			<text>=</text>
			<text> </text>
			<var>$station.vars.ex</var>
			<text>[</text>
			<var>0</var>
			<text>]</text>
		</line>
		<line linenr="113" indent="&#160;">
			<var>$tier</var>
			<text> </text>
			<text>=</text>
			<text> </text>
			<var>$station.Vars</var>
			<text>[</text>
			<var>$IDX_TIER</var>
			<text>]</text>
		</line>
		<line linenr="114" indent="">
			<text>inc</text>
			<text> </text>
			<var>$tier</var>
		</line>
		<line linenr="115" indent="">
			<var>$tier</var>
			<text> </text>
			<text>=</text>
			<text> </text>
			<text>convert</text>
			<text> </text>
			<text>number</text>
			<text> </text>
			<var>$tier</var>
			<text> </text>
			<text>to</text>
			<text> </text>
			<text>string</text>
		</line>
		<line linenr="116" indent="">
			<var>$pl</var>
			<text> </text>
			<text>=</text>
			<text> </text>
			<var>$station.Vars</var>
			<text>[</text>
			<var>$IDX_PRIVILEGE</var>
			<text>]</text>
		</line>
		<line linenr="117" indent="">
			<var>$susl</var>
			<text> </text>
			<text>=</text>
			<text> </text>
			<var>$station.vars.ex</var>
			<text>[</text>
			<var>1</var>
			<text>]</text>
		</line>
		<line linenr="118" indent="">
			<var>$pls</var>
			<text> </text>
			<text>=</text>
			<text> </text>
			<text>convert</text>
			<text> </text>
			<text>number</text>
			<text> </text>
			<var>$pl</var>
			<text> </text>
			<text>to</text>
			<text> </text>
			<text>string</text>
		</line>
		<line linenr="119" indent="">
			<var>$pls</var>
			<text> </text>
			<text>=</text>
			<text> </text>
			<text>sprintf</text>
			<text>:</text>
			<text> </text>
			<text>pageid</text>
			<text>=</text>
			<var>$pageid</var>
			<text> </text>
			<text>textid</text>
			<text>=</text>
			<var>39</var>
			<text>,</text>
			<text> </text>
			<var>$pls</var>
			<text>,</text>
			<text> </text>
			<var>null</var>
			<text>,</text>
			<text> </text>
			<var>null</var>
			<text>,</text>
			<text> </text>
			<var>null</var>
			<text>,</text>
			<text> </text>
			<var>null</var>
		</line>
		<line linenr="120" indent="">
			<var>$station.name</var>
			<text> </text>
			<text>=</text>
			<text> </text>
			<var>$station</var>
			<text>-&gt;</text>
			<text> </text>
			<text>get</text>
			<text> </text>
			<text>name</text>
		</line>
		<line linenr="121" indent="">
			<var>$line</var>
			<text> </text>
			<text>=</text>
			<text> </text>
			<text>array</text>
			<text> </text>
			<text>alloc</text>
			<text>:</text>
			<text> </text>
			<text>size</text>
			<text>=</text>
			<var>8</var>
		</line>
		<line linenr="122" indent="">
			<var>$line</var>
			<text>[</text>
			<var>0</var>
			<text>]</text>
			<text> </text>
			<text>=</text>
			<text> </text>
			<var>1</var>
		</line>
		<line linenr="123" indent="">
			<var>$line</var>
			<text>[</text>
			<var>1</var>
			<text>]</text>
			<text> </text>
			<text>=</text>
			<text> </text>
			<var>$station.name</var>
		</line>
		<line linenr="124" indent="">
			<var>$line</var>
			<text>[</text>
			<var>2</var>
			<text>]</text>
			<text> </text>
			<text>=</text>
			<text> </text>
			<var>200</var>
		</line>
		<line linenr="125" indent="">
			<var>$line</var>
			<text>[</text>
			<var>3</var>
			<text>]</text>
			<text> </text>
			<text>=</text>
			<text> </text>
			<var>$susl</var>
		</line>
		<line linenr="126" indent="">
			<var>$line</var>
			<text>[</text>
			<var>4</var>
			<text>]</text>
			<text> </text>
			<text>=</text>
			<text> </text>
			<var>265</var>
		</line>
		<line linenr="127" indent="">
			<var>$line</var>
			<text>[</text>
			<var>5</var>
			<text>]</text>
			<text> </text>
			<text>=</text>
			<text> </text>
			<var>$pls</var>
		</line>
		<line linenr="128" indent="">
			<var>$line</var>
			<text>[</text>
			<var>6</var>
			<text>]</text>
			<text> </text>
			<text>=</text>
			<text> </text>
			<var>300</var>
		</line>
		<line linenr="129" indent="">
			<var>$line</var>
			<text>[</text>
			<var>7</var>
			<text>]</text>
			<text> </text>
			<text>=</text>
			<text> </text>
			<var>$tier</var>
		</line>
		<line linenr="130" indent="">
			<text>append</text>
			<text> </text>
			<var>$line</var>
			<text> </text>
			<text>to</text>
			<text> </text>
			<text>array</text>
			<text> </text>
			<var>$stationListing</var>
		</line>
		<line linenr="131" indent="">
			<text>end</text>
		</line>
		<line linenr="132" indent="">
			<text>end</text>
		</line>
		<line linenr="133" indent="">
			<var>$count</var>
			<text> </text>
			<text>=</text>
			<text> </text>
			<text>size</text>
			<text> </text>
			<text>of</text>
			<text> </text>
			<text>array</text>
			<text> </text>
			<var>$stationListing</var>
		</line>
		<line linenr="134" indent="">
			<var>$count</var>
			<text> </text>
			<text>=</text>
			<text> </text>
			<text>convert</text>
			<text> </text>
			<text>number</text>
			<text> </text>
			<var>$count</var>
			<text> </text>
			<text>to</text>
			<text> </text>
			<text>string</text>
		</line>
		<line linenr="135" indent="">
			<var>$count</var>
			<text> </text>
			<text>=</text>
			<text> </text>
			<text>sprintf</text>
			<text>:</text>
			<text> </text>
			<text>pageid</text>
			<text>=</text>
			<var>$pageid</var>
			<text> </text>
			<text>textid</text>
			<text>=</text>
			<var>39</var>
			<text>,</text>
			<text> </text>
			<var>$count</var>
			<text>,</text>
			<text> </text>
			<var>null</var>
			<text>,</text>
			<text> </text>
			<var>null</var>
			<text>,</text>
			<text> </text>
			<var>null</var>
			<text>,</text>
			<text> </text>
			<var>null</var>
		</line>
		<line linenr="136" indent="">
			<var>$line</var>
			<text> </text>
			<text>=</text>
			<text> </text>
			<text>array</text>
			<text> </text>
			<text>alloc</text>
			<text>:</text>
			<text> </text>
			<text>size</text>
			<text>=</text>
			<var>4</var>
		</line>
		<line linenr="137" indent="">
			<var>$line</var>
			<text>[</text>
			<var>0</var>
			<text>]</text>
			<text> </text>
			<text>=</text>
			<text> </text>
			<var>1</var>
		</line>
		<line linenr="138" indent="">
			<var>$line</var>
			<text>[</text>
			<var>1</var>
			<text>]</text>
			<text> </text>
			<text>=</text>
			<text> </text>
			<var>$knownstatcaption</var>
		</line>
		<line linenr="139" indent="">
			<var>$line</var>
			<text>[</text>
			<var>2</var>
			<text>]</text>
			<text> </text>
			<text>=</text>
			<text> </text>
			<var>100</var>
		</line>
		<line linenr="140" indent="">
			<var>$line</var>
			<text>[</text>
			<var>3</var>
			<text>]</text>
			<text> </text>
			<text>=</text>
			<text> </text>
			<var>$count</var>
		</line>
		<line linenr="141" indent="">
			<text>add</text>
			<text> </text>
			<text>non</text>
			<text> </text>
			<text>selectable</text>
			<text> </text>
			<text>menu</text>
			<text> </text>
			<text>item</text>
			<text>:</text>
			<text> </text>
			<var>$menu</var>
			<text>,</text>
			<text> </text>
			<text>text</text>
			<text>=</text>
			<var>$line</var>
		</line>
		<line linenr="142" indent="" />
		<line linenr="143" indent="">
			<comment>* Section: Known Stations</comment>
		</line>
		<line linenr="144" indent="">
			<var>$line</var>
			<text> </text>
			<text>=</text>
			<text> </text>
			<text>array</text>
			<text> </text>
			<text>alloc</text>
			<text>:</text>
			<text> </text>
			<text>size</text>
			<text>=</text>
			<var>8</var>
		</line>
		<line linenr="145" indent="">
			<var>$line</var>
			<text>[</text>
			<var>0</var>
			<text>]</text>
			<text> </text>
			<text>=</text>
			<text> </text>
			<var>1</var>
		</line>
		<line linenr="146" indent="">
			<var>$line</var>
			<text>[</text>
			<var>1</var>
			<text>]</text>
			<text> </text>
			<text>=</text>
			<text> </text>
			<var>$knownstatcaption</var>
		</line>
		<line linenr="147" indent="">
			<var>$line</var>
			<text>[</text>
			<var>2</var>
			<text>]</text>
			<text> </text>
			<text>=</text>
			<text> </text>
			<var>200</var>
		</line>
		<line linenr="148" indent="">
			<var>$line</var>
			<text>[</text>
			<var>3</var>
			<text>]</text>
			<text> </text>
			<text>=</text>
			<text> </text>
			<var>$suslevelcaption</var>
		</line>
		<line linenr="149" indent="">
			<var>$line</var>
			<text>[</text>
			<var>4</var>
			<text>]</text>
			<text> </text>
			<text>=</text>
			<text> </text>
			<var>265</var>
		</line>
		<line linenr="150" indent="">
			<var>$line</var>
			<text>[</text>
			<var>5</var>
			<text>]</text>
			<text> </text>
			<text>=</text>
			<text> </text>
			<var>$privcaption</var>
		</line>
		<line linenr="151" indent="">
			<var>$line</var>
			<text>[</text>
			<var>6</var>
			<text>]</text>
			<text> </text>
			<text>=</text>
			<text> </text>
			<var>300</var>
		</line>
		<line linenr="152" indent="">
			<var>$line</var>
			<text>[</text>
			<var>7</var>
			<text>]</text>
			<text> </text>
			<text>=</text>
			<text> </text>
			<var>$tiercaption</var>
		</line>
		<line linenr="153" indent="">
			<text>add</text>
			<text> </text>
			<text>section</text>
			<text> </text>
			<text>to</text>
			<text> </text>
			<text>custom</text>
			<text> </text>
			<text>menu</text>
			<text>:</text>
			<text> </text>
			<var>$menu</var>
		</line>
		<line linenr="154" indent="">
			<text>add</text>
			<text> </text>
			<text>custom</text>
			<text> </text>
			<text>menu</text>
			<text> </text>
			<text>heading</text>
			<text> </text>
			<text>to</text>
			<text> </text>
			<text>array</text>
			<text> </text>
			<var>$menu</var>
			<text>:</text>
			<text> </text>
			<text>title</text>
			<text>=</text>
			<var>$line</var>
		</line>
		<line linenr="155" indent="">
			<var>$XS.Iterator2</var>
			<text> </text>
			<text>=</text>
			<text> </text>
			<text>size</text>
			<text> </text>
			<text>of</text>
			<text> </text>
			<text>array</text>
			<text> </text>
			<var>$stationListing</var>
		</line>
		<line linenr="156" indent="">
			<text>while</text>
			<text> </text>
			<var>$XS.Iterator2</var>
		</line>
		<line linenr="157" indent="">
			<text>dec</text>
			<text> </text>
			<var>$XS.Iterator2</var>
		</line>
		<line linenr="158" indent="">
			<var>$stationLine</var>
			<text> </text>
			<text>=</text>
			<text> </text>
			<var>$stationListing</var>
			<text>[</text>
			<var>$XS.Iterator2</var>
			<text>]</text>
		</line>
		<line linenr="159" indent="">
			<text>add</text>
			<text> </text>
			<text>non</text>
			<text> </text>
			<text>selectable</text>
			<text> </text>
			<text>menu</text>
			<text> </text>
			<text>item</text>
			<text>:</text>
			<text> </text>
			<var>$menu</var>
			<text>,</text>
			<text> </text>
			<text>text</text>
			<text>=</text>
			<var>$stationLine</var>
		</line>
		<line linenr="160" indent="">
			<text>end</text>
		</line>
		<line linenr="161" indent="" />
		<line linenr="162" indent="">
			<comment>* Section: Command Prompt</comment>
		</line>
		<line linenr="163" indent="">
			<text>add</text>
			<text> </text>
			<text>section</text>
			<text> </text>
			<text>to</text>
			<text> </text>
			<text>custom</text>
			<text> </text>
			<text>menu</text>
			<text>:</text>
			<text> </text>
			<var>$menu</var>
		</line>
		<line linenr="164" indent="">
			<var>$XStudio.Hidden</var>
			<text> </text>
			<text>=</text>
			<text> </text>
			<text>read</text>
			<text> </text>
			<text>text</text>
			<text>:</text>
			<text> </text>
			<text>page</text>
			<text>=</text>
			<var>$pageid</var>
			<text> </text>
			<text>id</text>
			<text>=</text>
			<var>6</var>
		</line>
		<line linenr="165" indent="">
			<text>add</text>
			<text> </text>
			<text>custom</text>
			<text> </text>
			<text>menu</text>
			<text> </text>
			<text>heading</text>
			<text> </text>
			<text>to</text>
			<text> </text>
			<text>array</text>
			<text> </text>
			<var>$menu</var>
			<text>:</text>
			<text> </text>
			<text>title</text>
			<text>=</text>
			<var>$XStudio.Hidden</var>
		</line>
		<line linenr="166" indent="" />
		<line linenr="167" indent="">
			<comment>* One option - Go back</comment>
		</line>
		<line linenr="168" indent="">
			<var>$XStudio.Hidden</var>
			<text> </text>
			<text>=</text>
			<text> </text>
			<text>read</text>
			<text> </text>
			<text>text</text>
			<text>:</text>
			<text> </text>
			<text>page</text>
			<text>=</text>
			<var>$pageid</var>
			<text> </text>
			<text>id</text>
			<text>=</text>
			<var>35</var>
		</line>
		<line linenr="169" indent="">
			<text>add</text>
			<text> </text>
			<text>custom</text>
			<text> </text>
			<text>menu</text>
			<text> </text>
			<text>item</text>
			<text> </text>
			<text>to</text>
			<text> </text>
			<text>array</text>
			<text> </text>
			<var>$menu</var>
			<text>:</text>
			<text> </text>
			<text>text</text>
			<text>=</text>
			<var>$XStudio.Hidden</var>
			<text> </text>
			<text>returnvalue</text>
			<text>=</text>
			<var>-1</var>
		</line>
		<line linenr="170" indent="" />
		<line linenr="171" indent="">
			<var>$menu.result</var>
			<text> </text>
			<text>=</text>
			<text> </text>
			<text>open</text>
			<text> </text>
			<text>custom</text>
			<text> </text>
			<text>menu</text>
			<text>:</text>
			<text> </text>
			<text>title</text>
			<text>=</text>
			<var>$PwnMi.menu.title</var>
			<text> </text>
			<text>description</text>
			<text>=</text>
			<var>null</var>
			<text> </text>
			<text>option</text>
			<text> </text>
			<text>array</text>
			<text>=</text>
			<var>$menu</var>
		</line>
		<line linenr="172" indent="" />
		<line linenr="173" indent="">
			<text>return</text>
			<text> </text>
			<var>[FALSE]</var>
		</line>
	</sourcetext>
	<codearray>
		<sval type="array" size="10">
			<sval type="string" val="plugin.zanzal.PwnMi.report" />
			<sval type="int" val="50" />
			<sval type="string" val="" />
			<sval type="int" val="1" />
			<sval type="int" val="0" />
			<sval type="array" size="52">
				<sval type="string" val="target" />
				<sval type="string" val="pageid" />
				<sval type="string" val="IDX_PRIVILEGE" />
				<sval type="string" val="IDX_TIER" />
				<sval type="string" val="hackerlevels" />
				<sval type="string" val="VARIDX_HACKERRANK" />
				<sval type="string" val="VARIDX_HACKEREXP" />
				<sval type="string" val="plugin.Vars" />
				<sval type="string" val="hackerrank" />
				<sval type="string" val="hackerexp" />
				<sval type="string" val="hackergrade" />
				<sval type="string" val="progress" />
				<sval type="string" val="tnl" />
				<sval type="string" val="l" />
				<sval type="string" val="last" />
				<sval type="string" val="sub" />
				<sval type="string" val="tng" />
				<sval type="string" val="pr" />
				<sval type="string" val="target.name" />
				<sval type="string" val="sector" />
				<sval type="string" val="sector.name" />
				<sval type="string" val="PwnMi.menu.title" />
				<sval type="string" val="menu" />
				<sval type="string" val="susheading" />
				<sval type="string" val="XStudio.Hidden" />
				<sval type="string" val="caption" />
				<sval type="string" val="sectorcaption" />
				<sval type="string" val="suslevelcaption" />
				<sval type="string" val="privcaption" />
				<sval type="string" val="knownstatcaption" />
				<sval type="string" val="tiercaption" />
				<sval type="string" val="hackgcaption" />
				<sval type="string" val="nextgcaption" />
				<sval type="string" val="line" />
				<sval type="string" val="target.sector" />
				<sval type="string" val="stations" />
				<sval type="string" val="stationListing" />
				<sval type="string" val="station" />
				<sval type="string" val="XS.Iterator1" />
				<sval type="string" val="station.race" />
				<sval type="string" val="station.known" />
				<sval type="string" val="station.vars.ex" />
				<sval type="string" val="station.Vars" />
				<sval type="string" val="tier" />
				<sval type="string" val="pl" />
				<sval type="string" val="susl" />
				<sval type="string" val="pls" />
				<sval type="string" val="station.name" />
				<sval type="string" val="count" />
				<sval type="string" val="stationLine" />
				<sval type="string" val="XS.Iterator2" />
				<sval type="string" val="menu.result" />
			</sval>
			<sval type="array" size="141">
				<sval type="array" size="7">
					<sval type="int" val="104" />
					<sval type="int" val="1" />
					<sval type="int" val="1" />
					<sval type="int" val="4" />
					<sval type="int" val="1337" />
					<sval type="int" val="1" />
					<sval type="int" val="-1" />
				</sval>
				<sval type="array" size="7">
					<sval type="int" val="104" />
					<sval type="int" val="2" />
					<sval type="int" val="1" />
					<sval type="int" val="4" />
					<sval type="int" val="0" />
					<sval type="int" val="1" />
					<sval type="int" val="-1" />
				</sval>
				<sval type="array" size="7">
					<sval type="int" val="104" />
					<sval type="int" val="3" />
					<sval type="int" val="1" />
					<sval type="int" val="4" />
					<sval type="int" val="5" />
					<sval type="int" val="1" />
					<sval type="int" val="-1" />
				</sval>
				<sval type="array" size="4">
					<sval type="int" val="128" />
					<sval type="int" val="4" />
					<sval type="int" val="4" />
					<sval type="int" val="4" />
				</sval>
				<sval type="array" size="7">
					<sval type="int" val="130" />
					<sval type="int" val="131074" />
					<sval type="int" val="4" />
					<sval type="int" val="4" />
					<sval type="int" val="0" />
					<sval type="int" val="4" />
					<sval type="int" val="0" />
				</sval>
				<sval type="array" size="7">
					<sval type="int" val="130" />
					<sval type="int" val="131074" />
					<sval type="int" val="4" />
					<sval type="int" val="4" />
					<sval type="int" val="1" />
					<sval type="int" val="4" />
					<sval type="int" val="1024" />
				</sval>
				<sval type="array" size="7">
					<sval type="int" val="130" />
					<sval type="int" val="131074" />
					<sval type="int" val="4" />
					<sval type="int" val="4" />
					<sval type="int" val="2" />
					<sval type="int" val="4" />
					<sval type="int" val="3072" />
				</sval>
				<sval type="array" size="7">
					<sval type="int" val="130" />
					<sval type="int" val="131074" />
					<sval type="int" val="4" />
					<sval type="int" val="4" />
					<sval type="int" val="3" />
					<sval type="int" val="4" />
					<sval type="int" val="7168" />
				</sval>
				<sval type="array" size="7">
					<sval type="int" val="104" />
					<sval type="int" val="5" />
					<sval type="int" val="1" />
					<sval type="int" val="4" />
					<sval type="int" val="2" />
					<sval type="int" val="1" />
					<sval type="int" val="-1" />
				</sval>
				<sval type="array" size="7">
					<sval type="int" val="104" />
					<sval type="int" val="6" />
					<sval type="int" val="1" />
					<sval type="int" val="4" />
					<sval type="int" val="3" />
					<sval type="int" val="1" />
					<sval type="int" val="-1" />
				</sval>
				<sval type="array" size="4">
					<sval type="int" val="158" />
					<sval type="int" val="5" />
					<sval type="string" val="al.plugin.zanzal.PwnMi.main" />
					<sval type="int" val="7" />
				</sval>
				<sval type="array" size="6">
					<sval type="int" val="129" />
					<sval type="int" val="8" />
					<sval type="int" val="131074" />
					<sval type="int" val="7" />
					<sval type="int" val="131074" />
					<sval type="int" val="5" />
				</sval>
				<sval type="array" size="6">
					<sval type="int" val="129" />
					<sval type="int" val="9" />
					<sval type="int" val="131074" />
					<sval type="int" val="7" />
					<sval type="int" val="131074" />
					<sval type="int" val="6" />
				</sval>
				<sval type="array" size="13">
					<sval type="int" val="104" />
					<sval type="int" val="-1610608637" />
					<sval type="int" val="3" />
					<sval type="int" val="131074" />
					<sval type="int" val="8" />
					<sval type="int" val="4" />
					<sval type="int" val="3" />
					<sval type="int" val="15" />
					<sval type="int" val="0" />
					<sval type="int" val="3" />
					<sval type="int" val="-1" />
					<sval type="int" val="0" />
					<sval type="int" val="-2" />
				</sval>
				<sval type="array" size="6">
					<sval type="int" val="126" />
					<sval type="int" val="10" />
					<sval type="int" val="131074" />
					<sval type="int" val="1" />
					<sval type="int" val="4" />
					<sval type="int" val="21" />
				</sval>
				<sval type="array" size="2">
					<sval type="int" val="112" />
					<sval type="int" val="23" />
				</sval>
				<sval type="array" size="13">
					<sval type="int" val="104" />
					<sval type="int" val="-1610607867" />
					<sval type="int" val="3" />
					<sval type="int" val="131074" />
					<sval type="int" val="8" />
					<sval type="int" val="4" />
					<sval type="int" val="2" />
					<sval type="int" val="15" />
					<sval type="int" val="0" />
					<sval type="int" val="3" />
					<sval type="int" val="-1" />
					<sval type="int" val="0" />
					<sval type="int" val="-2" />
				</sval>
				<sval type="array" size="6">
					<sval type="int" val="126" />
					<sval type="int" val="10" />
					<sval type="int" val="131074" />
					<sval type="int" val="1" />
					<sval type="int" val="4" />
					<sval type="int" val="22" />
				</sval>
				<sval type="array" size="2">
					<sval type="int" val="112" />
					<sval type="int" val="23" />
				</sval>
				<sval type="array" size="13">
					<sval type="int" val="104" />
					<sval type="int" val="-1610607099" />
					<sval type="int" val="3" />
					<sval type="int" val="131074" />
					<sval type="int" val="8" />
					<sval type="int" val="4" />
					<sval type="int" val="1" />
					<sval type="int" val="15" />
					<sval type="int" val="0" />
					<sval type="int" val="3" />
					<sval type="int" val="-1" />
					<sval type="int" val="0" />
					<sval type="int" val="-2" />
				</sval>
				<sval type="array" size="6">
					<sval type="int" val="126" />
					<sval type="int" val="10" />
					<sval type="int" val="131074" />
					<sval type="int" val="1" />
					<sval type="int" val="4" />
					<sval type="int" val="23" />
				</sval>
				<sval type="array" size="2">
					<sval type="int" val="112" />
					<sval type="int" val="23" />
				</sval>
				<sval type="array" size="6">
					<sval type="int" val="126" />
					<sval type="int" val="10" />
					<sval type="int" val="131074" />
					<sval type="int" val="1" />
					<sval type="int" val="4" />
					<sval type="int" val="24" />
				</sval>
				<sval type="array" size="7">
					<sval type="int" val="104" />
					<sval type="int" val="11" />
					<sval type="int" val="1" />
					<sval type="int" val="5" />
					<sval type="string" val="100%" />
					<sval type="int" val="1" />
					<sval type="int" val="-1" />
				</sval>
				<sval type="array" size="4">
					<sval type="int" val="131" />
					<sval type="int" val="13" />
					<sval type="int" val="131074" />
					<sval type="int" val="4" />
				</sval>
				<sval type="array" size="7">
					<sval type="int" val="104" />
					<sval type="int" val="-1610602231" />
					<sval type="int" val="1" />
					<sval type="int" val="131074" />
					<sval type="int" val="13" />
					<sval type="int" val="1" />
					<sval type="int" val="-1" />
				</sval>
				<sval type="array" size="2">
					<sval type="int" val="143" />
					<sval type="int" val="13" />
				</sval>
				<sval type="array" size="6">
					<sval type="int" val="129" />
					<sval type="int" val="12" />
					<sval type="int" val="131074" />
					<sval type="int" val="4" />
					<sval type="int" val="131074" />
					<sval type="int" val="13" />
				</sval>
				<sval type="array" size="13">
					<sval type="int" val="104" />
					<sval type="int" val="-1610602493" />
					<sval type="int" val="3" />
					<sval type="int" val="131074" />
					<sval type="int" val="9" />
					<sval type="int" val="131074" />
					<sval type="int" val="12" />
					<sval type="int" val="15" />
					<sval type="int" val="4" />
					<sval type="int" val="3" />
					<sval type="int" val="-1" />
					<sval type="int" val="4" />
					<sval type="int" val="-2" />
				</sval>
				<sval type="array" size="4">
					<sval type="int" val="131" />
					<sval type="int" val="14" />
					<sval type="int" val="131074" />
					<sval type="int" val="4" />
				</sval>
				<sval type="array" size="2">
					<sval type="int" val="143" />
					<sval type="int" val="14" />
				</sval>
				<sval type="array" size="13">
					<sval type="int" val="104" />
					<sval type="int" val="-1610602749" />
					<sval type="int" val="3" />
					<sval type="int" val="131074" />
					<sval type="int" val="13" />
					<sval type="int" val="131074" />
					<sval type="int" val="14" />
					<sval type="int" val="15" />
					<sval type="int" val="1" />
					<sval type="int" val="3" />
					<sval type="int" val="-1" />
					<sval type="int" val="1" />
					<sval type="int" val="-2" />
				</sval>
				<sval type="array" size="6">
					<sval type="int" val="129" />
					<sval type="int" val="15" />
					<sval type="int" val="131074" />
					<sval type="int" val="4" />
					<sval type="int" val="131074" />
					<sval type="int" val="13" />
				</sval>
				<sval type="array" size="2">
					<sval type="int" val="142" />
					<sval type="int" val="13" />
				</sval>
				<sval type="array" size="6">
					<sval type="int" val="129" />
					<sval type="int" val="16" />
					<sval type="int" val="131074" />
					<sval type="int" val="4" />
					<sval type="int" val="131074" />
					<sval type="int" val="13" />
				</sval>
				<sval type="array" size="13">
					<sval type="int" val="104" />
					<sval type="int" val="16" />
					<sval type="int" val="3" />
					<sval type="int" val="131074" />
					<sval type="int" val="16" />
					<sval type="int" val="131074" />
					<sval type="int" val="15" />
					<sval type="int" val="15" />
					<sval type="int" val="12" />
					<sval type="int" val="3" />
					<sval type="int" val="-1" />
					<sval type="int" val="12" />
					<sval type="int" val="-2" />
				</sval>
				<sval type="array" size="13">
					<sval type="int" val="104" />
					<sval type="int" val="9" />
					<sval type="int" val="3" />
					<sval type="int" val="131074" />
					<sval type="int" val="9" />
					<sval type="int" val="131074" />
					<sval type="int" val="15" />
					<sval type="int" val="15" />
					<sval type="int" val="12" />
					<sval type="int" val="3" />
					<sval type="int" val="-1" />
					<sval type="int" val="12" />
					<sval type="int" val="-2" />
				</sval>
				<sval type="array" size="19">
					<sval type="int" val="104" />
					<sval type="int" val="17" />
					<sval type="int" val="5" />
					<sval type="int" val="131074" />
					<sval type="int" val="9" />
					<sval type="int" val="4" />
					<sval type="int" val="100" />
					<sval type="int" val="15" />
					<sval type="int" val="13" />
					<sval type="int" val="131074" />
					<sval type="int" val="16" />
					<sval type="int" val="15" />
					<sval type="int" val="14" />
					<sval type="int" val="5" />
					<sval type="int" val="-1" />
					<sval type="int" val="13" />
					<sval type="int" val="-2" />
					<sval type="int" val="14" />
					<sval type="int" val="-4" />
				</sval>
				<sval type="array" size="13">
					<sval type="int" val="104" />
					<sval type="int" val="11" />
					<sval type="int" val="3" />
					<sval type="int" val="131074" />
					<sval type="int" val="17" />
					<sval type="int" val="5" />
					<sval type="string" val="%" />
					<sval type="int" val="15" />
					<sval type="int" val="11" />
					<sval type="int" val="3" />
					<sval type="int" val="-1" />
					<sval type="int" val="11" />
					<sval type="int" val="-2" />
				</sval>
				<sval type="array" size="2">
					<sval type="int" val="112" />
					<sval type="int" val="41" />
				</sval>
				<sval type="array" size="2">
					<sval type="int" val="112" />
					<sval type="int" val="25" />
				</sval>
				<sval type="array" size="4">
					<sval type="int" val="1028" />
					<sval type="int" val="131074" />
					<sval type="int" val="0" />
					<sval type="int" val="18" />
				</sval>
				<sval type="array" size="4">
					<sval type="int" val="703" />
					<sval type="int" val="131074" />
					<sval type="int" val="0" />
					<sval type="int" val="19" />
				</sval>
				<sval type="array" size="4">
					<sval type="int" val="1028" />
					<sval type="int" val="131074" />
					<sval type="int" val="19" />
					<sval type="int" val="20" />
				</sval>
				<sval type="array" size="6">
					<sval type="int" val="126" />
					<sval type="int" val="21" />
					<sval type="int" val="131074" />
					<sval type="int" val="1" />
					<sval type="int" val="4" />
					<sval type="int" val="3" />
				</sval>
				<sval type="array" size="2">
					<sval type="int" val="1445" />
					<sval type="int" val="22" />
				</sval>
				<sval type="array" size="5">
					<sval type="int" val="1448" />
					<sval type="int" val="131074" />
					<sval type="int" val="22" />
					<sval type="int" val="0" />
					<sval type="int" val="0" />
				</sval>
				<sval type="array" size="3">
					<sval type="int" val="1522" />
					<sval type="int" val="131074" />
					<sval type="int" val="22" />
				</sval>
				<sval type="array" size="6">
					<sval type="int" val="126" />
					<sval type="int" val="23" />
					<sval type="int" val="131074" />
					<sval type="int" val="1" />
					<sval type="int" val="4" />
					<sval type="int" val="37" />
				</sval>
				<sval type="array" size="6">
					<sval type="int" val="126" />
					<sval type="int" val="24" />
					<sval type="int" val="131074" />
					<sval type="int" val="1" />
					<sval type="int" val="4" />
					<sval type="int" val="79" />
				</sval>
				<sval type="array" size="5">
					<sval type="int" val="1448" />
					<sval type="int" val="131074" />
					<sval type="int" val="22" />
					<sval type="int" val="131074" />
					<sval type="int" val="24" />
				</sval>
				<sval type="array" size="6">
					<sval type="int" val="126" />
					<sval type="int" val="25" />
					<sval type="int" val="4" />
					<sval type="int" val="2006" />
					<sval type="int" val="4" />
					<sval type="int" val="2016" />
				</sval>
				<sval type="array" size="6">
					<sval type="int" val="126" />
					<sval type="int" val="26" />
					<sval type="int" val="4" />
					<sval type="int" val="35" />
					<sval type="int" val="4" />
					<sval type="int" val="715" />
				</sval>
				<sval type="array" size="6">
					<sval type="int" val="126" />
					<sval type="int" val="27" />
					<sval type="int" val="131074" />
					<sval type="int" val="1" />
					<sval type="int" val="4" />
					<sval type="int" val="34" />
				</sval>
				<sval type="array" size="6">
					<sval type="int" val="126" />
					<sval type="int" val="28" />
					<sval type="int" val="131074" />
					<sval type="int" val="1" />
					<sval type="int" val="4" />
					<sval type="int" val="38" />
				</sval>
				<sval type="array" size="6">
					<sval type="int" val="126" />
					<sval type="int" val="29" />
					<sval type="int" val="131074" />
					<sval type="int" val="1" />
					<sval type="int" val="4" />
					<sval type="int" val="80" />
				</sval>
				<sval type="array" size="6">
					<sval type="int" val="126" />
					<sval type="int" val="30" />
					<sval type="int" val="131074" />
					<sval type="int" val="1" />
					<sval type="int" val="4" />
					<sval type="int" val="78" />
				</sval>
				<sval type="array" size="6">
					<sval type="int" val="126" />
					<sval type="int" val="31" />
					<sval type="int" val="131074" />
					<sval type="int" val="1" />
					<sval type="int" val="4" />
					<sval type="int" val="84" />
				</sval>
				<sval type="array" size="6">
					<sval type="int" val="126" />
					<sval type="int" val="32" />
					<sval type="int" val="131074" />
					<sval type="int" val="1" />
					<sval type="int" val="4" />
					<sval type="int" val="83" />
				</sval>
				<sval type="array" size="4">
					<sval type="int" val="128" />
					<sval type="int" val="33" />
					<sval type="int" val="4" />
					<sval type="int" val="4" />
				</sval>
				<sval type="array" size="7">
					<sval type="int" val="130" />
					<sval type="int" val="131074" />
					<sval type="int" val="33" />
					<sval type="int" val="4" />
					<sval type="int" val="0" />
					<sval type="int" val="4" />
					<sval type="int" val="1" />
				</sval>
				<sval type="array" size="7">
					<sval type="int" val="130" />
					<sval type="int" val="131074" />
					<sval type="int" val="33" />
					<sval type="int" val="4" />
					<sval type="int" val="1" />
					<sval type="int" val="131074" />
					<sval type="int" val="26" />
				</sval>
				<sval type="array" size="7">
					<sval type="int" val="130" />
					<sval type="int" val="131074" />
					<sval type="int" val="33" />
					<sval type="int" val="4" />
					<sval type="int" val="2" />
					<sval type="int" val="4" />
					<sval type="int" val="100" />
				</sval>
				<sval type="array" size="7">
					<sval type="int" val="130" />
					<sval type="int" val="131074" />
					<sval type="int" val="33" />
					<sval type="int" val="4" />
					<sval type="int" val="3" />
					<sval type="int" val="131074" />
					<sval type="int" val="20" />
				</sval>
				<sval type="array" size="5">
					<sval type="int" val="1556" />
					<sval type="int" val="131074" />
					<sval type="int" val="22" />
					<sval type="int" val="131074" />
					<sval type="int" val="33" />
				</sval>
				<sval type="array" size="4">
					<sval type="int" val="128" />
					<sval type="int" val="33" />
					<sval type="int" val="4" />
					<sval type="int" val="4" />
				</sval>
				<sval type="array" size="7">
					<sval type="int" val="130" />
					<sval type="int" val="131074" />
					<sval type="int" val="33" />
					<sval type="int" val="4" />
					<sval type="int" val="0" />
					<sval type="int" val="4" />
					<sval type="int" val="1" />
				</sval>
				<sval type="array" size="7">
					<sval type="int" val="130" />
					<sval type="int" val="131074" />
					<sval type="int" val="33" />
					<sval type="int" val="4" />
					<sval type="int" val="1" />
					<sval type="int" val="131074" />
					<sval type="int" val="31" />
				</sval>
				<sval type="array" size="7">
					<sval type="int" val="130" />
					<sval type="int" val="131074" />
					<sval type="int" val="33" />
					<sval type="int" val="4" />
					<sval type="int" val="2" />
					<sval type="int" val="4" />
					<sval type="int" val="100" />
				</sval>
				<sval type="array" size="7">
					<sval type="int" val="130" />
					<sval type="int" val="131074" />
					<sval type="int" val="33" />
					<sval type="int" val="4" />
					<sval type="int" val="3" />
					<sval type="int" val="131074" />
					<sval type="int" val="10" />
				</sval>
				<sval type="array" size="5">
					<sval type="int" val="1556" />
					<sval type="int" val="131074" />
					<sval type="int" val="22" />
					<sval type="int" val="131074" />
					<sval type="int" val="33" />
				</sval>
				<sval type="array" size="4">
					<sval type="int" val="128" />
					<sval type="int" val="33" />
					<sval type="int" val="4" />
					<sval type="int" val="4" />
				</sval>
				<sval type="array" size="7">
					<sval type="int" val="130" />
					<sval type="int" val="131074" />
					<sval type="int" val="33" />
					<sval type="int" val="4" />
					<sval type="int" val="0" />
					<sval type="int" val="4" />
					<sval type="int" val="1" />
				</sval>
				<sval type="array" size="7">
					<sval type="int" val="130" />
					<sval type="int" val="131074" />
					<sval type="int" val="33" />
					<sval type="int" val="4" />
					<sval type="int" val="1" />
					<sval type="int" val="131074" />
					<sval type="int" val="32" />
				</sval>
				<sval type="array" size="7">
					<sval type="int" val="130" />
					<sval type="int" val="131074" />
					<sval type="int" val="33" />
					<sval type="int" val="4" />
					<sval type="int" val="2" />
					<sval type="int" val="4" />
					<sval type="int" val="100" />
				</sval>
				<sval type="array" size="7">
					<sval type="int" val="130" />
					<sval type="int" val="131074" />
					<sval type="int" val="33" />
					<sval type="int" val="4" />
					<sval type="int" val="3" />
					<sval type="int" val="131074" />
					<sval type="int" val="11" />
				</sval>
				<sval type="array" size="5">
					<sval type="int" val="1556" />
					<sval type="int" val="131074" />
					<sval type="int" val="22" />
					<sval type="int" val="131074" />
					<sval type="int" val="33" />
				</sval>
				<sval type="array" size="4">
					<sval type="int" val="703" />
					<sval type="int" val="131074" />
					<sval type="int" val="0" />
					<sval type="int" val="34" />
				</sval>
				<sval type="array" size="4">
					<sval type="int" val="1009" />
					<sval type="int" val="131074" />
					<sval type="int" val="34" />
					<sval type="int" val="35" />
				</sval>
				<sval type="array" size="4">
					<sval type="int" val="128" />
					<sval type="int" val="36" />
					<sval type="int" val="4" />
					<sval type="int" val="0" />
				</sval>
				<sval type="array" size="4">
					<sval type="int" val="131" />
					<sval type="int" val="38" />
					<sval type="int" val="131074" />
					<sval type="int" val="35" />
				</sval>
				<sval type="array" size="7">
					<sval type="int" val="104" />
					<sval type="int" val="-1610585079" />
					<sval type="int" val="1" />
					<sval type="int" val="131074" />
					<sval type="int" val="38" />
					<sval type="int" val="1" />
					<sval type="int" val="-1" />
				</sval>
				<sval type="array" size="2">
					<sval type="int" val="143" />
					<sval type="int" val="38" />
				</sval>
				<sval type="array" size="6">
					<sval type="int" val="129" />
					<sval type="int" val="37" />
					<sval type="int" val="131074" />
					<sval type="int" val="35" />
					<sval type="int" val="131074" />
					<sval type="int" val="38" />
				</sval>
				<sval type="array" size="4">
					<sval type="int" val="701" />
					<sval type="int" val="131074" />
					<sval type="int" val="37" />
					<sval type="int" val="39" />
				</sval>
				<sval type="array" size="4">
					<sval type="int" val="1061" />
					<sval type="int" val="131074" />
					<sval type="int" val="37" />
					<sval type="int" val="40" />
				</sval>
				<sval type="array" size="43">
					<sval type="int" val="104" />
					<sval type="int" val="-1610585341" />
					<sval type="int" val="13" />
					<sval type="int" val="131074" />
					<sval type="int" val="39" />
					<sval type="int" val="10" />
					<sval type="int" val="7" />
					<sval type="int" val="15" />
					<sval type="int" val="1" />
					<sval type="int" val="131074" />
					<sval type="int" val="39" />
					<sval type="int" val="10" />
					<sval type="int" val="6" />
					<sval type="int" val="15" />
					<sval type="int" val="1" />
					<sval type="int" val="15" />
					<sval type="int" val="9" />
					<sval type="int" val="131074" />
					<sval type="int" val="39" />
					<sval type="int" val="10" />
					<sval type="int" val="10" />
					<sval type="int" val="15" />
					<sval type="int" val="1" />
					<sval type="int" val="15" />
					<sval type="int" val="9" />
					<sval type="int" val="131074" />
					<sval type="int" val="40" />
					<sval type="int" val="15" />
					<sval type="int" val="9" />
					<sval type="int" val="13" />
					<sval type="int" val="-1" />
					<sval type="int" val="1" />
					<sval type="int" val="-2" />
					<sval type="int" val="9" />
					<sval type="int" val="-4" />
					<sval type="int" val="1" />
					<sval type="int" val="-5" />
					<sval type="int" val="9" />
					<sval type="int" val="-8" />
					<sval type="int" val="1" />
					<sval type="int" val="-9" />
					<sval type="int" val="9" />
					<sval type="int" val="-12" />
				</sval>
				<sval type="array" size="8">
					<sval type="int" val="102" />
					<sval type="string" val="plugin.zanzal.PwnMi.getstationvars" />
					<sval type="int" val="41" />
					<sval type="int" val="131075" />
					<sval type="int" val="1" />
					<sval type="int" val="1" />
					<sval type="int" val="131074" />
					<sval type="int" val="37" />
				</sval>
				<sval type="array" size="6">
					<sval type="int" val="129" />
					<sval type="int" val="42" />
					<sval type="int" val="131074" />
					<sval type="int" val="41" />
					<sval type="int" val="4" />
					<sval type="int" val="0" />
				</sval>
				<sval type="array" size="6">
					<sval type="int" val="129" />
					<sval type="int" val="43" />
					<sval type="int" val="131074" />
					<sval type="int" val="42" />
					<sval type="int" val="131074" />
					<sval type="int" val="3" />
				</sval>
				<sval type="array" size="2">
					<sval type="int" val="142" />
					<sval type="int" val="43" />
				</sval>
				<sval type="array" size="4">
					<sval type="int" val="1474" />
					<sval type="int" val="43" />
					<sval type="int" val="131074" />
					<sval type="int" val="43" />
				</sval>
				<sval type="array" size="6">
					<sval type="int" val="129" />
					<sval type="int" val="44" />
					<sval type="int" val="131074" />
					<sval type="int" val="42" />
					<sval type="int" val="131074" />
					<sval type="int" val="2" />
				</sval>
				<sval type="array" size="6">
					<sval type="int" val="129" />
					<sval type="int" val="45" />
					<sval type="int" val="131074" />
					<sval type="int" val="41" />
					<sval type="int" val="4" />
					<sval type="int" val="1" />
				</sval>
				<sval type="array" size="4">
					<sval type="int" val="1474" />
					<sval type="int" val="46" />
					<sval type="int" val="131074" />
					<sval type="int" val="44" />
				</sval>
				<sval type="array" size="16">
					<sval type="int" val="150" />
					<sval type="int" val="46" />
					<sval type="int" val="131074" />
					<sval type="int" val="1" />
					<sval type="int" val="4" />
					<sval type="int" val="39" />
					<sval type="int" val="131074" />
					<sval type="int" val="46" />
					<sval type="int" val="0" />
					<sval type="int" val="0" />
					<sval type="int" val="0" />
					<sval type="int" val="0" />
					<sval type="int" val="0" />
					<sval type="int" val="0" />
					<sval type="int" val="0" />
					<sval type="int" val="0" />
				</sval>
				<sval type="array" size="4">
					<sval type="int" val="1028" />
					<sval type="int" val="131074" />
					<sval type="int" val="37" />
					<sval type="int" val="47" />
				</sval>
				<sval type="array" size="4">
					<sval type="int" val="128" />
					<sval type="int" val="33" />
					<sval type="int" val="4" />
					<sval type="int" val="8" />
				</sval>
				<sval type="array" size="7">
					<sval type="int" val="130" />
					<sval type="int" val="131074" />
					<sval type="int" val="33" />
					<sval type="int" val="4" />
					<sval type="int" val="0" />
					<sval type="int" val="4" />
					<sval type="int" val="1" />
				</sval>
				<sval type="array" size="7">
					<sval type="int" val="130" />
					<sval type="int" val="131074" />
					<sval type="int" val="33" />
					<sval type="int" val="4" />
					<sval type="int" val="1" />
					<sval type="int" val="131074" />
					<sval type="int" val="47" />
				</sval>
				<sval type="array" size="7">
					<sval type="int" val="130" />
					<sval type="int" val="131074" />
					<sval type="int" val="33" />
					<sval type="int" val="4" />
					<sval type="int" val="2" />
					<sval type="int" val="4" />
					<sval type="int" val="200" />
				</sval>
				<sval type="array" size="7">
					<sval type="int" val="130" />
					<sval type="int" val="131074" />
					<sval type="int" val="33" />
					<sval type="int" val="4" />
					<sval type="int" val="3" />
					<sval type="int" val="131074" />
					<sval type="int" val="45" />
				</sval>
				<sval type="array" size="7">
					<sval type="int" val="130" />
					<sval type="int" val="131074" />
					<sval type="int" val="33" />
					<sval type="int" val="4" />
					<sval type="int" val="4" />
					<sval type="int" val="4" />
					<sval type="int" val="265" />
				</sval>
				<sval type="array" size="7">
					<sval type="int" val="130" />
					<sval type="int" val="131074" />
					<sval type="int" val="33" />
					<sval type="int" val="4" />
					<sval type="int" val="5" />
					<sval type="int" val="131074" />
					<sval type="int" val="46" />
				</sval>
				<sval type="array" size="7">
					<sval type="int" val="130" />
					<sval type="int" val="131074" />
					<sval type="int" val="33" />
					<sval type="int" val="4" />
					<sval type="int" val="6" />
					<sval type="int" val="4" />
					<sval type="int" val="300" />
				</sval>
				<sval type="array" size="7">
					<sval type="int" val="130" />
					<sval type="int" val="131074" />
					<sval type="int" val="33" />
					<sval type="int" val="4" />
					<sval type="int" val="7" />
					<sval type="int" val="131074" />
					<sval type="int" val="43" />
				</sval>
				<sval type="array" size="5">
					<sval type="int" val="135" />
					<sval type="int" val="131074" />
					<sval type="int" val="36" />
					<sval type="int" val="131074" />
					<sval type="int" val="33" />
				</sval>
				<sval type="array" size="2">
					<sval type="int" val="112" />
					<sval type="int" val="81" />
				</sval>
				<sval type="array" size="4">
					<sval type="int" val="131" />
					<sval type="int" val="48" />
					<sval type="int" val="131074" />
					<sval type="int" val="36" />
				</sval>
				<sval type="array" size="4">
					<sval type="int" val="1474" />
					<sval type="int" val="48" />
					<sval type="int" val="131074" />
					<sval type="int" val="48" />
				</sval>
				<sval type="array" size="16">
					<sval type="int" val="150" />
					<sval type="int" val="48" />
					<sval type="int" val="131074" />
					<sval type="int" val="1" />
					<sval type="int" val="4" />
					<sval type="int" val="39" />
					<sval type="int" val="131074" />
					<sval type="int" val="48" />
					<sval type="int" val="0" />
					<sval type="int" val="0" />
					<sval type="int" val="0" />
					<sval type="int" val="0" />
					<sval type="int" val="0" />
					<sval type="int" val="0" />
					<sval type="int" val="0" />
					<sval type="int" val="0" />
				</sval>
				<sval type="array" size="4">
					<sval type="int" val="128" />
					<sval type="int" val="33" />
					<sval type="int" val="4" />
					<sval type="int" val="4" />
				</sval>
				<sval type="array" size="7">
					<sval type="int" val="130" />
					<sval type="int" val="131074" />
					<sval type="int" val="33" />
					<sval type="int" val="4" />
					<sval type="int" val="0" />
					<sval type="int" val="4" />
					<sval type="int" val="1" />
				</sval>
				<sval type="array" size="7">
					<sval type="int" val="130" />
					<sval type="int" val="131074" />
					<sval type="int" val="33" />
					<sval type="int" val="4" />
					<sval type="int" val="1" />
					<sval type="int" val="131074" />
					<sval type="int" val="29" />
				</sval>
				<sval type="array" size="7">
					<sval type="int" val="130" />
					<sval type="int" val="131074" />
					<sval type="int" val="33" />
					<sval type="int" val="4" />
					<sval type="int" val="2" />
					<sval type="int" val="4" />
					<sval type="int" val="100" />
				</sval>
				<sval type="array" size="7">
					<sval type="int" val="130" />
					<sval type="int" val="131074" />
					<sval type="int" val="33" />
					<sval type="int" val="4" />
					<sval type="int" val="3" />
					<sval type="int" val="131074" />
					<sval type="int" val="48" />
				</sval>
				<sval type="array" size="5">
					<sval type="int" val="1556" />
					<sval type="int" val="131074" />
					<sval type="int" val="22" />
					<sval type="int" val="131074" />
					<sval type="int" val="33" />
				</sval>
				<sval type="array" size="4">
					<sval type="int" val="128" />
					<sval type="int" val="33" />
					<sval type="int" val="4" />
					<sval type="int" val="8" />
				</sval>
				<sval type="array" size="7">
					<sval type="int" val="130" />
					<sval type="int" val="131074" />
					<sval type="int" val="33" />
					<sval type="int" val="4" />
					<sval type="int" val="0" />
					<sval type="int" val="4" />
					<sval type="int" val="1" />
				</sval>
				<sval type="array" size="7">
					<sval type="int" val="130" />
					<sval type="int" val="131074" />
					<sval type="int" val="33" />
					<sval type="int" val="4" />
					<sval type="int" val="1" />
					<sval type="int" val="131074" />
					<sval type="int" val="29" />
				</sval>
				<sval type="array" size="7">
					<sval type="int" val="130" />
					<sval type="int" val="131074" />
					<sval type="int" val="33" />
					<sval type="int" val="4" />
					<sval type="int" val="2" />
					<sval type="int" val="4" />
					<sval type="int" val="200" />
				</sval>
				<sval type="array" size="7">
					<sval type="int" val="130" />
					<sval type="int" val="131074" />
					<sval type="int" val="33" />
					<sval type="int" val="4" />
					<sval type="int" val="3" />
					<sval type="int" val="131074" />
					<sval type="int" val="27" />
				</sval>
				<sval type="array" size="7">
					<sval type="int" val="130" />
					<sval type="int" val="131074" />
					<sval type="int" val="33" />
					<sval type="int" val="4" />
					<sval type="int" val="4" />
					<sval type="int" val="4" />
					<sval type="int" val="265" />
				</sval>
				<sval type="array" size="7">
					<sval type="int" val="130" />
					<sval type="int" val="131074" />
					<sval type="int" val="33" />
					<sval type="int" val="4" />
					<sval type="int" val="5" />
					<sval type="int" val="131074" />
					<sval type="int" val="28" />
				</sval>
				<sval type="array" size="7">
					<sval type="int" val="130" />
					<sval type="int" val="131074" />
					<sval type="int" val="33" />
					<sval type="int" val="4" />
					<sval type="int" val="6" />
					<sval type="int" val="4" />
					<sval type="int" val="300" />
				</sval>
				<sval type="array" size="7">
					<sval type="int" val="130" />
					<sval type="int" val="131074" />
					<sval type="int" val="33" />
					<sval type="int" val="4" />
					<sval type="int" val="7" />
					<sval type="int" val="131074" />
					<sval type="int" val="30" />
				</sval>
				<sval type="array" size="3">
					<sval type="int" val="1522" />
					<sval type="int" val="131074" />
					<sval type="int" val="22" />
				</sval>
				<sval type="array" size="5">
					<sval type="int" val="1448" />
					<sval type="int" val="131074" />
					<sval type="int" val="22" />
					<sval type="int" val="131074" />
					<sval type="int" val="33" />
				</sval>
				<sval type="array" size="4">
					<sval type="int" val="131" />
					<sval type="int" val="50" />
					<sval type="int" val="131074" />
					<sval type="int" val="36" />
				</sval>
				<sval type="array" size="7">
					<sval type="int" val="104" />
					<sval type="int" val="-1610578423" />
					<sval type="int" val="1" />
					<sval type="int" val="131074" />
					<sval type="int" val="50" />
					<sval type="int" val="1" />
					<sval type="int" val="-1" />
				</sval>
				<sval type="array" size="2">
					<sval type="int" val="143" />
					<sval type="int" val="50" />
				</sval>
				<sval type="array" size="6">
					<sval type="int" val="129" />
					<sval type="int" val="49" />
					<sval type="int" val="131074" />
					<sval type="int" val="36" />
					<sval type="int" val="131074" />
					<sval type="int" val="50" />
				</sval>
				<sval type="array" size="5">
					<sval type="int" val="1556" />
					<sval type="int" val="131074" />
					<sval type="int" val="22" />
					<sval type="int" val="131074" />
					<sval type="int" val="49" />
				</sval>
				<sval type="array" size="2">
					<sval type="int" val="112" />
					<sval type="int" val="129" />
				</sval>
				<sval type="array" size="3">
					<sval type="int" val="1522" />
					<sval type="int" val="131074" />
					<sval type="int" val="22" />
				</sval>
				<sval type="array" size="6">
					<sval type="int" val="126" />
					<sval type="int" val="24" />
					<sval type="int" val="131074" />
					<sval type="int" val="1" />
					<sval type="int" val="4" />
					<sval type="int" val="6" />
				</sval>
				<sval type="array" size="5">
					<sval type="int" val="1448" />
					<sval type="int" val="131074" />
					<sval type="int" val="22" />
					<sval type="int" val="131074" />
					<sval type="int" val="24" />
				</sval>
				<sval type="array" size="6">
					<sval type="int" val="126" />
					<sval type="int" val="24" />
					<sval type="int" val="131074" />
					<sval type="int" val="1" />
					<sval type="int" val="4" />
					<sval type="int" val="35" />
				</sval>
				<sval type="array" size="7">
					<sval type="int" val="1447" />
					<sval type="int" val="131074" />
					<sval type="int" val="22" />
					<sval type="int" val="131074" />
					<sval type="int" val="24" />
					<sval type="int" val="4" />
					<sval type="int" val="-1" />
				</sval>
				<sval type="array" size="8">
					<sval type="int" val="1230" />
					<sval type="int" val="51" />
					<sval type="int" val="131074" />
					<sval type="int" val="21" />
					<sval type="int" val="0" />
					<sval type="int" val="0" />
					<sval type="int" val="131074" />
					<sval type="int" val="22" />
				</sval>
				<sval type="array" size="3">
					<sval type="int" val="103" />
					<sval type="int" val="131075" />
					<sval type="int" val="9" />
				</sval>
			</sval>
			<sval type="array" size="1">
				<sval type="array" size="2">
					<sval type="int" val="12" />
					<sval type="string" val="" />
				</sval>
			</sval>
			<sval type="array" size="39">
				<sval type="array" size="3">
					<sval type="int" val="0" />
					<sval type="int" val="1" />
					<sval type="string" val="************************************************" />
				</sval>
				<sval type="array" size="3">
					<sval type="int" val="0" />
					<sval type="int" val="1" />
					<sval type="string" val="SCRIPT NAME: plugin.zanzal.PwnMi.report" />
				</sval>
				<sval type="array" size="3">
					<sval type="int" val="0" />
					<sval type="int" val="1" />
					<sval type="string" val="DESCRIPTION: Display status report for player and sector." />
				</sval>
				<sval type="array" size="3">
					<sval type="int" val="0" />
					<sval type="int" val="1" />
					<sval type="string" val="" />
				</sval>
				<sval type="array" size="3">
					<sval type="int" val="0" />
					<sval type="int" val="1" />
					<sval type="string" val="AUTHOR:  Zanzal         DATE: 15 December 2013" />
				</sval>
				<sval type="array" size="3">
					<sval type="int" val="0" />
					<sval type="int" val="1" />
					<sval type="string" val="************************************************" />
				</sval>
				<sval type="array" size="3">
					<sval type="int" val="0" />
					<sval type="int" val="1" />
					<sval type="string" val="LICENSE: CC-BY-SA 4.0 International - http://creativecommons.org/licenses/by-sa/4.0/legalcode" />
				</sval>
				<sval type="array" size="3">
					<sval type="int" val="0" />
					<sval type="int" val="1" />
					<sval type="string" val="************************************************" />
				</sval>
				<sval type="array" size="2">
					<sval type="int" val="1" />
					<sval type="int" val="2" />
				</sval>
				<sval type="array" size="2">
					<sval type="int" val="3" />
					<sval type="int" val="2" />
				</sval>
				<sval type="array" size="2">
					<sval type="int" val="8" />
					<sval type="int" val="2" />
				</sval>
				<sval type="array" size="2">
					<sval type="int" val="10" />
					<sval type="int" val="2" />
				</sval>
				<sval type="array" size="2">
					<sval type="int" val="22" />
					<sval type="int" val="5" />
				</sval>
				<sval type="array" size="2">
					<sval type="int" val="23" />
					<sval type="int" val="4" />
				</sval>
				<sval type="array" size="2">
					<sval type="int" val="23" />
					<sval type="int" val="2" />
				</sval>
				<sval type="array" size="2">
					<sval type="int" val="39" />
					<sval type="int" val="4" />
				</sval>
				<sval type="array" size="2">
					<sval type="int" val="40" />
					<sval type="int" val="7" />
				</sval>
				<sval type="array" size="2">
					<sval type="int" val="40" />
					<sval type="int" val="4" />
				</sval>
				<sval type="array" size="2">
					<sval type="int" val="41" />
					<sval type="int" val="4" />
				</sval>
				<sval type="array" size="2">
					<sval type="int" val="44" />
					<sval type="int" val="2" />
				</sval>
				<sval type="array" size="2">
					<sval type="int" val="45" />
					<sval type="int" val="2" />
				</sval>
				<sval type="array" size="2">
					<sval type="int" val="46" />
					<sval type="int" val="2" />
				</sval>
				<sval type="array" size="2">
					<sval type="int" val="47" />
					<sval type="int" val="2" />
				</sval>
				<sval type="array" size="3">
					<sval type="int" val="47" />
					<sval type="int" val="1" />
					<sval type="string" val="Section: Your status" />
				</sval>
				<sval type="array" size="2">
					<sval type="int" val="51" />
					<sval type="int" val="2" />
				</sval>
				<sval type="array" size="2">
					<sval type="int" val="59" />
					<sval type="int" val="2" />
				</sval>
				<sval type="array" size="2">
					<sval type="int" val="77" />
					<sval type="int" val="2" />
				</sval>
				<sval type="array" size="3">
					<sval type="int" val="77" />
					<sval type="int" val="1" />
					<sval type="string" val="Enum station listing: display count and store menu item for later use" />
				</sval>
				<sval type="array" size="2">
					<sval type="int" val="107" />
					<sval type="int" val="4" />
				</sval>
				<sval type="array" size="2">
					<sval type="int" val="108" />
					<sval type="int" val="4" />
				</sval>
				<sval type="array" size="2">
					<sval type="int" val="117" />
					<sval type="int" val="2" />
				</sval>
				<sval type="array" size="3">
					<sval type="int" val="117" />
					<sval type="int" val="1" />
					<sval type="string" val="Section: Known Stations" />
				</sval>
				<sval type="array" size="2">
					<sval type="int" val="134" />
					<sval type="int" val="4" />
				</sval>
				<sval type="array" size="2">
					<sval type="int" val="134" />
					<sval type="int" val="2" />
				</sval>
				<sval type="array" size="3">
					<sval type="int" val="134" />
					<sval type="int" val="1" />
					<sval type="string" val="Section: Command Prompt" />
				</sval>
				<sval type="array" size="2">
					<sval type="int" val="137" />
					<sval type="int" val="2" />
				</sval>
				<sval type="array" size="3">
					<sval type="int" val="137" />
					<sval type="int" val="1" />
					<sval type="string" val="One option - Go back" />
				</sval>
				<sval type="array" size="2">
					<sval type="int" val="139" />
					<sval type="int" val="2" />
				</sval>
				<sval type="array" size="2">
					<sval type="int" val="140" />
					<sval type="int" val="2" />
				</sval>
			</sval>
			<sval type="int" val="0" />
		</sval>
	</codearray>
</script>
