<?xml version="1.0" standalone="yes"?>
<?xml-stylesheet href="x2script.xsl" type="text/xsl"?>
<!-- Generated using X-Studio -->
<script>
	<name>plugin.zanzal.PwnMi.rexec</name>
	<version>1</version>
	<engineversion>50</engineversion>
	<description></description>
	<arguments>
		<argument index="1" name="target" type="Var/Station" desc="" />
	</arguments>
	<sourcetext>
		<line linenr="001" indent="">
			<comment>* ************************************************</comment>
		</line>
		<line linenr="002" indent="">
			<comment>* SCRIPT NAME: plugin.zanzal.PwnMi.rexec</comment>
		</line>
		<line linenr="003" indent="">
			<comment>* DESCRIPTION: Remote execution commands</comment>
		</line>
		<line linenr="004" indent="">
			<comment>* </comment>
		</line>
		<line linenr="005" indent="">
			<comment>* AUTHOR: Zanzal          DATE: 15 December 2013</comment>
		</line>
		<line linenr="006" indent="">
			<comment>* ************************************************</comment>
		</line>
		<line linenr="007" indent="">
			<comment>* LICENSE: CC-BY-SA 4.0 International - http://creativecommons.org/licenses/by-sa/4.0/legalcode</comment>
		</line>
		<line linenr="008" indent="">
			<comment>* ************************************************</comment>
		</line>
		<line linenr="009" indent="">
			<var>$pageid</var>
			<text> </text>
			<text>=</text>
			<text> </text>
			<var>1337</var>
		</line>
		<line linenr="010" indent="" />
		<line linenr="011" indent="">
			<comment>* begin common submenu code</comment>
		</line>
		<line linenr="012" indent="">
			<var>$IDX_PRIVILEGE</var>
			<text> </text>
			<text>=</text>
			<text> </text>
			<var>0</var>
		</line>
		<line linenr="013" indent="">
			<var>$IDX_SUSPICION</var>
			<text> </text>
			<text>=</text>
			<text> </text>
			<var>1</var>
		</line>
		<line linenr="014" indent="">
			<var>$IDX_FAKEID</var>
			<text> </text>
			<text>=</text>
			<text> </text>
			<var>6</var>
		</line>
		<line linenr="015" indent="">
			<var>$IDX_INPROGRESS</var>
			<text> </text>
			<text>=</text>
			<text> </text>
			<var>8</var>
		</line>
		<line linenr="016" indent="" />
		<line linenr="017" indent="" interruptable="@">
			<text>skip</text>
			<text> </text>
			<text>if</text>
			<text> </text>
			<var>[THIS]</var>
			<text>-&gt;</text>
			<text> </text>
			<text>call</text>
			<text> </text>
			<text>script</text>
			<text> </text>
			<call>plugin.zanzal.PwnMi.checkobjectinrange</call>
			<text> </text>
			<text>:</text>
			<text> </text>
			<text>source</text>
			<text>=</text>
			<var>[PLAYERSHIP]</var>
			<text> </text>
			<text>dest</text>
			<text>=</text>
			<var>$target</var>
			<text> </text>
			<text>showerror</text>
			<text>=</text>
			<var>[TRUE]</var>
		</line>
		<line linenr="018" indent="&#160;">
			<text>return</text>
			<text> </text>
			<var>[TRUE]</var>
		</line>
		<line linenr="019" indent="" />
		<line linenr="020" indent="">
			<comment>* plugin settings</comment>
		</line>
		<line linenr="021" indent="">
			<var>$plugin.Vars</var>
			<text> </text>
			<text>=</text>
			<text> </text>
			<text>get</text>
			<text> </text>
			<text>global</text>
			<text> </text>
			<text>variable</text>
			<text>:</text>
			<text> </text>
			<text>name</text>
			<text>=</text>
			<text>'al.plugin.zanzal.PwnMi.main'</text>
		</line>
		<line linenr="022" indent="">
			<var>$hackerrank</var>
			<text> </text>
			<text>=</text>
			<text> </text>
			<var>$plugin.Vars</var>
			<text>[</text>
			<var>2</var>
			<text>]</text>
		</line>
		<line linenr="023" indent="" />
		<line linenr="024" indent="">
			<text>if</text>
			<text> </text>
			<var>$hackerrank</var>
			<text> </text>
			<text>==</text>
			<text> </text>
			<var>3</var>
		</line>
		<line linenr="025" indent="&#160;">
			<var>$hackergrade</var>
			<text> </text>
			<text>=</text>
			<text> </text>
			<text>read</text>
			<text> </text>
			<text>text</text>
			<text>:</text>
			<text> </text>
			<text>page</text>
			<text>=</text>
			<var>$pageid</var>
			<text> </text>
			<text>id</text>
			<text>=</text>
			<var>21</var>
		</line>
		<line linenr="026" indent="">
			<text>else</text>
			<text> </text>
			<text>if</text>
			<text> </text>
			<var>$hackerrank</var>
			<text> </text>
			<text>==</text>
			<text> </text>
			<var>2</var>
		</line>
		<line linenr="027" indent="&#160;">
			<var>$hackergrade</var>
			<text> </text>
			<text>=</text>
			<text> </text>
			<text>read</text>
			<text> </text>
			<text>text</text>
			<text>:</text>
			<text> </text>
			<text>page</text>
			<text>=</text>
			<var>$pageid</var>
			<text> </text>
			<text>id</text>
			<text>=</text>
			<var>22</var>
		</line>
		<line linenr="028" indent="">
			<text>else</text>
			<text> </text>
			<text>if</text>
			<text> </text>
			<var>$hackerrank</var>
			<text> </text>
			<text>==</text>
			<text> </text>
			<var>1</var>
		</line>
		<line linenr="029" indent="&#160;">
			<var>$hackergrade</var>
			<text> </text>
			<text>=</text>
			<text> </text>
			<text>read</text>
			<text> </text>
			<text>text</text>
			<text>:</text>
			<text> </text>
			<text>page</text>
			<text>=</text>
			<var>$pageid</var>
			<text> </text>
			<text>id</text>
			<text>=</text>
			<var>23</var>
		</line>
		<line linenr="030" indent="">
			<text>else</text>
		</line>
		<line linenr="031" indent="&#160;">
			<var>$hackergrade</var>
			<text> </text>
			<text>=</text>
			<text> </text>
			<text>read</text>
			<text> </text>
			<text>text</text>
			<text>:</text>
			<text> </text>
			<text>page</text>
			<text>=</text>
			<var>$pageid</var>
			<text> </text>
			<text>id</text>
			<text>=</text>
			<var>24</var>
		</line>
		<line linenr="032" indent="">
			<text>end</text>
		</line>
		<line linenr="033" indent="" />
		<line linenr="034" indent="" interruptable="@">
			<var>$station.vars.ex</var>
			<text> </text>
			<text>=</text>
			<text> </text>
			<var>[THIS]</var>
			<text>-&gt;</text>
			<text> </text>
			<text>call</text>
			<text> </text>
			<text>script</text>
			<text> </text>
			<call>plugin.zanzal.PwnMi.getstationvars</call>
			<text> </text>
			<text>:</text>
			<text> </text>
			<text>target</text>
			<text>=</text>
			<var>$target</var>
		</line>
		<line linenr="035" indent="">
			<var>$station.Vars</var>
			<text> </text>
			<text>=</text>
			<text> </text>
			<var>$station.vars.ex</var>
			<text>[</text>
			<var>0</var>
			<text>]</text>
		</line>
		<line linenr="036" indent="">
			<var>$pl</var>
			<text> </text>
			<text>=</text>
			<text> </text>
			<var>$station.Vars</var>
			<text>[</text>
			<var>$IDX_PRIVILEGE</var>
			<text>]</text>
		</line>
		<line linenr="037" indent="">
			<var>$sus</var>
			<text> </text>
			<text>=</text>
			<text> </text>
			<var>$station.Vars</var>
			<text>[</text>
			<var>$IDX_SUSPICION</var>
			<text>]</text>
		</line>
		<line linenr="038" indent="">
			<var>$susl</var>
			<text> </text>
			<text>=</text>
			<text> </text>
			<var>$station.vars.ex</var>
			<text>[</text>
			<var>1</var>
			<text>]</text>
		</line>
		<line linenr="039" indent="" />
		<line linenr="040" indent="">
			<var>$PwnMi.menu.title</var>
			<text> </text>
			<text>=</text>
			<text> </text>
			<text>read</text>
			<text> </text>
			<text>text</text>
			<text>:</text>
			<text> </text>
			<text>page</text>
			<text>=</text>
			<var>$pageid</var>
			<text> </text>
			<text>id</text>
			<text>=</text>
			<var>3</var>
		</line>
		<line linenr="041" indent="">
			<var>$menu.header</var>
			<text> </text>
			<text>=</text>
			<text> </text>
			<var>$target</var>
			<text>-&gt;</text>
			<text> </text>
			<text>get</text>
			<text> </text>
			<text>name</text>
		</line>
		<line linenr="042" indent="" />
		<line linenr="043" indent="">
			<var>$menu</var>
			<text> </text>
			<text>=</text>
			<text> </text>
			<text>create</text>
			<text> </text>
			<text>custom</text>
			<text> </text>
			<text>menu</text>
			<text> </text>
			<text>array</text>
		</line>
		<line linenr="044" indent="" />
		<line linenr="045" indent="">
			<var>$XStudio.Hidden</var>
			<text> </text>
			<text>=</text>
			<text> </text>
			<text>read</text>
			<text> </text>
			<text>text</text>
			<text>:</text>
			<text> </text>
			<text>page</text>
			<text>=</text>
			<var>$pageid</var>
			<text> </text>
			<text>id</text>
			<text>=</text>
			<var>6</var>
		</line>
		<line linenr="046" indent="">
			<text>add</text>
			<text> </text>
			<text>custom</text>
			<text> </text>
			<text>menu</text>
			<text> </text>
			<text>heading</text>
			<text> </text>
			<text>to</text>
			<text> </text>
			<text>array</text>
			<text> </text>
			<var>$menu</var>
			<text>:</text>
			<text> </text>
			<text>title</text>
			<text>=</text>
			<var>$XStudio.Hidden</var>
		</line>
		<line linenr="047" indent="" />
		<line linenr="048" indent="">
			<var>$pls</var>
			<text> </text>
			<text>=</text>
			<text> </text>
			<text>convert</text>
			<text> </text>
			<text>number</text>
			<text> </text>
			<var>$pl</var>
			<text> </text>
			<text>to</text>
			<text> </text>
			<text>string</text>
		</line>
		<line linenr="049" indent="">
			<var>$st</var>
			<text> </text>
			<text>=</text>
			<text> </text>
			<text>sprintf</text>
			<text>:</text>
			<text> </text>
			<text>pageid</text>
			<text>=</text>
			<var>$pageid</var>
			<text> </text>
			<text>textid</text>
			<text>=</text>
			<var>20</var>
			<text>,</text>
			<text> </text>
			<var>$pls</var>
			<text>,</text>
			<text> </text>
			<var>$susl</var>
			<text>,</text>
			<text> </text>
			<var>$hackergrade</var>
			<text>,</text>
			<text> </text>
			<var>null</var>
			<text>,</text>
			<text> </text>
			<var>null</var>
		</line>
		<line linenr="050" indent="">
			<text>add</text>
			<text> </text>
			<text>custom</text>
			<text> </text>
			<text>menu</text>
			<text> </text>
			<text>info</text>
			<text> </text>
			<text>line</text>
			<text> </text>
			<text>to</text>
			<text> </text>
			<text>array</text>
			<text> </text>
			<var>$menu</var>
			<text>:</text>
			<text> </text>
			<text>text</text>
			<text>=</text>
			<var>$st</var>
		</line>
		<line linenr="051" indent="" />
		<line linenr="052" indent="">
			<comment>* One option - Go back</comment>
		</line>
		<line linenr="053" indent="">
			<var>$XStudio.Hidden</var>
			<text> </text>
			<text>=</text>
			<text> </text>
			<text>read</text>
			<text> </text>
			<text>text</text>
			<text>:</text>
			<text> </text>
			<text>page</text>
			<text>=</text>
			<var>$pageid</var>
			<text> </text>
			<text>id</text>
			<text>=</text>
			<var>35</var>
		</line>
		<line linenr="054" indent="">
			<text>add</text>
			<text> </text>
			<text>custom</text>
			<text> </text>
			<text>menu</text>
			<text> </text>
			<text>item</text>
			<text> </text>
			<text>to</text>
			<text> </text>
			<text>array</text>
			<text> </text>
			<var>$menu</var>
			<text>:</text>
			<text> </text>
			<text>text</text>
			<text>=</text>
			<var>$XStudio.Hidden</var>
			<text> </text>
			<text>returnvalue</text>
			<text>=</text>
			<var>-1</var>
		</line>
		<line linenr="055" indent="" />
		<line linenr="056" indent="">
			<comment>* End common submenu code</comment>
		</line>
		<line linenr="057" indent="&#160;" />
		<line linenr="058" indent="">
			<text>if</text>
			<text> </text>
			<text>not</text>
			<text> </text>
			<var>$station.Vars</var>
			<text>[</text>
			<var>21</var>
			<text>]</text>
		</line>
		<line linenr="059" indent="">
			<var>$XStudio.Hidden</var>
			<text> </text>
			<text>=</text>
			<text> </text>
			<text>read</text>
			<text> </text>
			<text>text</text>
			<text>:</text>
			<text> </text>
			<text>page</text>
			<text>=</text>
			<var>$pageid</var>
			<text> </text>
			<text>id</text>
			<text>=</text>
			<var>85</var>
		</line>
		<line linenr="060" indent="">
			<text>add</text>
			<text> </text>
			<text>custom</text>
			<text> </text>
			<text>menu</text>
			<text> </text>
			<text>item</text>
			<text> </text>
			<text>to</text>
			<text> </text>
			<text>array</text>
			<text> </text>
			<var>$menu</var>
			<text>:</text>
			<text> </text>
			<text>text</text>
			<text>=</text>
			<var>$XStudio.Hidden</var>
			<text> </text>
			<text>returnvalue</text>
			<text>=</text>
			<var>1</var>
		</line>
		<line linenr="061" indent="&#160;">
			<text>end</text>
		</line>
		<line linenr="062" indent="" />
		<line linenr="063" indent="">
			<text>if</text>
			<text> </text>
			<text>not</text>
			<text> </text>
			<var>$station.Vars</var>
			<text>[</text>
			<var>22</var>
			<text>]</text>
		</line>
		<line linenr="064" indent="">
			<var>$XStudio.Hidden</var>
			<text> </text>
			<text>=</text>
			<text> </text>
			<text>read</text>
			<text> </text>
			<text>text</text>
			<text>:</text>
			<text> </text>
			<text>page</text>
			<text>=</text>
			<var>$pageid</var>
			<text> </text>
			<text>id</text>
			<text>=</text>
			<var>86</var>
		</line>
		<line linenr="065" indent="&#160;">
			<text>add</text>
			<text> </text>
			<text>custom</text>
			<text> </text>
			<text>menu</text>
			<text> </text>
			<text>item</text>
			<text> </text>
			<text>to</text>
			<text> </text>
			<text>array</text>
			<text> </text>
			<var>$menu</var>
			<text>:</text>
			<text> </text>
			<text>text</text>
			<text>=</text>
			<var>$XStudio.Hidden</var>
			<text> </text>
			<text>returnvalue</text>
			<text>=</text>
			<var>2</var>
		</line>
		<line linenr="066" indent="">
			<text>end</text>
		</line>
		<line linenr="067" indent="" />
		<line linenr="068" indent="">
			<text>if</text>
			<text> </text>
			<text>not</text>
			<text> </text>
			<var>$station.Vars</var>
			<text>[</text>
			<var>23</var>
			<text>]</text>
		</line>
		<line linenr="069" indent="&#160;">
			<var>$XStudio.Hidden</var>
			<text> </text>
			<text>=</text>
			<text> </text>
			<text>read</text>
			<text> </text>
			<text>text</text>
			<text>:</text>
			<text> </text>
			<text>page</text>
			<text>=</text>
			<var>$pageid</var>
			<text> </text>
			<text>id</text>
			<text>=</text>
			<var>87</var>
		</line>
		<line linenr="070" indent="&#160;&#160;">
			<text>add</text>
			<text> </text>
			<text>custom</text>
			<text> </text>
			<text>menu</text>
			<text> </text>
			<text>item</text>
			<text> </text>
			<text>to</text>
			<text> </text>
			<text>array</text>
			<text> </text>
			<var>$menu</var>
			<text>:</text>
			<text> </text>
			<text>text</text>
			<text>=</text>
			<var>$XStudio.Hidden</var>
			<text> </text>
			<text>returnvalue</text>
			<text>=</text>
			<var>3</var>
		</line>
		<line linenr="071" indent="&#160;&#160;">
			<text>end</text>
		</line>
		<line linenr="072" indent="&#160;&#160;" />
		<line linenr="073" indent="&#160;&#160;">
			<text>if</text>
			<text> </text>
			<text>not</text>
			<text> </text>
			<var>$station.Vars</var>
			<text>[</text>
			<var>24</var>
			<text>]</text>
		</line>
		<line linenr="074" indent="&#160;">
			<text>if</text>
			<text> </text>
			<text>not</text>
			<text> </text>
			<var>$station.Vars</var>
			<text>[</text>
			<var>$IDX_FAKEID</var>
			<text>]</text>
		</line>
		<line linenr="075" indent="&#160;&#160;">
			<var>$text</var>
			<text> </text>
			<text>=</text>
			<text> </text>
			<text>read</text>
			<text> </text>
			<text>text</text>
			<text>:</text>
			<text> </text>
			<text>page</text>
			<text>=</text>
			<var>$pageid</var>
			<text> </text>
			<text>id</text>
			<text>=</text>
			<var>88</var>
		</line>
		<line linenr="076" indent="&#160;">
			<var>$warn</var>
			<text> </text>
			<text>=</text>
			<text> </text>
			<text>read</text>
			<text> </text>
			<text>text</text>
			<text>:</text>
			<text> </text>
			<text>page</text>
			<text>=</text>
			<var>$pageid</var>
			<text> </text>
			<text>id</text>
			<text>=</text>
			<var>93</var>
		</line>
		<line linenr="077" indent="">
			<var>$text</var>
			<text> </text>
			<text>=</text>
			<text> </text>
			<var>$text</var>
			<text> </text>
			<text>+</text>
			<text> </text>
			<text>' '</text>
			<text> </text>
			<text>+</text>
			<text> </text>
			<var>$warn</var>
		</line>
		<line linenr="078" indent="">
			<text>add</text>
			<text> </text>
			<text>non</text>
			<text> </text>
			<text>selectable</text>
			<text> </text>
			<text>menu</text>
			<text> </text>
			<text>item</text>
			<text>:</text>
			<text> </text>
			<var>$menu</var>
			<text>,</text>
			<text> </text>
			<text>text</text>
			<text>=</text>
			<var>$text</var>
		</line>
		<line linenr="079" indent="">
			<text>else</text>
		</line>
		<line linenr="080" indent="&#160;">
			<var>$XStudio.Hidden</var>
			<text> </text>
			<text>=</text>
			<text> </text>
			<text>read</text>
			<text> </text>
			<text>text</text>
			<text>:</text>
			<text> </text>
			<text>page</text>
			<text>=</text>
			<var>$pageid</var>
			<text> </text>
			<text>id</text>
			<text>=</text>
			<var>88</var>
		</line>
		<line linenr="081" indent="&#160;">
			<text>add</text>
			<text> </text>
			<text>custom</text>
			<text> </text>
			<text>menu</text>
			<text> </text>
			<text>item</text>
			<text> </text>
			<text>to</text>
			<text> </text>
			<text>array</text>
			<text> </text>
			<var>$menu</var>
			<text>:</text>
			<text> </text>
			<text>text</text>
			<text>=</text>
			<var>$XStudio.Hidden</var>
			<text> </text>
			<text>returnvalue</text>
			<text>=</text>
			<var>4</var>
		</line>
		<line linenr="082" indent="&#160;">
			<text>end</text>
		</line>
		<line linenr="083" indent="&#160;">
			<text>end</text>
		</line>
		<line linenr="084" indent="&#160;" />
		<line linenr="085" indent="&#160;">
			<text>while</text>
			<text> </text>
			<var>[TRUE]</var>
		</line>
		<line linenr="086" indent="&#160;">
			<var>$menu.choice</var>
			<text> </text>
			<text>=</text>
			<text> </text>
			<text>open</text>
			<text> </text>
			<text>custom</text>
			<text> </text>
			<text>menu</text>
			<text>:</text>
			<text> </text>
			<text>title</text>
			<text>=</text>
			<var>$PwnMi.menu.title</var>
			<text> </text>
			<text>description</text>
			<text>=</text>
			<var>$menu.header</var>
			<text> </text>
			<text>option</text>
			<text> </text>
			<text>array</text>
			<text>=</text>
			<var>$menu</var>
		</line>
		<line linenr="087" indent="&#160;" />
		<line linenr="088" indent="&#160;">
			<var>$result.success</var>
			<text> </text>
			<text>=</text>
			<text> </text>
			<text>read</text>
			<text> </text>
			<text>text</text>
			<text>:</text>
			<text> </text>
			<text>page</text>
			<text>=</text>
			<var>$pageid</var>
			<text> </text>
			<text>id</text>
			<text>=</text>
			<var>49</var>
		</line>
		<line linenr="089" indent="&#160;&#160;">
			<var>$result.partsuccess</var>
			<text> </text>
			<text>=</text>
			<text> </text>
			<text>read</text>
			<text> </text>
			<text>text</text>
			<text>:</text>
			<text> </text>
			<text>page</text>
			<text>=</text>
			<var>$pageid</var>
			<text> </text>
			<text>id</text>
			<text>=</text>
			<var>50</var>
		</line>
		<line linenr="090" indent="&#160;&#160;">
			<var>$result.failure</var>
			<text> </text>
			<text>=</text>
			<text> </text>
			<text>read</text>
			<text> </text>
			<text>text</text>
			<text>:</text>
			<text> </text>
			<text>page</text>
			<text>=</text>
			<var>$pageid</var>
			<text> </text>
			<text>id</text>
			<text>=</text>
			<var>51</var>
		</line>
		<line linenr="091" indent="&#160;&#160;" />
		<line linenr="092" indent="&#160;&#160;">
			<var>$absorb_suspicion</var>
			<text> </text>
			<text>=</text>
			<text> </text>
			<var>[FALSE]</var>
		</line>
		<line linenr="093" indent="&#160;&#160;">
			<var>$cost_refusal</var>
			<text> </text>
			<text>=</text>
			<text> </text>
			<var>null</var>
		</line>
		<line linenr="094" indent="&#160;&#160;">
			<text>if</text>
			<text> </text>
			<var>$menu.choice</var>
			<text> </text>
			<text>==</text>
			<text> </text>
			<var>1</var>
		</line>
		<line linenr="095" indent="&#160;&#160;">
			<comment>* Decrypt Passwords File</comment>
		</line>
		<line linenr="096" indent="&#160;&#160;">
			<var>$command</var>
			<text> </text>
			<text>=</text>
			<text> </text>
			<text>read</text>
			<text> </text>
			<text>text</text>
			<text>:</text>
			<text> </text>
			<text>page</text>
			<text>=</text>
			<var>$pageid</var>
			<text> </text>
			<text>id</text>
			<text>=</text>
			<var>85</var>
		</line>
		<line linenr="097" indent="&#160;&#160;">
			<var>$desc</var>
			<text> </text>
			<text>=</text>
			<text> </text>
			<text>read</text>
			<text> </text>
			<text>text</text>
			<text>:</text>
			<text> </text>
			<text>page</text>
			<text>=</text>
			<var>$pageid</var>
			<text> </text>
			<text>id</text>
			<text>=</text>
			<var>89</var>
		</line>
		<line linenr="098" indent="&#160;&#160;">
			<var>$op_style</var>
			<text> </text>
			<text>=</text>
			<text> </text>
			<text>'scan'</text>
		</line>
		<line linenr="099" indent="&#160;">
			<var>$command_id</var>
			<text> </text>
			<text>=</text>
			<text> </text>
			<var>21</var>
		</line>
		<line linenr="100" indent="&#160;&#160;">
			<var>$victims</var>
			<text> </text>
			<text>=</text>
			<text> </text>
			<text>array</text>
			<text> </text>
			<text>alloc</text>
			<text>:</text>
			<text> </text>
			<text>size</text>
			<text>=</text>
			<var>0</var>
		</line>
		<line linenr="101" indent="&#160;&#160;">
			<var>$cost</var>
			<text> </text>
			<text>=</text>
			<text> </text>
			<text>array</text>
			<text> </text>
			<text>alloc</text>
			<text>:</text>
			<text> </text>
			<text>size</text>
			<text>=</text>
			<var>2</var>
		</line>
		<line linenr="102" indent="&#160;&#160;">
			<var>$cost</var>
			<text>[</text>
			<var>0</var>
			<text>]</text>
			<text> </text>
			<text>=</text>
			<text> </text>
			<var>0</var>
		</line>
		<line linenr="103" indent="&#160;&#160;">
			<var>$cost</var>
			<text>[</text>
			<var>1</var>
			<text>]</text>
			<text> </text>
			<text>=</text>
			<text> </text>
			<var>0</var>
		</line>
		<line linenr="104" indent="&#160;&#160;">
			<var>$results</var>
			<text> </text>
			<text>=</text>
			<text> </text>
			<text>array</text>
			<text> </text>
			<text>alloc</text>
			<text>:</text>
			<text> </text>
			<text>size</text>
			<text>=</text>
			<var>2</var>
		</line>
		<line linenr="105" indent="&#160;&#160;">
			<var>$results</var>
			<text>[</text>
			<var>0</var>
			<text>]</text>
			<text> </text>
			<text>=</text>
			<text> </text>
			<var>100</var>
		</line>
		<line linenr="106" indent="&#160;&#160;">
			<var>$results</var>
			<text>[</text>
			<var>1</var>
			<text>]</text>
			<text> </text>
			<text>=</text>
			<text> </text>
			<var>$result.success</var>
		</line>
		<line linenr="107" indent="&#160;&#160;">
			<var>$risk</var>
			<text> </text>
			<text>=</text>
			<text> </text>
			<text>array</text>
			<text> </text>
			<text>alloc</text>
			<text>:</text>
			<text> </text>
			<text>size</text>
			<text>=</text>
			<var>2</var>
		</line>
		<line linenr="108" indent="&#160;&#160;">
			<var>$risk</var>
			<text>[</text>
			<var>0</var>
			<text>]</text>
			<text> </text>
			<text>=</text>
			<text> </text>
			<var>10</var>
		</line>
		<line linenr="109" indent="&#160;&#160;">
			<var>$risk</var>
			<text>[</text>
			<var>1</var>
			<text>]</text>
			<text> </text>
			<text>=</text>
			<text> </text>
			<var>13</var>
		</line>
		<line linenr="110" indent="&#160;&#160;">
			<var>$reward</var>
			<text> </text>
			<text>=</text>
			<text> </text>
			<text>array</text>
			<text> </text>
			<text>alloc</text>
			<text>:</text>
			<text> </text>
			<text>size</text>
			<text>=</text>
			<var>2</var>
		</line>
		<line linenr="111" indent="&#160;&#160;">
			<var>$reward</var>
			<text>[</text>
			<var>0</var>
			<text>]</text>
			<text> </text>
			<text>=</text>
			<text> </text>
			<var>16</var>
		</line>
		<line linenr="112" indent="&#160;">
			<var>$reward</var>
			<text>[</text>
			<var>1</var>
			<text>]</text>
			<text> </text>
			<text>=</text>
			<text> </text>
			<var>23</var>
		</line>
		<line linenr="113" indent="&#160;&#160;">
			<text>else</text>
			<text> </text>
			<text>if</text>
			<text> </text>
			<var>$menu.choice</var>
			<text> </text>
			<text>==</text>
			<text> </text>
			<var>2</var>
		</line>
		<line linenr="114" indent="&#160;&#160;">
			<comment>* Alter Log Files</comment>
		</line>
		<line linenr="115" indent="&#160;&#160;">
			<var>$command</var>
			<text> </text>
			<text>=</text>
			<text> </text>
			<text>read</text>
			<text> </text>
			<text>text</text>
			<text>:</text>
			<text> </text>
			<text>page</text>
			<text>=</text>
			<var>$pageid</var>
			<text> </text>
			<text>id</text>
			<text>=</text>
			<var>86</var>
		</line>
		<line linenr="116" indent="&#160;&#160;">
			<var>$desc</var>
			<text> </text>
			<text>=</text>
			<text> </text>
			<text>read</text>
			<text> </text>
			<text>text</text>
			<text>:</text>
			<text> </text>
			<text>page</text>
			<text>=</text>
			<var>$pageid</var>
			<text> </text>
			<text>id</text>
			<text>=</text>
			<var>90</var>
		</line>
		<line linenr="117" indent="&#160;&#160;">
			<var>$op_style</var>
			<text> </text>
			<text>=</text>
			<text> </text>
			<text>'standard'</text>
		</line>
		<line linenr="118" indent="&#160;&#160;">
			<var>$command_id</var>
			<text> </text>
			<text>=</text>
			<text> </text>
			<var>22</var>
		</line>
		<line linenr="119" indent="&#160;&#160;">
			<var>$victims</var>
			<text> </text>
			<text>=</text>
			<text> </text>
			<text>array</text>
			<text> </text>
			<text>alloc</text>
			<text>:</text>
			<text> </text>
			<text>size</text>
			<text>=</text>
			<var>0</var>
		</line>
		<line linenr="120" indent="&#160;&#160;">
			<var>$results</var>
			<text> </text>
			<text>=</text>
			<text> </text>
			<text>array</text>
			<text> </text>
			<text>alloc</text>
			<text>:</text>
			<text> </text>
			<text>size</text>
			<text>=</text>
			<var>2</var>
		</line>
		<line linenr="121" indent="&#160;&#160;">
			<var>$results</var>
			<text>[</text>
			<var>0</var>
			<text>]</text>
			<text> </text>
			<text>=</text>
			<text> </text>
			<var>100</var>
		</line>
		<line linenr="122" indent="&#160;&#160;">
			<var>$results</var>
			<text>[</text>
			<var>1</var>
			<text>]</text>
			<text> </text>
			<text>=</text>
			<text> </text>
			<var>$result.success</var>
		</line>
		<line linenr="123" indent="&#160;&#160;">
			<var>$cost</var>
			<text> </text>
			<text>=</text>
			<text> </text>
			<text>array</text>
			<text> </text>
			<text>alloc</text>
			<text>:</text>
			<text> </text>
			<text>size</text>
			<text>=</text>
			<var>2</var>
		</line>
		<line linenr="124" indent="&#160;">
			<var>$cost</var>
			<text>[</text>
			<var>0</var>
			<text>]</text>
			<text> </text>
			<text>=</text>
			<text> </text>
			<var>0</var>
		</line>
		<line linenr="125" indent="&#160;&#160;">
			<var>$cost</var>
			<text>[</text>
			<var>1</var>
			<text>]</text>
			<text> </text>
			<text>=</text>
			<text> </text>
			<var>0</var>
		</line>
		<line linenr="126" indent="&#160;&#160;">
			<var>$risk_min</var>
			<text> </text>
			<text>=</text>
			<text> </text>
			<var>0</var>
			<text> </text>
			<text>-</text>
			<text> </text>
			<var>$sus</var>
			<text> </text>
			<text>*</text>
			<text> </text>
			<var>55</var>
			<text> </text>
			<text>/</text>
			<text> </text>
			<var>100</var>
		</line>
		<line linenr="127" indent="&#160;&#160;">
			<var>$risk_max</var>
			<text> </text>
			<text>=</text>
			<text> </text>
			<var>0</var>
			<text> </text>
			<text>-</text>
			<text> </text>
			<var>$sus</var>
			<text> </text>
			<text>*</text>
			<text> </text>
			<var>35</var>
			<text> </text>
			<text>/</text>
			<text> </text>
			<var>100</var>
		</line>
		<line linenr="128" indent="&#160;&#160;">
			<var>$risk</var>
			<text> </text>
			<text>=</text>
			<text> </text>
			<text>array</text>
			<text> </text>
			<text>alloc</text>
			<text>:</text>
			<text> </text>
			<text>size</text>
			<text>=</text>
			<var>2</var>
		</line>
		<line linenr="129" indent="&#160;&#160;">
			<var>$risk</var>
			<text>[</text>
			<var>0</var>
			<text>]</text>
			<text> </text>
			<text>=</text>
			<text> </text>
			<var>$risk_min</var>
		</line>
		<line linenr="130" indent="&#160;&#160;">
			<var>$risk</var>
			<text>[</text>
			<var>1</var>
			<text>]</text>
			<text> </text>
			<text>=</text>
			<text> </text>
			<var>$risk_max</var>
		</line>
		<line linenr="131" indent="&#160;&#160;">
			<var>$reward</var>
			<text> </text>
			<text>=</text>
			<text> </text>
			<text>array</text>
			<text> </text>
			<text>alloc</text>
			<text>:</text>
			<text> </text>
			<text>size</text>
			<text>=</text>
			<var>2</var>
		</line>
		<line linenr="132" indent="&#160;&#160;">
			<var>$reward</var>
			<text>[</text>
			<var>0</var>
			<text>]</text>
			<text> </text>
			<text>=</text>
			<text> </text>
			<var>0</var>
		</line>
		<line linenr="133" indent="&#160;&#160;">
			<var>$reward</var>
			<text>[</text>
			<var>1</var>
			<text>]</text>
			<text> </text>
			<text>=</text>
			<text> </text>
			<var>0</var>
		</line>
		<line linenr="134" indent="&#160;&#160;">
			<text>else</text>
			<text> </text>
			<text>if</text>
			<text> </text>
			<var>$menu.choice</var>
			<text> </text>
			<text>==</text>
			<text> </text>
			<var>3</var>
		</line>
		<line linenr="135" indent="&#160;">
			<comment>* Create Fake Identity</comment>
		</line>
		<line linenr="136" indent="&#160;&#160;">
			<var>$command</var>
			<text> </text>
			<text>=</text>
			<text> </text>
			<text>read</text>
			<text> </text>
			<text>text</text>
			<text>:</text>
			<text> </text>
			<text>page</text>
			<text>=</text>
			<var>$pageid</var>
			<text> </text>
			<text>id</text>
			<text>=</text>
			<var>87</var>
		</line>
		<line linenr="137" indent="&#160;">
			<var>$desc</var>
			<text> </text>
			<text>=</text>
			<text> </text>
			<text>read</text>
			<text> </text>
			<text>text</text>
			<text>:</text>
			<text> </text>
			<text>page</text>
			<text>=</text>
			<var>$pageid</var>
			<text> </text>
			<text>id</text>
			<text>=</text>
			<var>91</var>
		</line>
		<line linenr="138" indent="&#160;">
			<var>$person_asset</var>
			<text> </text>
			<text>=</text>
			<text> </text>
			<var>[FALSE]</var>
		</line>
		<line linenr="139" indent="&#160;">
			<var>$op_style</var>
			<text> </text>
			<text>=</text>
			<text> </text>
			<text>'standard'</text>
		</line>
		<line linenr="140" indent="&#160;">
			<var>$command_id</var>
			<text> </text>
			<text>=</text>
			<text> </text>
			<var>23</var>
		</line>
		<line linenr="141" indent="&#160;">
			<var>$victims</var>
			<text> </text>
			<text>=</text>
			<text> </text>
			<text>array</text>
			<text> </text>
			<text>alloc</text>
			<text>:</text>
			<text> </text>
			<text>size</text>
			<text>=</text>
			<var>0</var>
		</line>
		<line linenr="142" indent="&#160;&#160;">
			<var>$cost</var>
			<text> </text>
			<text>=</text>
			<text> </text>
			<text>array</text>
			<text> </text>
			<text>alloc</text>
			<text>:</text>
			<text> </text>
			<text>size</text>
			<text>=</text>
			<var>2</var>
		</line>
		<line linenr="143" indent="&#160;">
			<var>$cost</var>
			<text>[</text>
			<var>0</var>
			<text>]</text>
			<text> </text>
			<text>=</text>
			<text> </text>
			<var>0</var>
		</line>
		<line linenr="144" indent="">
			<var>$cost</var>
			<text>[</text>
			<var>1</var>
			<text>]</text>
			<text> </text>
			<text>=</text>
			<text> </text>
			<var>0</var>
		</line>
		<line linenr="145" indent="">
			<var>$results</var>
			<text> </text>
			<text>=</text>
			<text> </text>
			<text>array</text>
			<text> </text>
			<text>alloc</text>
			<text>:</text>
			<text> </text>
			<text>size</text>
			<text>=</text>
			<var>2</var>
		</line>
		<line linenr="146" indent="">
			<var>$results</var>
			<text>[</text>
			<var>0</var>
			<text>]</text>
			<text> </text>
			<text>=</text>
			<text> </text>
			<var>100</var>
		</line>
		<line linenr="147" indent="">
			<var>$results</var>
			<text>[</text>
			<var>1</var>
			<text>]</text>
			<text> </text>
			<text>=</text>
			<text> </text>
			<var>$result.success</var>
		</line>
		<line linenr="148" indent="">
			<var>$risk</var>
			<text> </text>
			<text>=</text>
			<text> </text>
			<text>array</text>
			<text> </text>
			<text>alloc</text>
			<text>:</text>
			<text> </text>
			<text>size</text>
			<text>=</text>
			<var>2</var>
		</line>
		<line linenr="149" indent="">
			<var>$risk</var>
			<text>[</text>
			<var>0</var>
			<text>]</text>
			<text> </text>
			<text>=</text>
			<text> </text>
			<var>0</var>
		</line>
		<line linenr="150" indent="">
			<var>$risk</var>
			<text>[</text>
			<var>1</var>
			<text>]</text>
			<text> </text>
			<text>=</text>
			<text> </text>
			<var>3</var>
		</line>
		<line linenr="151" indent="">
			<var>$reward</var>
			<text> </text>
			<text>=</text>
			<text> </text>
			<text>array</text>
			<text> </text>
			<text>alloc</text>
			<text>:</text>
			<text> </text>
			<text>size</text>
			<text>=</text>
			<var>2</var>
		</line>
		<line linenr="152" indent="">
			<var>$reward</var>
			<text>[</text>
			<var>0</var>
			<text>]</text>
			<text> </text>
			<text>=</text>
			<text> </text>
			<var>0</var>
		</line>
		<line linenr="153" indent="">
			<var>$reward</var>
			<text>[</text>
			<var>1</var>
			<text>]</text>
			<text> </text>
			<text>=</text>
			<text> </text>
			<var>4</var>
		</line>
		<line linenr="154" indent="">
			<text>else</text>
			<text> </text>
			<text>if</text>
			<text> </text>
			<var>$menu.choice</var>
			<text> </text>
			<text>==</text>
			<text> </text>
			<var>4</var>
		</line>
		<line linenr="155" indent="">
			<comment>* Social Engineering: Helpdesk Technician</comment>
		</line>
		<line linenr="156" indent="">
			<var>$command</var>
			<text> </text>
			<text>=</text>
			<text> </text>
			<text>read</text>
			<text> </text>
			<text>text</text>
			<text>:</text>
			<text> </text>
			<text>page</text>
			<text>=</text>
			<var>$pageid</var>
			<text> </text>
			<text>id</text>
			<text>=</text>
			<var>88</var>
		</line>
		<line linenr="157" indent="">
			<var>$desc</var>
			<text> </text>
			<text>=</text>
			<text> </text>
			<text>read</text>
			<text> </text>
			<text>text</text>
			<text>:</text>
			<text> </text>
			<text>page</text>
			<text>=</text>
			<var>$pageid</var>
			<text> </text>
			<text>id</text>
			<text>=</text>
			<var>92</var>
		</line>
		<line linenr="158" indent="">
			<var>$op_style</var>
			<text> </text>
			<text>=</text>
			<text> </text>
			<text>'social'</text>
		</line>
		<line linenr="159" indent="">
			<var>$command_id</var>
			<text> </text>
			<text>=</text>
			<text> </text>
			<var>24</var>
		</line>
		<line linenr="160" indent="">
			<var>$victims</var>
			<text> </text>
			<text>=</text>
			<text> </text>
			<text>array</text>
			<text> </text>
			<text>alloc</text>
			<text>:</text>
			<text> </text>
			<text>size</text>
			<text>=</text>
			<var>0</var>
		</line>
		<line linenr="161" indent="">
			<var>$cost</var>
			<text> </text>
			<text>=</text>
			<text> </text>
			<text>array</text>
			<text> </text>
			<text>alloc</text>
			<text>:</text>
			<text> </text>
			<text>size</text>
			<text>=</text>
			<var>2</var>
		</line>
		<line linenr="162" indent="">
			<var>$cost</var>
			<text>[</text>
			<var>0</var>
			<text>]</text>
			<text> </text>
			<text>=</text>
			<text> </text>
			<var>0</var>
		</line>
		<line linenr="163" indent="">
			<var>$cost</var>
			<text>[</text>
			<var>1</var>
			<text>]</text>
			<text> </text>
			<text>=</text>
			<text> </text>
			<var>0</var>
		</line>
		<line linenr="164" indent="">
			<var>$results</var>
			<text> </text>
			<text>=</text>
			<text> </text>
			<text>array</text>
			<text> </text>
			<text>alloc</text>
			<text>:</text>
			<text> </text>
			<text>size</text>
			<text>=</text>
			<var>4</var>
		</line>
		<line linenr="165" indent="">
			<var>$results</var>
			<text>[</text>
			<var>0</var>
			<text>]</text>
			<text> </text>
			<text>=</text>
			<text> </text>
			<var>60</var>
		</line>
		<line linenr="166" indent="">
			<var>$results</var>
			<text>[</text>
			<var>1</var>
			<text>]</text>
			<text> </text>
			<text>=</text>
			<text> </text>
			<var>$result.success</var>
		</line>
		<line linenr="167" indent="">
			<var>$results</var>
			<text>[</text>
			<var>2</var>
			<text>]</text>
			<text> </text>
			<text>=</text>
			<text> </text>
			<var>100</var>
		</line>
		<line linenr="168" indent="">
			<var>$results</var>
			<text>[</text>
			<var>3</var>
			<text>]</text>
			<text> </text>
			<text>=</text>
			<text> </text>
			<var>$result.failure</var>
		</line>
		<line linenr="169" indent="">
			<var>$risk</var>
			<text> </text>
			<text>=</text>
			<text> </text>
			<text>array</text>
			<text> </text>
			<text>alloc</text>
			<text>:</text>
			<text> </text>
			<text>size</text>
			<text>=</text>
			<var>4</var>
		</line>
		<line linenr="170" indent="">
			<var>$risk</var>
			<text>[</text>
			<var>0</var>
			<text>]</text>
			<text> </text>
			<text>=</text>
			<text> </text>
			<var>0</var>
		</line>
		<line linenr="171" indent="">
			<var>$risk</var>
			<text>[</text>
			<var>1</var>
			<text>]</text>
			<text> </text>
			<text>=</text>
			<text> </text>
			<var>4</var>
		</line>
		<line linenr="172" indent="">
			<var>$risk</var>
			<text>[</text>
			<var>2</var>
			<text>]</text>
			<text> </text>
			<text>=</text>
			<text> </text>
			<var>5</var>
		</line>
		<line linenr="173" indent="">
			<var>$risk</var>
			<text>[</text>
			<var>3</var>
			<text>]</text>
			<text> </text>
			<text>=</text>
			<text> </text>
			<var>9</var>
		</line>
		<line linenr="174" indent="">
			<var>$reward</var>
			<text> </text>
			<text>=</text>
			<text> </text>
			<text>array</text>
			<text> </text>
			<text>alloc</text>
			<text>:</text>
			<text> </text>
			<text>size</text>
			<text>=</text>
			<var>4</var>
		</line>
		<line linenr="175" indent="">
			<var>$reward</var>
			<text>[</text>
			<var>0</var>
			<text>]</text>
			<text> </text>
			<text>=</text>
			<text> </text>
			<var>15</var>
		</line>
		<line linenr="176" indent="">
			<var>$reward</var>
			<text>[</text>
			<var>1</var>
			<text>]</text>
			<text> </text>
			<text>=</text>
			<text> </text>
			<var>26</var>
		</line>
		<line linenr="177" indent="">
			<var>$reward</var>
			<text>[</text>
			<var>2</var>
			<text>]</text>
			<text> </text>
			<text>=</text>
			<text> </text>
			<var>0</var>
		</line>
		<line linenr="178" indent="">
			<var>$reward</var>
			<text>[</text>
			<var>3</var>
			<text>]</text>
			<text> </text>
			<text>=</text>
			<text> </text>
			<var>0</var>
		</line>
		<line linenr="179" indent="">
			<text>else</text>
		</line>
		<line linenr="180" indent="">
			<text>return</text>
			<text> </text>
			<var>[FALSE]</var>
		</line>
		<line linenr="181" indent="">
			<text>end</text>
		</line>
		<line linenr="182" indent="" />
		<line linenr="183" indent="">
			<var>$attack_op</var>
			<text> </text>
			<text>=</text>
			<text> </text>
			<text>array</text>
			<text> </text>
			<text>alloc</text>
			<text>:</text>
			<text> </text>
			<text>size</text>
			<text>=</text>
			<var>12</var>
		</line>
		<line linenr="184" indent="">
			<var>$attack_op</var>
			<text>[</text>
			<var>0</var>
			<text>]</text>
			<text> </text>
			<text>=</text>
			<text> </text>
			<var>$target</var>
		</line>
		<line linenr="185" indent="">
			<var>$attack_op</var>
			<text>[</text>
			<var>1</var>
			<text>]</text>
			<text> </text>
			<text>=</text>
			<text> </text>
			<var>$victims</var>
		</line>
		<line linenr="186" indent="">
			<var>$attack_op</var>
			<text>[</text>
			<var>2</var>
			<text>]</text>
			<text> </text>
			<text>=</text>
			<text> </text>
			<var>$results</var>
		</line>
		<line linenr="187" indent="">
			<var>$attack_op</var>
			<text>[</text>
			<var>3</var>
			<text>]</text>
			<text> </text>
			<text>=</text>
			<text> </text>
			<var>$cost</var>
		</line>
		<line linenr="188" indent="">
			<var>$attack_op</var>
			<text>[</text>
			<var>4</var>
			<text>]</text>
			<text> </text>
			<text>=</text>
			<text> </text>
			<var>$cost_refusal</var>
		</line>
		<line linenr="189" indent="">
			<var>$attack_op</var>
			<text>[</text>
			<var>5</var>
			<text>]</text>
			<text> </text>
			<text>=</text>
			<text> </text>
			<var>$risk</var>
		</line>
		<line linenr="190" indent="">
			<var>$attack_op</var>
			<text>[</text>
			<var>6</var>
			<text>]</text>
			<text> </text>
			<text>=</text>
			<text> </text>
			<var>$reward</var>
		</line>
		<line linenr="191" indent="">
			<var>$attack_op</var>
			<text>[</text>
			<var>7</var>
			<text>]</text>
			<text> </text>
			<text>=</text>
			<text> </text>
			<var>$op_style</var>
		</line>
		<line linenr="192" indent="">
			<var>$attack_op</var>
			<text>[</text>
			<var>8</var>
			<text>]</text>
			<text> </text>
			<text>=</text>
			<text> </text>
			<var>$command</var>
		</line>
		<line linenr="193" indent="">
			<var>$attack_op</var>
			<text>[</text>
			<var>9</var>
			<text>]</text>
			<text> </text>
			<text>=</text>
			<text> </text>
			<var>$desc</var>
		</line>
		<line linenr="194" indent="">
			<var>$attack_op</var>
			<text>[</text>
			<var>10</var>
			<text>]</text>
			<text> </text>
			<text>=</text>
			<text> </text>
			<var>$command_id</var>
		</line>
		<line linenr="195" indent="">
			<var>$attack_op</var>
			<text>[</text>
			<var>11</var>
			<text>]</text>
			<text> </text>
			<text>=</text>
			<text> </text>
			<var>$absorb_suspicion</var>
		</line>
		<line linenr="196" indent="" interruptable="@">
			<var>$res</var>
			<text> </text>
			<text>=</text>
			<text> </text>
			<var>[THIS]</var>
			<text>-&gt;</text>
			<text> </text>
			<text>call</text>
			<text> </text>
			<text>script</text>
			<text> </text>
			<call>plugin.zanzal.PwnMi.attack</call>
			<text> </text>
			<text>:</text>
			<text> </text>
			<text>params</text>
			<text>=</text>
			<var>$attack_op</var>
		</line>
		<line linenr="197" indent="">
			<text>if</text>
			<text> </text>
			<var>$res</var>
		</line>
		<line linenr="198" indent="">
			<text>return</text>
			<text> </text>
			<var>[TRUE]</var>
		</line>
		<line linenr="199" indent="">
			<text>end</text>
		</line>
		<line linenr="200" indent="">
			<text>end</text>
		</line>
		<line linenr="201" indent="" />
		<line linenr="202" indent="">
			<text>return</text>
			<text> </text>
			<var>[TRUE]</var>
		</line>
		<line linenr="203" indent="" />
		<line linenr="204" indent="" />
	</sourcetext>
	<codearray>
		<sval type="array" size="10">
			<sval type="string" val="plugin.zanzal.PwnMi.rexec" />
			<sval type="int" val="50" />
			<sval type="string" val="" />
			<sval type="int" val="1" />
			<sval type="int" val="0" />
			<sval type="array" size="42">
				<sval type="string" val="target" />
				<sval type="string" val="pageid" />
				<sval type="string" val="IDX_PRIVILEGE" />
				<sval type="string" val="IDX_SUSPICION" />
				<sval type="string" val="IDX_FAKEID" />
				<sval type="string" val="IDX_INPROGRESS" />
				<sval type="string" val="plugin.Vars" />
				<sval type="string" val="hackerrank" />
				<sval type="string" val="hackergrade" />
				<sval type="string" val="station.vars.ex" />
				<sval type="string" val="station.Vars" />
				<sval type="string" val="pl" />
				<sval type="string" val="sus" />
				<sval type="string" val="susl" />
				<sval type="string" val="PwnMi.menu.title" />
				<sval type="string" val="menu.header" />
				<sval type="string" val="menu" />
				<sval type="string" val="XStudio.Hidden" />
				<sval type="string" val="pls" />
				<sval type="string" val="st" />
				<sval type="string" val="text" />
				<sval type="string" val="warn" />
				<sval type="string" val="menu.choice" />
				<sval type="string" val="result.success" />
				<sval type="string" val="result.partsuccess" />
				<sval type="string" val="result.failure" />
				<sval type="string" val="absorb_suspicion" />
				<sval type="string" val="cost_refusal" />
				<sval type="string" val="command" />
				<sval type="string" val="desc" />
				<sval type="string" val="op_style" />
				<sval type="string" val="command_id" />
				<sval type="string" val="victims" />
				<sval type="string" val="cost" />
				<sval type="string" val="results" />
				<sval type="string" val="risk" />
				<sval type="string" val="reward" />
				<sval type="string" val="risk_min" />
				<sval type="string" val="risk_max" />
				<sval type="string" val="person_asset" />
				<sval type="string" val="attack_op" />
				<sval type="string" val="res" />
			</sval>
			<sval type="array" size="163">
				<sval type="array" size="7">
					<sval type="int" val="104" />
					<sval type="int" val="1" />
					<sval type="int" val="1" />
					<sval type="int" val="4" />
					<sval type="int" val="1337" />
					<sval type="int" val="1" />
					<sval type="int" val="-1" />
				</sval>
				<sval type="array" size="7">
					<sval type="int" val="104" />
					<sval type="int" val="2" />
					<sval type="int" val="1" />
					<sval type="int" val="4" />
					<sval type="int" val="0" />
					<sval type="int" val="1" />
					<sval type="int" val="-1" />
				</sval>
				<sval type="array" size="7">
					<sval type="int" val="104" />
					<sval type="int" val="3" />
					<sval type="int" val="1" />
					<sval type="int" val="4" />
					<sval type="int" val="1" />
					<sval type="int" val="1" />
					<sval type="int" val="-1" />
				</sval>
				<sval type="array" size="7">
					<sval type="int" val="104" />
					<sval type="int" val="4" />
					<sval type="int" val="1" />
					<sval type="int" val="4" />
					<sval type="int" val="6" />
					<sval type="int" val="1" />
					<sval type="int" val="-1" />
				</sval>
				<sval type="array" size="7">
					<sval type="int" val="104" />
					<sval type="int" val="5" />
					<sval type="int" val="1" />
					<sval type="int" val="4" />
					<sval type="int" val="8" />
					<sval type="int" val="1" />
					<sval type="int" val="-1" />
				</sval>
				<sval type="array" size="12">
					<sval type="int" val="102" />
					<sval type="string" val="plugin.zanzal.PwnMi.checkobjectinrange" />
					<sval type="int" val="-536869113" />
					<sval type="int" val="131075" />
					<sval type="int" val="1" />
					<sval type="int" val="3" />
					<sval type="int" val="131075" />
					<sval type="int" val="3" />
					<sval type="int" val="131074" />
					<sval type="int" val="0" />
					<sval type="int" val="131075" />
					<sval type="int" val="10" />
				</sval>
				<sval type="array" size="3">
					<sval type="int" val="103" />
					<sval type="int" val="131075" />
					<sval type="int" val="10" />
				</sval>
				<sval type="array" size="4">
					<sval type="int" val="158" />
					<sval type="int" val="5" />
					<sval type="string" val="al.plugin.zanzal.PwnMi.main" />
					<sval type="int" val="6" />
				</sval>
				<sval type="array" size="6">
					<sval type="int" val="129" />
					<sval type="int" val="7" />
					<sval type="int" val="131074" />
					<sval type="int" val="6" />
					<sval type="int" val="4" />
					<sval type="int" val="2" />
				</sval>
				<sval type="array" size="13">
					<sval type="int" val="104" />
					<sval type="int" val="-1610609661" />
					<sval type="int" val="3" />
					<sval type="int" val="131074" />
					<sval type="int" val="7" />
					<sval type="int" val="4" />
					<sval type="int" val="3" />
					<sval type="int" val="15" />
					<sval type="int" val="0" />
					<sval type="int" val="3" />
					<sval type="int" val="-1" />
					<sval type="int" val="0" />
					<sval type="int" val="-2" />
				</sval>
				<sval type="array" size="6">
					<sval type="int" val="126" />
					<sval type="int" val="8" />
					<sval type="int" val="131074" />
					<sval type="int" val="1" />
					<sval type="int" val="4" />
					<sval type="int" val="21" />
				</sval>
				<sval type="array" size="2">
					<sval type="int" val="112" />
					<sval type="int" val="19" />
				</sval>
				<sval type="array" size="13">
					<sval type="int" val="104" />
					<sval type="int" val="-1610608891" />
					<sval type="int" val="3" />
					<sval type="int" val="131074" />
					<sval type="int" val="7" />
					<sval type="int" val="4" />
					<sval type="int" val="2" />
					<sval type="int" val="15" />
					<sval type="int" val="0" />
					<sval type="int" val="3" />
					<sval type="int" val="-1" />
					<sval type="int" val="0" />
					<sval type="int" val="-2" />
				</sval>
				<sval type="array" size="6">
					<sval type="int" val="126" />
					<sval type="int" val="8" />
					<sval type="int" val="131074" />
					<sval type="int" val="1" />
					<sval type="int" val="4" />
					<sval type="int" val="22" />
				</sval>
				<sval type="array" size="2">
					<sval type="int" val="112" />
					<sval type="int" val="19" />
				</sval>
				<sval type="array" size="13">
					<sval type="int" val="104" />
					<sval type="int" val="-1610608123" />
					<sval type="int" val="3" />
					<sval type="int" val="131074" />
					<sval type="int" val="7" />
					<sval type="int" val="4" />
					<sval type="int" val="1" />
					<sval type="int" val="15" />
					<sval type="int" val="0" />
					<sval type="int" val="3" />
					<sval type="int" val="-1" />
					<sval type="int" val="0" />
					<sval type="int" val="-2" />
				</sval>
				<sval type="array" size="6">
					<sval type="int" val="126" />
					<sval type="int" val="8" />
					<sval type="int" val="131074" />
					<sval type="int" val="1" />
					<sval type="int" val="4" />
					<sval type="int" val="23" />
				</sval>
				<sval type="array" size="2">
					<sval type="int" val="112" />
					<sval type="int" val="19" />
				</sval>
				<sval type="array" size="6">
					<sval type="int" val="126" />
					<sval type="int" val="8" />
					<sval type="int" val="131074" />
					<sval type="int" val="1" />
					<sval type="int" val="4" />
					<sval type="int" val="24" />
				</sval>
				<sval type="array" size="8">
					<sval type="int" val="102" />
					<sval type="string" val="plugin.zanzal.PwnMi.getstationvars" />
					<sval type="int" val="9" />
					<sval type="int" val="131075" />
					<sval type="int" val="1" />
					<sval type="int" val="1" />
					<sval type="int" val="131074" />
					<sval type="int" val="0" />
				</sval>
				<sval type="array" size="6">
					<sval type="int" val="129" />
					<sval type="int" val="10" />
					<sval type="int" val="131074" />
					<sval type="int" val="9" />
					<sval type="int" val="4" />
					<sval type="int" val="0" />
				</sval>
				<sval type="array" size="6">
					<sval type="int" val="129" />
					<sval type="int" val="11" />
					<sval type="int" val="131074" />
					<sval type="int" val="10" />
					<sval type="int" val="131074" />
					<sval type="int" val="2" />
				</sval>
				<sval type="array" size="6">
					<sval type="int" val="129" />
					<sval type="int" val="12" />
					<sval type="int" val="131074" />
					<sval type="int" val="10" />
					<sval type="int" val="131074" />
					<sval type="int" val="3" />
				</sval>
				<sval type="array" size="6">
					<sval type="int" val="129" />
					<sval type="int" val="13" />
					<sval type="int" val="131074" />
					<sval type="int" val="9" />
					<sval type="int" val="4" />
					<sval type="int" val="1" />
				</sval>
				<sval type="array" size="6">
					<sval type="int" val="126" />
					<sval type="int" val="14" />
					<sval type="int" val="131074" />
					<sval type="int" val="1" />
					<sval type="int" val="4" />
					<sval type="int" val="3" />
				</sval>
				<sval type="array" size="4">
					<sval type="int" val="1028" />
					<sval type="int" val="131074" />
					<sval type="int" val="0" />
					<sval type="int" val="15" />
				</sval>
				<sval type="array" size="2">
					<sval type="int" val="1445" />
					<sval type="int" val="16" />
				</sval>
				<sval type="array" size="6">
					<sval type="int" val="126" />
					<sval type="int" val="17" />
					<sval type="int" val="131074" />
					<sval type="int" val="1" />
					<sval type="int" val="4" />
					<sval type="int" val="6" />
				</sval>
				<sval type="array" size="5">
					<sval type="int" val="1448" />
					<sval type="int" val="131074" />
					<sval type="int" val="16" />
					<sval type="int" val="131074" />
					<sval type="int" val="17" />
				</sval>
				<sval type="array" size="4">
					<sval type="int" val="1474" />
					<sval type="int" val="18" />
					<sval type="int" val="131074" />
					<sval type="int" val="11" />
				</sval>
				<sval type="array" size="16">
					<sval type="int" val="150" />
					<sval type="int" val="19" />
					<sval type="int" val="131074" />
					<sval type="int" val="1" />
					<sval type="int" val="4" />
					<sval type="int" val="20" />
					<sval type="int" val="131074" />
					<sval type="int" val="18" />
					<sval type="int" val="131074" />
					<sval type="int" val="13" />
					<sval type="int" val="131074" />
					<sval type="int" val="8" />
					<sval type="int" val="0" />
					<sval type="int" val="0" />
					<sval type="int" val="0" />
					<sval type="int" val="0" />
				</sval>
				<sval type="array" size="5">
					<sval type="int" val="1446" />
					<sval type="int" val="131074" />
					<sval type="int" val="16" />
					<sval type="int" val="131074" />
					<sval type="int" val="19" />
				</sval>
				<sval type="array" size="6">
					<sval type="int" val="126" />
					<sval type="int" val="17" />
					<sval type="int" val="131074" />
					<sval type="int" val="1" />
					<sval type="int" val="4" />
					<sval type="int" val="35" />
				</sval>
				<sval type="array" size="7">
					<sval type="int" val="1447" />
					<sval type="int" val="131074" />
					<sval type="int" val="16" />
					<sval type="int" val="131074" />
					<sval type="int" val="17" />
					<sval type="int" val="4" />
					<sval type="int" val="-1" />
				</sval>
				<sval type="array" size="6">
					<sval type="int" val="129" />
					<sval type="int" val="-536861436" />
					<sval type="int" val="131074" />
					<sval type="int" val="10" />
					<sval type="int" val="4" />
					<sval type="int" val="21" />
				</sval>
				<sval type="array" size="6">
					<sval type="int" val="126" />
					<sval type="int" val="17" />
					<sval type="int" val="131074" />
					<sval type="int" val="1" />
					<sval type="int" val="4" />
					<sval type="int" val="85" />
				</sval>
				<sval type="array" size="7">
					<sval type="int" val="1447" />
					<sval type="int" val="131074" />
					<sval type="int" val="16" />
					<sval type="int" val="131074" />
					<sval type="int" val="17" />
					<sval type="int" val="4" />
					<sval type="int" val="1" />
				</sval>
				<sval type="array" size="6">
					<sval type="int" val="129" />
					<sval type="int" val="-536860668" />
					<sval type="int" val="131074" />
					<sval type="int" val="10" />
					<sval type="int" val="4" />
					<sval type="int" val="22" />
				</sval>
				<sval type="array" size="6">
					<sval type="int" val="126" />
					<sval type="int" val="17" />
					<sval type="int" val="131074" />
					<sval type="int" val="1" />
					<sval type="int" val="4" />
					<sval type="int" val="86" />
				</sval>
				<sval type="array" size="7">
					<sval type="int" val="1447" />
					<sval type="int" val="131074" />
					<sval type="int" val="16" />
					<sval type="int" val="131074" />
					<sval type="int" val="17" />
					<sval type="int" val="4" />
					<sval type="int" val="2" />
				</sval>
				<sval type="array" size="6">
					<sval type="int" val="129" />
					<sval type="int" val="-536859900" />
					<sval type="int" val="131074" />
					<sval type="int" val="10" />
					<sval type="int" val="4" />
					<sval type="int" val="23" />
				</sval>
				<sval type="array" size="6">
					<sval type="int" val="126" />
					<sval type="int" val="17" />
					<sval type="int" val="131074" />
					<sval type="int" val="1" />
					<sval type="int" val="4" />
					<sval type="int" val="87" />
				</sval>
				<sval type="array" size="7">
					<sval type="int" val="1447" />
					<sval type="int" val="131074" />
					<sval type="int" val="16" />
					<sval type="int" val="131074" />
					<sval type="int" val="17" />
					<sval type="int" val="4" />
					<sval type="int" val="3" />
				</sval>
				<sval type="array" size="6">
					<sval type="int" val="129" />
					<sval type="int" val="-536857596" />
					<sval type="int" val="131074" />
					<sval type="int" val="10" />
					<sval type="int" val="4" />
					<sval type="int" val="24" />
				</sval>
				<sval type="array" size="6">
					<sval type="int" val="129" />
					<sval type="int" val="-536858108" />
					<sval type="int" val="131074" />
					<sval type="int" val="10" />
					<sval type="int" val="131074" />
					<sval type="int" val="4" />
				</sval>
				<sval type="array" size="6">
					<sval type="int" val="126" />
					<sval type="int" val="20" />
					<sval type="int" val="131074" />
					<sval type="int" val="1" />
					<sval type="int" val="4" />
					<sval type="int" val="88" />
				</sval>
				<sval type="array" size="6">
					<sval type="int" val="126" />
					<sval type="int" val="21" />
					<sval type="int" val="131074" />
					<sval type="int" val="1" />
					<sval type="int" val="4" />
					<sval type="int" val="93" />
				</sval>
				<sval type="array" size="19">
					<sval type="int" val="104" />
					<sval type="int" val="20" />
					<sval type="int" val="5" />
					<sval type="int" val="131074" />
					<sval type="int" val="20" />
					<sval type="int" val="5" />
					<sval type="string" val=" " />
					<sval type="int" val="15" />
					<sval type="int" val="11" />
					<sval type="int" val="131074" />
					<sval type="int" val="21" />
					<sval type="int" val="15" />
					<sval type="int" val="11" />
					<sval type="int" val="5" />
					<sval type="int" val="-1" />
					<sval type="int" val="11" />
					<sval type="int" val="-2" />
					<sval type="int" val="11" />
					<sval type="int" val="-4" />
				</sval>
				<sval type="array" size="5">
					<sval type="int" val="1556" />
					<sval type="int" val="131074" />
					<sval type="int" val="16" />
					<sval type="int" val="131074" />
					<sval type="int" val="20" />
				</sval>
				<sval type="array" size="2">
					<sval type="int" val="112" />
					<sval type="int" val="52" />
				</sval>
				<sval type="array" size="6">
					<sval type="int" val="126" />
					<sval type="int" val="17" />
					<sval type="int" val="131074" />
					<sval type="int" val="1" />
					<sval type="int" val="4" />
					<sval type="int" val="88" />
				</sval>
				<sval type="array" size="7">
					<sval type="int" val="1447" />
					<sval type="int" val="131074" />
					<sval type="int" val="16" />
					<sval type="int" val="131074" />
					<sval type="int" val="17" />
					<sval type="int" val="4" />
					<sval type="int" val="4" />
				</sval>
				<sval type="array" size="7">
					<sval type="int" val="104" />
					<sval type="int" val="-1610571255" />
					<sval type="int" val="1" />
					<sval type="int" val="131075" />
					<sval type="int" val="10" />
					<sval type="int" val="1" />
					<sval type="int" val="-1" />
				</sval>
				<sval type="array" size="8">
					<sval type="int" val="1230" />
					<sval type="int" val="22" />
					<sval type="int" val="131074" />
					<sval type="int" val="14" />
					<sval type="int" val="131074" />
					<sval type="int" val="15" />
					<sval type="int" val="131074" />
					<sval type="int" val="16" />
				</sval>
				<sval type="array" size="6">
					<sval type="int" val="126" />
					<sval type="int" val="23" />
					<sval type="int" val="131074" />
					<sval type="int" val="1" />
					<sval type="int" val="4" />
					<sval type="int" val="49" />
				</sval>
				<sval type="array" size="6">
					<sval type="int" val="126" />
					<sval type="int" val="24" />
					<sval type="int" val="131074" />
					<sval type="int" val="1" />
					<sval type="int" val="4" />
					<sval type="int" val="50" />
				</sval>
				<sval type="array" size="6">
					<sval type="int" val="126" />
					<sval type="int" val="25" />
					<sval type="int" val="131074" />
					<sval type="int" val="1" />
					<sval type="int" val="4" />
					<sval type="int" val="51" />
				</sval>
				<sval type="array" size="7">
					<sval type="int" val="104" />
					<sval type="int" val="26" />
					<sval type="int" val="1" />
					<sval type="int" val="131075" />
					<sval type="int" val="9" />
					<sval type="int" val="1" />
					<sval type="int" val="-1" />
				</sval>
				<sval type="array" size="7">
					<sval type="int" val="104" />
					<sval type="int" val="27" />
					<sval type="int" val="1" />
					<sval type="int" val="0" />
					<sval type="int" val="0" />
					<sval type="int" val="1" />
					<sval type="int" val="-1" />
				</sval>
				<sval type="array" size="13">
					<sval type="int" val="104" />
					<sval type="int" val="-1610592765" />
					<sval type="int" val="3" />
					<sval type="int" val="131074" />
					<sval type="int" val="22" />
					<sval type="int" val="4" />
					<sval type="int" val="1" />
					<sval type="int" val="15" />
					<sval type="int" val="0" />
					<sval type="int" val="3" />
					<sval type="int" val="-1" />
					<sval type="int" val="0" />
					<sval type="int" val="-2" />
				</sval>
				<sval type="array" size="6">
					<sval type="int" val="126" />
					<sval type="int" val="28" />
					<sval type="int" val="131074" />
					<sval type="int" val="1" />
					<sval type="int" val="4" />
					<sval type="int" val="85" />
				</sval>
				<sval type="array" size="6">
					<sval type="int" val="126" />
					<sval type="int" val="29" />
					<sval type="int" val="131074" />
					<sval type="int" val="1" />
					<sval type="int" val="4" />
					<sval type="int" val="89" />
				</sval>
				<sval type="array" size="7">
					<sval type="int" val="104" />
					<sval type="int" val="30" />
					<sval type="int" val="1" />
					<sval type="int" val="5" />
					<sval type="string" val="scan" />
					<sval type="int" val="1" />
					<sval type="int" val="-1" />
				</sval>
				<sval type="array" size="7">
					<sval type="int" val="104" />
					<sval type="int" val="31" />
					<sval type="int" val="1" />
					<sval type="int" val="4" />
					<sval type="int" val="21" />
					<sval type="int" val="1" />
					<sval type="int" val="-1" />
				</sval>
				<sval type="array" size="4">
					<sval type="int" val="128" />
					<sval type="int" val="32" />
					<sval type="int" val="4" />
					<sval type="int" val="0" />
				</sval>
				<sval type="array" size="4">
					<sval type="int" val="128" />
					<sval type="int" val="33" />
					<sval type="int" val="4" />
					<sval type="int" val="2" />
				</sval>
				<sval type="array" size="7">
					<sval type="int" val="130" />
					<sval type="int" val="131074" />
					<sval type="int" val="33" />
					<sval type="int" val="4" />
					<sval type="int" val="0" />
					<sval type="int" val="4" />
					<sval type="int" val="0" />
				</sval>
				<sval type="array" size="7">
					<sval type="int" val="130" />
					<sval type="int" val="131074" />
					<sval type="int" val="33" />
					<sval type="int" val="4" />
					<sval type="int" val="1" />
					<sval type="int" val="4" />
					<sval type="int" val="0" />
				</sval>
				<sval type="array" size="4">
					<sval type="int" val="128" />
					<sval type="int" val="34" />
					<sval type="int" val="4" />
					<sval type="int" val="2" />
				</sval>
				<sval type="array" size="7">
					<sval type="int" val="130" />
					<sval type="int" val="131074" />
					<sval type="int" val="34" />
					<sval type="int" val="4" />
					<sval type="int" val="0" />
					<sval type="int" val="4" />
					<sval type="int" val="100" />
				</sval>
				<sval type="array" size="7">
					<sval type="int" val="130" />
					<sval type="int" val="131074" />
					<sval type="int" val="34" />
					<sval type="int" val="4" />
					<sval type="int" val="1" />
					<sval type="int" val="131074" />
					<sval type="int" val="23" />
				</sval>
				<sval type="array" size="4">
					<sval type="int" val="128" />
					<sval type="int" val="35" />
					<sval type="int" val="4" />
					<sval type="int" val="2" />
				</sval>
				<sval type="array" size="7">
					<sval type="int" val="130" />
					<sval type="int" val="131074" />
					<sval type="int" val="35" />
					<sval type="int" val="4" />
					<sval type="int" val="0" />
					<sval type="int" val="4" />
					<sval type="int" val="10" />
				</sval>
				<sval type="array" size="7">
					<sval type="int" val="130" />
					<sval type="int" val="131074" />
					<sval type="int" val="35" />
					<sval type="int" val="4" />
					<sval type="int" val="1" />
					<sval type="int" val="4" />
					<sval type="int" val="13" />
				</sval>
				<sval type="array" size="4">
					<sval type="int" val="128" />
					<sval type="int" val="36" />
					<sval type="int" val="4" />
					<sval type="int" val="2" />
				</sval>
				<sval type="array" size="7">
					<sval type="int" val="130" />
					<sval type="int" val="131074" />
					<sval type="int" val="36" />
					<sval type="int" val="4" />
					<sval type="int" val="0" />
					<sval type="int" val="4" />
					<sval type="int" val="16" />
				</sval>
				<sval type="array" size="7">
					<sval type="int" val="130" />
					<sval type="int" val="131074" />
					<sval type="int" val="36" />
					<sval type="int" val="4" />
					<sval type="int" val="1" />
					<sval type="int" val="4" />
					<sval type="int" val="23" />
				</sval>
				<sval type="array" size="2">
					<sval type="int" val="112" />
					<sval type="int" val="145" />
				</sval>
				<sval type="array" size="13">
					<sval type="int" val="104" />
					<sval type="int" val="-1610587387" />
					<sval type="int" val="3" />
					<sval type="int" val="131074" />
					<sval type="int" val="22" />
					<sval type="int" val="4" />
					<sval type="int" val="2" />
					<sval type="int" val="15" />
					<sval type="int" val="0" />
					<sval type="int" val="3" />
					<sval type="int" val="-1" />
					<sval type="int" val="0" />
					<sval type="int" val="-2" />
				</sval>
				<sval type="array" size="6">
					<sval type="int" val="126" />
					<sval type="int" val="28" />
					<sval type="int" val="131074" />
					<sval type="int" val="1" />
					<sval type="int" val="4" />
					<sval type="int" val="86" />
				</sval>
				<sval type="array" size="6">
					<sval type="int" val="126" />
					<sval type="int" val="29" />
					<sval type="int" val="131074" />
					<sval type="int" val="1" />
					<sval type="int" val="4" />
					<sval type="int" val="90" />
				</sval>
				<sval type="array" size="7">
					<sval type="int" val="104" />
					<sval type="int" val="30" />
					<sval type="int" val="1" />
					<sval type="int" val="5" />
					<sval type="string" val="standard" />
					<sval type="int" val="1" />
					<sval type="int" val="-1" />
				</sval>
				<sval type="array" size="7">
					<sval type="int" val="104" />
					<sval type="int" val="31" />
					<sval type="int" val="1" />
					<sval type="int" val="4" />
					<sval type="int" val="22" />
					<sval type="int" val="1" />
					<sval type="int" val="-1" />
				</sval>
				<sval type="array" size="4">
					<sval type="int" val="128" />
					<sval type="int" val="32" />
					<sval type="int" val="4" />
					<sval type="int" val="0" />
				</sval>
				<sval type="array" size="4">
					<sval type="int" val="128" />
					<sval type="int" val="34" />
					<sval type="int" val="4" />
					<sval type="int" val="2" />
				</sval>
				<sval type="array" size="7">
					<sval type="int" val="130" />
					<sval type="int" val="131074" />
					<sval type="int" val="34" />
					<sval type="int" val="4" />
					<sval type="int" val="0" />
					<sval type="int" val="4" />
					<sval type="int" val="100" />
				</sval>
				<sval type="array" size="7">
					<sval type="int" val="130" />
					<sval type="int" val="131074" />
					<sval type="int" val="34" />
					<sval type="int" val="4" />
					<sval type="int" val="1" />
					<sval type="int" val="131074" />
					<sval type="int" val="23" />
				</sval>
				<sval type="array" size="4">
					<sval type="int" val="128" />
					<sval type="int" val="33" />
					<sval type="int" val="4" />
					<sval type="int" val="2" />
				</sval>
				<sval type="array" size="7">
					<sval type="int" val="130" />
					<sval type="int" val="131074" />
					<sval type="int" val="33" />
					<sval type="int" val="4" />
					<sval type="int" val="0" />
					<sval type="int" val="4" />
					<sval type="int" val="0" />
				</sval>
				<sval type="array" size="7">
					<sval type="int" val="130" />
					<sval type="int" val="131074" />
					<sval type="int" val="33" />
					<sval type="int" val="4" />
					<sval type="int" val="1" />
					<sval type="int" val="4" />
					<sval type="int" val="0" />
				</sval>
				<sval type="array" size="25">
					<sval type="int" val="104" />
					<sval type="int" val="37" />
					<sval type="int" val="7" />
					<sval type="int" val="4" />
					<sval type="int" val="0" />
					<sval type="int" val="131074" />
					<sval type="int" val="12" />
					<sval type="int" val="4" />
					<sval type="int" val="55" />
					<sval type="int" val="15" />
					<sval type="int" val="13" />
					<sval type="int" val="4" />
					<sval type="int" val="100" />
					<sval type="int" val="15" />
					<sval type="int" val="14" />
					<sval type="int" val="15" />
					<sval type="int" val="12" />
					<sval type="int" val="7" />
					<sval type="int" val="-1" />
					<sval type="int" val="12" />
					<sval type="int" val="-2" />
					<sval type="int" val="13" />
					<sval type="int" val="-3" />
					<sval type="int" val="14" />
					<sval type="int" val="-5" />
				</sval>
				<sval type="array" size="25">
					<sval type="int" val="104" />
					<sval type="int" val="38" />
					<sval type="int" val="7" />
					<sval type="int" val="4" />
					<sval type="int" val="0" />
					<sval type="int" val="131074" />
					<sval type="int" val="12" />
					<sval type="int" val="4" />
					<sval type="int" val="35" />
					<sval type="int" val="15" />
					<sval type="int" val="13" />
					<sval type="int" val="4" />
					<sval type="int" val="100" />
					<sval type="int" val="15" />
					<sval type="int" val="14" />
					<sval type="int" val="15" />
					<sval type="int" val="12" />
					<sval type="int" val="7" />
					<sval type="int" val="-1" />
					<sval type="int" val="12" />
					<sval type="int" val="-2" />
					<sval type="int" val="13" />
					<sval type="int" val="-3" />
					<sval type="int" val="14" />
					<sval type="int" val="-5" />
				</sval>
				<sval type="array" size="4">
					<sval type="int" val="128" />
					<sval type="int" val="35" />
					<sval type="int" val="4" />
					<sval type="int" val="2" />
				</sval>
				<sval type="array" size="7">
					<sval type="int" val="130" />
					<sval type="int" val="131074" />
					<sval type="int" val="35" />
					<sval type="int" val="4" />
					<sval type="int" val="0" />
					<sval type="int" val="131074" />
					<sval type="int" val="37" />
				</sval>
				<sval type="array" size="7">
					<sval type="int" val="130" />
					<sval type="int" val="131074" />
					<sval type="int" val="35" />
					<sval type="int" val="4" />
					<sval type="int" val="1" />
					<sval type="int" val="131074" />
					<sval type="int" val="38" />
				</sval>
				<sval type="array" size="4">
					<sval type="int" val="128" />
					<sval type="int" val="36" />
					<sval type="int" val="4" />
					<sval type="int" val="2" />
				</sval>
				<sval type="array" size="7">
					<sval type="int" val="130" />
					<sval type="int" val="131074" />
					<sval type="int" val="36" />
					<sval type="int" val="4" />
					<sval type="int" val="0" />
					<sval type="int" val="4" />
					<sval type="int" val="0" />
				</sval>
				<sval type="array" size="7">
					<sval type="int" val="130" />
					<sval type="int" val="131074" />
					<sval type="int" val="36" />
					<sval type="int" val="4" />
					<sval type="int" val="1" />
					<sval type="int" val="4" />
					<sval type="int" val="0" />
				</sval>
				<sval type="array" size="2">
					<sval type="int" val="112" />
					<sval type="int" val="145" />
				</sval>
				<sval type="array" size="13">
					<sval type="int" val="104" />
					<sval type="int" val="-1610582267" />
					<sval type="int" val="3" />
					<sval type="int" val="131074" />
					<sval type="int" val="22" />
					<sval type="int" val="4" />
					<sval type="int" val="3" />
					<sval type="int" val="15" />
					<sval type="int" val="0" />
					<sval type="int" val="3" />
					<sval type="int" val="-1" />
					<sval type="int" val="0" />
					<sval type="int" val="-2" />
				</sval>
				<sval type="array" size="6">
					<sval type="int" val="126" />
					<sval type="int" val="28" />
					<sval type="int" val="131074" />
					<sval type="int" val="1" />
					<sval type="int" val="4" />
					<sval type="int" val="87" />
				</sval>
				<sval type="array" size="6">
					<sval type="int" val="126" />
					<sval type="int" val="29" />
					<sval type="int" val="131074" />
					<sval type="int" val="1" />
					<sval type="int" val="4" />
					<sval type="int" val="91" />
				</sval>
				<sval type="array" size="7">
					<sval type="int" val="104" />
					<sval type="int" val="39" />
					<sval type="int" val="1" />
					<sval type="int" val="131075" />
					<sval type="int" val="9" />
					<sval type="int" val="1" />
					<sval type="int" val="-1" />
				</sval>
				<sval type="array" size="7">
					<sval type="int" val="104" />
					<sval type="int" val="30" />
					<sval type="int" val="1" />
					<sval type="int" val="5" />
					<sval type="string" val="standard" />
					<sval type="int" val="1" />
					<sval type="int" val="-1" />
				</sval>
				<sval type="array" size="7">
					<sval type="int" val="104" />
					<sval type="int" val="31" />
					<sval type="int" val="1" />
					<sval type="int" val="4" />
					<sval type="int" val="23" />
					<sval type="int" val="1" />
					<sval type="int" val="-1" />
				</sval>
				<sval type="array" size="4">
					<sval type="int" val="128" />
					<sval type="int" val="32" />
					<sval type="int" val="4" />
					<sval type="int" val="0" />
				</sval>
				<sval type="array" size="4">
					<sval type="int" val="128" />
					<sval type="int" val="33" />
					<sval type="int" val="4" />
					<sval type="int" val="2" />
				</sval>
				<sval type="array" size="7">
					<sval type="int" val="130" />
					<sval type="int" val="131074" />
					<sval type="int" val="33" />
					<sval type="int" val="4" />
					<sval type="int" val="0" />
					<sval type="int" val="4" />
					<sval type="int" val="0" />
				</sval>
				<sval type="array" size="7">
					<sval type="int" val="130" />
					<sval type="int" val="131074" />
					<sval type="int" val="33" />
					<sval type="int" val="4" />
					<sval type="int" val="1" />
					<sval type="int" val="4" />
					<sval type="int" val="0" />
				</sval>
				<sval type="array" size="4">
					<sval type="int" val="128" />
					<sval type="int" val="34" />
					<sval type="int" val="4" />
					<sval type="int" val="2" />
				</sval>
				<sval type="array" size="7">
					<sval type="int" val="130" />
					<sval type="int" val="131074" />
					<sval type="int" val="34" />
					<sval type="int" val="4" />
					<sval type="int" val="0" />
					<sval type="int" val="4" />
					<sval type="int" val="100" />
				</sval>
				<sval type="array" size="7">
					<sval type="int" val="130" />
					<sval type="int" val="131074" />
					<sval type="int" val="34" />
					<sval type="int" val="4" />
					<sval type="int" val="1" />
					<sval type="int" val="131074" />
					<sval type="int" val="23" />
				</sval>
				<sval type="array" size="4">
					<sval type="int" val="128" />
					<sval type="int" val="35" />
					<sval type="int" val="4" />
					<sval type="int" val="2" />
				</sval>
				<sval type="array" size="7">
					<sval type="int" val="130" />
					<sval type="int" val="131074" />
					<sval type="int" val="35" />
					<sval type="int" val="4" />
					<sval type="int" val="0" />
					<sval type="int" val="4" />
					<sval type="int" val="0" />
				</sval>
				<sval type="array" size="7">
					<sval type="int" val="130" />
					<sval type="int" val="131074" />
					<sval type="int" val="35" />
					<sval type="int" val="4" />
					<sval type="int" val="1" />
					<sval type="int" val="4" />
					<sval type="int" val="3" />
				</sval>
				<sval type="array" size="4">
					<sval type="int" val="128" />
					<sval type="int" val="36" />
					<sval type="int" val="4" />
					<sval type="int" val="2" />
				</sval>
				<sval type="array" size="7">
					<sval type="int" val="130" />
					<sval type="int" val="131074" />
					<sval type="int" val="36" />
					<sval type="int" val="4" />
					<sval type="int" val="0" />
					<sval type="int" val="4" />
					<sval type="int" val="0" />
				</sval>
				<sval type="array" size="7">
					<sval type="int" val="130" />
					<sval type="int" val="131074" />
					<sval type="int" val="36" />
					<sval type="int" val="4" />
					<sval type="int" val="1" />
					<sval type="int" val="4" />
					<sval type="int" val="4" />
				</sval>
				<sval type="array" size="2">
					<sval type="int" val="112" />
					<sval type="int" val="145" />
				</sval>
				<sval type="array" size="13">
					<sval type="int" val="104" />
					<sval type="int" val="-1610575867" />
					<sval type="int" val="3" />
					<sval type="int" val="131074" />
					<sval type="int" val="22" />
					<sval type="int" val="4" />
					<sval type="int" val="4" />
					<sval type="int" val="15" />
					<sval type="int" val="0" />
					<sval type="int" val="3" />
					<sval type="int" val="-1" />
					<sval type="int" val="0" />
					<sval type="int" val="-2" />
				</sval>
				<sval type="array" size="6">
					<sval type="int" val="126" />
					<sval type="int" val="28" />
					<sval type="int" val="131074" />
					<sval type="int" val="1" />
					<sval type="int" val="4" />
					<sval type="int" val="88" />
				</sval>
				<sval type="array" size="6">
					<sval type="int" val="126" />
					<sval type="int" val="29" />
					<sval type="int" val="131074" />
					<sval type="int" val="1" />
					<sval type="int" val="4" />
					<sval type="int" val="92" />
				</sval>
				<sval type="array" size="7">
					<sval type="int" val="104" />
					<sval type="int" val="30" />
					<sval type="int" val="1" />
					<sval type="int" val="5" />
					<sval type="string" val="social" />
					<sval type="int" val="1" />
					<sval type="int" val="-1" />
				</sval>
				<sval type="array" size="7">
					<sval type="int" val="104" />
					<sval type="int" val="31" />
					<sval type="int" val="1" />
					<sval type="int" val="4" />
					<sval type="int" val="24" />
					<sval type="int" val="1" />
					<sval type="int" val="-1" />
				</sval>
				<sval type="array" size="4">
					<sval type="int" val="128" />
					<sval type="int" val="32" />
					<sval type="int" val="4" />
					<sval type="int" val="0" />
				</sval>
				<sval type="array" size="4">
					<sval type="int" val="128" />
					<sval type="int" val="33" />
					<sval type="int" val="4" />
					<sval type="int" val="2" />
				</sval>
				<sval type="array" size="7">
					<sval type="int" val="130" />
					<sval type="int" val="131074" />
					<sval type="int" val="33" />
					<sval type="int" val="4" />
					<sval type="int" val="0" />
					<sval type="int" val="4" />
					<sval type="int" val="0" />
				</sval>
				<sval type="array" size="7">
					<sval type="int" val="130" />
					<sval type="int" val="131074" />
					<sval type="int" val="33" />
					<sval type="int" val="4" />
					<sval type="int" val="1" />
					<sval type="int" val="4" />
					<sval type="int" val="0" />
				</sval>
				<sval type="array" size="4">
					<sval type="int" val="128" />
					<sval type="int" val="34" />
					<sval type="int" val="4" />
					<sval type="int" val="4" />
				</sval>
				<sval type="array" size="7">
					<sval type="int" val="130" />
					<sval type="int" val="131074" />
					<sval type="int" val="34" />
					<sval type="int" val="4" />
					<sval type="int" val="0" />
					<sval type="int" val="4" />
					<sval type="int" val="60" />
				</sval>
				<sval type="array" size="7">
					<sval type="int" val="130" />
					<sval type="int" val="131074" />
					<sval type="int" val="34" />
					<sval type="int" val="4" />
					<sval type="int" val="1" />
					<sval type="int" val="131074" />
					<sval type="int" val="23" />
				</sval>
				<sval type="array" size="7">
					<sval type="int" val="130" />
					<sval type="int" val="131074" />
					<sval type="int" val="34" />
					<sval type="int" val="4" />
					<sval type="int" val="2" />
					<sval type="int" val="4" />
					<sval type="int" val="100" />
				</sval>
				<sval type="array" size="7">
					<sval type="int" val="130" />
					<sval type="int" val="131074" />
					<sval type="int" val="34" />
					<sval type="int" val="4" />
					<sval type="int" val="3" />
					<sval type="int" val="131074" />
					<sval type="int" val="25" />
				</sval>
				<sval type="array" size="4">
					<sval type="int" val="128" />
					<sval type="int" val="35" />
					<sval type="int" val="4" />
					<sval type="int" val="4" />
				</sval>
				<sval type="array" size="7">
					<sval type="int" val="130" />
					<sval type="int" val="131074" />
					<sval type="int" val="35" />
					<sval type="int" val="4" />
					<sval type="int" val="0" />
					<sval type="int" val="4" />
					<sval type="int" val="0" />
				</sval>
				<sval type="array" size="7">
					<sval type="int" val="130" />
					<sval type="int" val="131074" />
					<sval type="int" val="35" />
					<sval type="int" val="4" />
					<sval type="int" val="1" />
					<sval type="int" val="4" />
					<sval type="int" val="4" />
				</sval>
				<sval type="array" size="7">
					<sval type="int" val="130" />
					<sval type="int" val="131074" />
					<sval type="int" val="35" />
					<sval type="int" val="4" />
					<sval type="int" val="2" />
					<sval type="int" val="4" />
					<sval type="int" val="5" />
				</sval>
				<sval type="array" size="7">
					<sval type="int" val="130" />
					<sval type="int" val="131074" />
					<sval type="int" val="35" />
					<sval type="int" val="4" />
					<sval type="int" val="3" />
					<sval type="int" val="4" />
					<sval type="int" val="9" />
				</sval>
				<sval type="array" size="4">
					<sval type="int" val="128" />
					<sval type="int" val="36" />
					<sval type="int" val="4" />
					<sval type="int" val="4" />
				</sval>
				<sval type="array" size="7">
					<sval type="int" val="130" />
					<sval type="int" val="131074" />
					<sval type="int" val="36" />
					<sval type="int" val="4" />
					<sval type="int" val="0" />
					<sval type="int" val="4" />
					<sval type="int" val="15" />
				</sval>
				<sval type="array" size="7">
					<sval type="int" val="130" />
					<sval type="int" val="131074" />
					<sval type="int" val="36" />
					<sval type="int" val="4" />
					<sval type="int" val="1" />
					<sval type="int" val="4" />
					<sval type="int" val="26" />
				</sval>
				<sval type="array" size="7">
					<sval type="int" val="130" />
					<sval type="int" val="131074" />
					<sval type="int" val="36" />
					<sval type="int" val="4" />
					<sval type="int" val="2" />
					<sval type="int" val="4" />
					<sval type="int" val="0" />
				</sval>
				<sval type="array" size="7">
					<sval type="int" val="130" />
					<sval type="int" val="131074" />
					<sval type="int" val="36" />
					<sval type="int" val="4" />
					<sval type="int" val="3" />
					<sval type="int" val="4" />
					<sval type="int" val="0" />
				</sval>
				<sval type="array" size="2">
					<sval type="int" val="112" />
					<sval type="int" val="145" />
				</sval>
				<sval type="array" size="3">
					<sval type="int" val="103" />
					<sval type="int" val="131075" />
					<sval type="int" val="9" />
				</sval>
				<sval type="array" size="4">
					<sval type="int" val="128" />
					<sval type="int" val="40" />
					<sval type="int" val="4" />
					<sval type="int" val="12" />
				</sval>
				<sval type="array" size="7">
					<sval type="int" val="130" />
					<sval type="int" val="131074" />
					<sval type="int" val="40" />
					<sval type="int" val="4" />
					<sval type="int" val="0" />
					<sval type="int" val="131074" />
					<sval type="int" val="0" />
				</sval>
				<sval type="array" size="7">
					<sval type="int" val="130" />
					<sval type="int" val="131074" />
					<sval type="int" val="40" />
					<sval type="int" val="4" />
					<sval type="int" val="1" />
					<sval type="int" val="131074" />
					<sval type="int" val="32" />
				</sval>
				<sval type="array" size="7">
					<sval type="int" val="130" />
					<sval type="int" val="131074" />
					<sval type="int" val="40" />
					<sval type="int" val="4" />
					<sval type="int" val="2" />
					<sval type="int" val="131074" />
					<sval type="int" val="34" />
				</sval>
				<sval type="array" size="7">
					<sval type="int" val="130" />
					<sval type="int" val="131074" />
					<sval type="int" val="40" />
					<sval type="int" val="4" />
					<sval type="int" val="3" />
					<sval type="int" val="131074" />
					<sval type="int" val="33" />
				</sval>
				<sval type="array" size="7">
					<sval type="int" val="130" />
					<sval type="int" val="131074" />
					<sval type="int" val="40" />
					<sval type="int" val="4" />
					<sval type="int" val="4" />
					<sval type="int" val="131074" />
					<sval type="int" val="27" />
				</sval>
				<sval type="array" size="7">
					<sval type="int" val="130" />
					<sval type="int" val="131074" />
					<sval type="int" val="40" />
					<sval type="int" val="4" />
					<sval type="int" val="5" />
					<sval type="int" val="131074" />
					<sval type="int" val="35" />
				</sval>
				<sval type="array" size="7">
					<sval type="int" val="130" />
					<sval type="int" val="131074" />
					<sval type="int" val="40" />
					<sval type="int" val="4" />
					<sval type="int" val="6" />
					<sval type="int" val="131074" />
					<sval type="int" val="36" />
				</sval>
				<sval type="array" size="7">
					<sval type="int" val="130" />
					<sval type="int" val="131074" />
					<sval type="int" val="40" />
					<sval type="int" val="4" />
					<sval type="int" val="7" />
					<sval type="int" val="131074" />
					<sval type="int" val="30" />
				</sval>
				<sval type="array" size="7">
					<sval type="int" val="130" />
					<sval type="int" val="131074" />
					<sval type="int" val="40" />
					<sval type="int" val="4" />
					<sval type="int" val="8" />
					<sval type="int" val="131074" />
					<sval type="int" val="28" />
				</sval>
				<sval type="array" size="7">
					<sval type="int" val="130" />
					<sval type="int" val="131074" />
					<sval type="int" val="40" />
					<sval type="int" val="4" />
					<sval type="int" val="9" />
					<sval type="int" val="131074" />
					<sval type="int" val="29" />
				</sval>
				<sval type="array" size="7">
					<sval type="int" val="130" />
					<sval type="int" val="131074" />
					<sval type="int" val="40" />
					<sval type="int" val="4" />
					<sval type="int" val="10" />
					<sval type="int" val="131074" />
					<sval type="int" val="31" />
				</sval>
				<sval type="array" size="7">
					<sval type="int" val="130" />
					<sval type="int" val="131074" />
					<sval type="int" val="40" />
					<sval type="int" val="4" />
					<sval type="int" val="11" />
					<sval type="int" val="131074" />
					<sval type="int" val="26" />
				</sval>
				<sval type="array" size="8">
					<sval type="int" val="102" />
					<sval type="string" val="plugin.zanzal.PwnMi.attack" />
					<sval type="int" val="41" />
					<sval type="int" val="131075" />
					<sval type="int" val="1" />
					<sval type="int" val="1" />
					<sval type="int" val="131074" />
					<sval type="int" val="40" />
				</sval>
				<sval type="array" size="7">
					<sval type="int" val="104" />
					<sval type="int" val="-1610571517" />
					<sval type="int" val="1" />
					<sval type="int" val="131074" />
					<sval type="int" val="41" />
					<sval type="int" val="1" />
					<sval type="int" val="-1" />
				</sval>
				<sval type="array" size="3">
					<sval type="int" val="103" />
					<sval type="int" val="131075" />
					<sval type="int" val="10" />
				</sval>
				<sval type="array" size="2">
					<sval type="int" val="112" />
					<sval type="int" val="52" />
				</sval>
				<sval type="array" size="3">
					<sval type="int" val="103" />
					<sval type="int" val="131075" />
					<sval type="int" val="10" />
				</sval>
			</sval>
			<sval type="array" size="1">
				<sval type="array" size="2">
					<sval type="int" val="12" />
					<sval type="string" val="" />
				</sval>
			</sval>
			<sval type="array" size="50">
				<sval type="array" size="3">
					<sval type="int" val="0" />
					<sval type="int" val="1" />
					<sval type="string" val="************************************************" />
				</sval>
				<sval type="array" size="3">
					<sval type="int" val="0" />
					<sval type="int" val="1" />
					<sval type="string" val="SCRIPT NAME: plugin.zanzal.PwnMi.rexec" />
				</sval>
				<sval type="array" size="3">
					<sval type="int" val="0" />
					<sval type="int" val="1" />
					<sval type="string" val="DESCRIPTION: Remote execution commands" />
				</sval>
				<sval type="array" size="3">
					<sval type="int" val="0" />
					<sval type="int" val="1" />
					<sval type="string" val="" />
				</sval>
				<sval type="array" size="3">
					<sval type="int" val="0" />
					<sval type="int" val="1" />
					<sval type="string" val="AUTHOR: Zanzal          DATE: 15 December 2013" />
				</sval>
				<sval type="array" size="3">
					<sval type="int" val="0" />
					<sval type="int" val="1" />
					<sval type="string" val="************************************************" />
				</sval>
				<sval type="array" size="3">
					<sval type="int" val="0" />
					<sval type="int" val="1" />
					<sval type="string" val="LICENSE: CC-BY-SA 4.0 International - http://creativecommons.org/licenses/by-sa/4.0/legalcode" />
				</sval>
				<sval type="array" size="3">
					<sval type="int" val="0" />
					<sval type="int" val="1" />
					<sval type="string" val="************************************************" />
				</sval>
				<sval type="array" size="2">
					<sval type="int" val="1" />
					<sval type="int" val="2" />
				</sval>
				<sval type="array" size="3">
					<sval type="int" val="1" />
					<sval type="int" val="1" />
					<sval type="string" val="begin common submenu code" />
				</sval>
				<sval type="array" size="2">
					<sval type="int" val="5" />
					<sval type="int" val="2" />
				</sval>
				<sval type="array" size="2">
					<sval type="int" val="7" />
					<sval type="int" val="2" />
				</sval>
				<sval type="array" size="3">
					<sval type="int" val="7" />
					<sval type="int" val="1" />
					<sval type="string" val="plugin settings" />
				</sval>
				<sval type="array" size="2">
					<sval type="int" val="9" />
					<sval type="int" val="2" />
				</sval>
				<sval type="array" size="2">
					<sval type="int" val="18" />
					<sval type="int" val="5" />
				</sval>
				<sval type="array" size="2">
					<sval type="int" val="19" />
					<sval type="int" val="4" />
				</sval>
				<sval type="array" size="2">
					<sval type="int" val="19" />
					<sval type="int" val="2" />
				</sval>
				<sval type="array" size="2">
					<sval type="int" val="24" />
					<sval type="int" val="2" />
				</sval>
				<sval type="array" size="2">
					<sval type="int" val="26" />
					<sval type="int" val="2" />
				</sval>
				<sval type="array" size="2">
					<sval type="int" val="27" />
					<sval type="int" val="2" />
				</sval>
				<sval type="array" size="2">
					<sval type="int" val="29" />
					<sval type="int" val="2" />
				</sval>
				<sval type="array" size="2">
					<sval type="int" val="32" />
					<sval type="int" val="2" />
				</sval>
				<sval type="array" size="3">
					<sval type="int" val="32" />
					<sval type="int" val="1" />
					<sval type="string" val="One option - Go back" />
				</sval>
				<sval type="array" size="2">
					<sval type="int" val="34" />
					<sval type="int" val="2" />
				</sval>
				<sval type="array" size="3">
					<sval type="int" val="34" />
					<sval type="int" val="1" />
					<sval type="string" val="End common submenu code" />
				</sval>
				<sval type="array" size="2">
					<sval type="int" val="34" />
					<sval type="int" val="2" />
				</sval>
				<sval type="array" size="2">
					<sval type="int" val="37" />
					<sval type="int" val="4" />
				</sval>
				<sval type="array" size="2">
					<sval type="int" val="37" />
					<sval type="int" val="2" />
				</sval>
				<sval type="array" size="2">
					<sval type="int" val="40" />
					<sval type="int" val="4" />
				</sval>
				<sval type="array" size="2">
					<sval type="int" val="40" />
					<sval type="int" val="2" />
				</sval>
				<sval type="array" size="2">
					<sval type="int" val="43" />
					<sval type="int" val="4" />
				</sval>
				<sval type="array" size="2">
					<sval type="int" val="43" />
					<sval type="int" val="2" />
				</sval>
				<sval type="array" size="2">
					<sval type="int" val="50" />
					<sval type="int" val="5" />
				</sval>
				<sval type="array" size="2">
					<sval type="int" val="52" />
					<sval type="int" val="4" />
				</sval>
				<sval type="array" size="2">
					<sval type="int" val="52" />
					<sval type="int" val="4" />
				</sval>
				<sval type="array" size="2">
					<sval type="int" val="52" />
					<sval type="int" val="2" />
				</sval>
				<sval type="array" size="2">
					<sval type="int" val="54" />
					<sval type="int" val="2" />
				</sval>
				<sval type="array" size="2">
					<sval type="int" val="57" />
					<sval type="int" val="2" />
				</sval>
				<sval type="array" size="3">
					<sval type="int" val="60" />
					<sval type="int" val="1" />
					<sval type="string" val="Decrypt Passwords File" />
				</sval>
				<sval type="array" size="3">
					<sval type="int" val="79" />
					<sval type="int" val="1" />
					<sval type="string" val="Alter Log Files" />
				</sval>
				<sval type="array" size="3">
					<sval type="int" val="100" />
					<sval type="int" val="1" />
					<sval type="string" val="Create Fake Identity" />
				</sval>
				<sval type="array" size="3">
					<sval type="int" val="120" />
					<sval type="int" val="1" />
					<sval type="string" val="Social Engineering: Helpdesk Technician" />
				</sval>
				<sval type="array" size="2">
					<sval type="int" val="144" />
					<sval type="int" val="5" />
				</sval>
				<sval type="array" size="2">
					<sval type="int" val="145" />
					<sval type="int" val="4" />
				</sval>
				<sval type="array" size="2">
					<sval type="int" val="145" />
					<sval type="int" val="2" />
				</sval>
				<sval type="array" size="2">
					<sval type="int" val="161" />
					<sval type="int" val="4" />
				</sval>
				<sval type="array" size="2">
					<sval type="int" val="162" />
					<sval type="int" val="4" />
				</sval>
				<sval type="array" size="2">
					<sval type="int" val="162" />
					<sval type="int" val="2" />
				</sval>
				<sval type="array" size="2">
					<sval type="int" val="163" />
					<sval type="int" val="2" />
				</sval>
				<sval type="array" size="2">
					<sval type="int" val="163" />
					<sval type="int" val="2" />
				</sval>
			</sval>
			<sval type="int" val="0" />
		</sval>
	</codearray>
</script>
