<?xml version="1.0" standalone="yes"?>
<?xml-stylesheet href="x2script.xsl" type="text/xsl"?>
<!-- Generated using X-Studio -->
<script>
	<name>plugin.zanzal.PwnMi.gain</name>
	<version>1</version>
	<engineversion>50</engineversion>
	<description></description>
	<arguments>
		<argument index="1" name="target" type="Var/Station" desc="" />
		<argument index="2" name="priviledge" type="Var/Number" desc="" />
		<argument index="3" name="suspicion" type="Var/Number" desc="" />
		<argument index="4" name="commandid" type="Var/Number" desc="" />
		<argument index="5" name="showresults" type="Var/Boolean" desc="" />
		<argument index="6" name="desc" type="Var/String" desc="" />
	</arguments>
	<sourcetext>
		<line linenr="001" indent="">
			<comment>* ************************************************</comment>
		</line>
		<line linenr="002" indent="">
			<comment>* SCRIPT NAME: plugin.zanzal.PwnMi.gain</comment>
		</line>
		<line linenr="003" indent="">
			<comment>* DESCRIPTION: Applies the results of an attack to the players</comment>
		</line>
		<line linenr="004" indent="">
			<comment>* profile and target station. Logs results and displays them on</comment>
		</line>
		<line linenr="005" indent="">
			<comment>* command.</comment>
		</line>
		<line linenr="006" indent="">
			<comment>* </comment>
		</line>
		<line linenr="007" indent="">
			<comment>* AUTHOR: Zanzal          DATE: 18 December 2013</comment>
		</line>
		<line linenr="008" indent="">
			<comment>* ************************************************</comment>
		</line>
		<line linenr="009" indent="">
			<comment>* LICENSE: CC-BY-SA 4.0 International - http://creativecommons.org/licenses/by-sa/4.0/legalcode</comment>
		</line>
		<line linenr="010" indent="">
			<comment>* ************************************************</comment>
		</line>
		<line linenr="011" indent="" />
		<line linenr="012" indent="">
			<var>$pageid</var>
			<text> </text>
			<text>=</text>
			<text> </text>
			<var>1337</var>
		</line>
		<line linenr="013" indent="" />
		<line linenr="014" indent="">
			<var>$hackerlevels</var>
			<text> </text>
			<text>=</text>
			<text> </text>
			<text>array</text>
			<text> </text>
			<text>alloc</text>
			<text>:</text>
			<text> </text>
			<text>size</text>
			<text>=</text>
			<var>4</var>
		</line>
		<line linenr="015" indent="">
			<var>$hackerlevels</var>
			<text>[</text>
			<var>0</var>
			<text>]</text>
			<text> </text>
			<text>=</text>
			<text> </text>
			<var>0</var>
		</line>
		<line linenr="016" indent="">
			<var>$hackerlevels</var>
			<text>[</text>
			<var>1</var>
			<text>]</text>
			<text> </text>
			<text>=</text>
			<text> </text>
			<var>1024</var>
		</line>
		<line linenr="017" indent="">
			<var>$hackerlevels</var>
			<text>[</text>
			<var>2</var>
			<text>]</text>
			<text> </text>
			<text>=</text>
			<text> </text>
			<var>3072</var>
		</line>
		<line linenr="018" indent="">
			<var>$hackerlevels</var>
			<text>[</text>
			<var>3</var>
			<text>]</text>
			<text> </text>
			<text>=</text>
			<text> </text>
			<var>7168</var>
		</line>
		<line linenr="019" indent="" />
		<line linenr="020" indent="">
			<var>$IDX_PRIVILEGE</var>
			<text> </text>
			<text>=</text>
			<text> </text>
			<var>0</var>
		</line>
		<line linenr="021" indent="">
			<var>$IDX_SUSPICION</var>
			<text> </text>
			<text>=</text>
			<text> </text>
			<var>1</var>
		</line>
		<line linenr="022" indent="">
			<var>$IDX_SLUSH_FUND</var>
			<text> </text>
			<text>=</text>
			<text> </text>
			<var>2</var>
		</line>
		<line linenr="023" indent="">
			<var>$IDX_BALANCE</var>
			<text> </text>
			<text>=</text>
			<text> </text>
			<var>3</var>
		</line>
		<line linenr="024" indent="">
			<var>$IDX_ENDRAND</var>
			<text> </text>
			<text>=</text>
			<text> </text>
			<var>4</var>
		</line>
		<line linenr="025" indent="">
			<var>$IDX_TIER</var>
			<text> </text>
			<text>=</text>
			<text> </text>
			<var>5</var>
		</line>
		<line linenr="026" indent="" />
		<line linenr="027" indent="">
			<var>$VARIDX_HACKERRANK</var>
			<text> </text>
			<text>=</text>
			<text> </text>
			<var>2</var>
		</line>
		<line linenr="028" indent="&#160;">
			<var>$VARIDX_HACKEREXP</var>
			<text> </text>
			<text>=</text>
			<text> </text>
			<var>3</var>
		</line>
		<line linenr="029" indent="" />
		<line linenr="030" indent="">
			<var>$target.race</var>
			<text> </text>
			<text>=</text>
			<text> </text>
			<var>null</var>
		</line>
		<line linenr="031" indent="">
			<text>if</text>
			<text> </text>
			<var>$target</var>
			<text> </text>
			<text>!=</text>
			<text> </text>
			<var>null</var>
		</line>
		<line linenr="032" indent="">
			<var>$target.race</var>
			<text> </text>
			<text>=</text>
			<text> </text>
			<var>$target</var>
			<text>-&gt;</text>
			<text> </text>
			<text>get</text>
			<text> </text>
			<text>owner</text>
			<text> </text>
			<text>race</text>
		</line>
		<line linenr="033" indent="">
			<text>end</text>
		</line>
		<line linenr="034" indent="&#160;" />
		<line linenr="035" indent="&#160;">
			<var>$changenotoriety</var>
			<text> </text>
			<text>=</text>
			<text> </text>
			<var>0</var>
		</line>
		<line linenr="036" indent="">
			<var>$messages</var>
			<text> </text>
			<text>=</text>
			<text> </text>
			<text>get</text>
			<text> </text>
			<text>global</text>
			<text> </text>
			<text>variable</text>
			<text>:</text>
			<text> </text>
			<text>name</text>
			<text>=</text>
			<text>'plugin.zanzal.PwnMi.messages'</text>
		</line>
		<line linenr="037" indent="">
			<text>if</text>
			<text> </text>
			<var>$messages</var>
			<text> </text>
			<text>==</text>
			<text> </text>
			<var>null</var>
		</line>
		<line linenr="038" indent="">
			<var>$messages</var>
			<text> </text>
			<text>=</text>
			<text> </text>
			<text>array</text>
			<text> </text>
			<text>alloc</text>
			<text>:</text>
			<text> </text>
			<text>size</text>
			<text>=</text>
			<var>0</var>
		</line>
		<line linenr="039" indent="">
			<text>set</text>
			<text> </text>
			<text>global</text>
			<text> </text>
			<text>variable</text>
			<text>:</text>
			<text> </text>
			<text>name</text>
			<text>=</text>
			<text>'plugin.zanzal.PwnMi.messages'</text>
			<text> </text>
			<text>value</text>
			<text>=</text>
			<var>$messages</var>
		</line>
		<line linenr="040" indent="">
			<text>end</text>
		</line>
		<line linenr="041" indent="&#160;" />
		<line linenr="042" indent="&#160;" />
		<line linenr="043" indent="&#160;">
			<comment>* plugin settings</comment>
		</line>
		<line linenr="044" indent="&#160;">
			<text>if</text>
			<text> </text>
			<var>$suspicion</var>
			<text> </text>
			<text>!=</text>
			<text> </text>
			<var>null</var>
			<text> </text>
			<text>OR</text>
			<text> </text>
			<var>$priviledge</var>
			<text> </text>
			<text>!=</text>
			<text> </text>
			<var>null</var>
		</line>
		<line linenr="045" indent="&#160;" interruptable="@">
			<var>$station.vars.ex</var>
			<text> </text>
			<text>=</text>
			<text> </text>
			<var>[THIS]</var>
			<text>-&gt;</text>
			<text> </text>
			<text>call</text>
			<text> </text>
			<text>script</text>
			<text> </text>
			<call>plugin.zanzal.PwnMi.getstationvars</call>
			<text> </text>
			<text>:</text>
			<text> </text>
			<text>target</text>
			<text>=</text>
			<var>$target</var>
		</line>
		<line linenr="046" indent="&#160;&#160;">
			<var>$station.Vars</var>
			<text> </text>
			<text>=</text>
			<text> </text>
			<var>$station.vars.ex</var>
			<text>[</text>
			<var>0</var>
			<text>]</text>
		</line>
		<line linenr="047" indent="&#160;&#160;" />
		<line linenr="048" indent="&#160;&#160;&#160;">
			<var>$pl</var>
			<text> </text>
			<text>=</text>
			<text> </text>
			<var>$station.Vars</var>
			<text>[</text>
			<var>$IDX_PRIVILEGE</var>
			<text>]</text>
		</line>
		<line linenr="049" indent="&#160;&#160;&#160;">
			<text>if</text>
			<text> </text>
			<var>$priviledge</var>
			<text> </text>
			<text>!=</text>
			<text> </text>
			<var>null</var>
		</line>
		<line linenr="050" indent="&#160;&#160;&#160;">
			<comment>* Apply Tier Difficulty</comment>
		</line>
		<line linenr="051" indent="&#160;&#160;&#160;&#160;">
			<text>if</text>
			<text> </text>
			<var>$priviledge</var>
			<text> </text>
			<text>&gt;</text>
			<text> </text>
			<var>3</var>
		</line>
		<line linenr="052" indent="&#160;&#160;&#160;">
			<var>$tier</var>
			<text> </text>
			<text>=</text>
			<text> </text>
			<var>$station.Vars</var>
			<text>[</text>
			<var>$IDX_TIER</var>
			<text>]</text>
		</line>
		<line linenr="053" indent="&#160;&#160;">
			<var>$priviledge</var>
			<text> </text>
			<text>=</text>
			<text> </text>
			<var>$priviledge</var>
			<text> </text>
			<text>-</text>
			<text> </text>
			<var>$tier</var>
		</line>
		<line linenr="054" indent="&#160;&#160;">
			<text>if</text>
			<text> </text>
			<var>$priviledge</var>
			<text> </text>
			<text>&lt;</text>
			<text> </text>
			<var>3</var>
		</line>
		<line linenr="055" indent="&#160;&#160;">
			<var>$priviledge</var>
			<text> </text>
			<text>=</text>
			<text> </text>
			<var>3</var>
		</line>
		<line linenr="056" indent="&#160;&#160;&#160;">
			<text>end</text>
		</line>
		<line linenr="057" indent="&#160;&#160;&#160;">
			<text>end</text>
		</line>
		<line linenr="058" indent="&#160;&#160;&#160;&#160;" />
		<line linenr="059" indent="&#160;&#160;&#160;">
			<text>if</text>
			<text> </text>
			<var>$pl</var>
			<text> </text>
			<text>==</text>
			<text> </text>
			<var>0</var>
		</line>
		<line linenr="060" indent="&#160;&#160;&#160;&#160;">
			<comment>* Once we've reached root. Any priviledge gain is turned into suspicion loss.</comment>
		</line>
		<line linenr="061" indent="&#160;&#160;&#160;">
			<text>if</text>
			<text> </text>
			<var>$suspicion</var>
			<text> </text>
			<text>==</text>
			<text> </text>
			<var>null</var>
		</line>
		<line linenr="062" indent="&#160;&#160;">
			<var>$suspicion</var>
			<text> </text>
			<text>=</text>
			<text>  </text>
			<text>-</text>
			<text> </text>
			<var>$priviledge</var>
		</line>
		<line linenr="063" indent="&#160;&#160;&#160;">
			<text>else</text>
		</line>
		<line linenr="064" indent="&#160;&#160;&#160;">
			<var>$suspicion</var>
			<text> </text>
			<text>=</text>
			<text> </text>
			<var>$suspicion</var>
			<text> </text>
			<text>-</text>
			<text> </text>
			<var>$priviledge</var>
		</line>
		<line linenr="065" indent="&#160;&#160;&#160;&#160;">
			<text>end</text>
		</line>
		<line linenr="066" indent="&#160;&#160;&#160;">
			<text>else</text>
		</line>
		<line linenr="067" indent="&#160;&#160;">
			<var>$pl</var>
			<text> </text>
			<text>=</text>
			<text> </text>
			<var>$pl</var>
			<text> </text>
			<text>-</text>
			<text> </text>
			<var>$priviledge</var>
		</line>
		<line linenr="068" indent="&#160;&#160;">
			<text>if</text>
			<text> </text>
			<var>$pl</var>
			<text> </text>
			<text>&lt;</text>
			<text> </text>
			<var>0</var>
		</line>
		<line linenr="069" indent="&#160;&#160;">
			<var>$pl</var>
			<text> </text>
			<text>=</text>
			<text> </text>
			<var>0</var>
		</line>
		<line linenr="070" indent="&#160;&#160;">
			<text>end</text>
		</line>
		<line linenr="071" indent="&#160;&#160;&#160;">
			<text>end</text>
		</line>
		<line linenr="072" indent="&#160;&#160;&#160;&#160;">
			<var>$station.Vars</var>
			<text>[</text>
			<var>$IDX_PRIVILEGE</var>
			<text>]</text>
			<text> </text>
			<text>=</text>
			<text> </text>
			<var>$pl</var>
		</line>
		<line linenr="073" indent="&#160;&#160;&#160;&#160;" />
		<line linenr="074" indent="&#160;&#160;&#160;&#160;">
			<text>if</text>
			<text> </text>
			<var>$pl</var>
			<text> </text>
			<text>&lt;=</text>
			<text> </text>
			<var>30</var>
		</line>
		<line linenr="075" indent="&#160;&#160;&#160;&#160;">
			<text>if</text>
			<text> </text>
			<text>not</text>
			<text> </text>
			<var>$station.Vars</var>
			<text>[</text>
			<var>$IDX_SLUSH_FUND</var>
			<text>]</text>
		</line>
		<line linenr="076" indent="&#160;&#160;&#160;&#160;">
			<comment>* Couldn't get this feature to work. Going to disable it for now.</comment>
		</line>
		<line linenr="077" indent="&#160;&#160;&#160;&#160;" />
		<line linenr="078" indent="&#160;&#160;&#160;&#160;">
			<var>$station.Vars</var>
			<text>[</text>
			<var>$IDX_SLUSH_FUND</var>
			<text>]</text>
			<text> </text>
			<text>=</text>
			<text> </text>
			<var>[TRUE]</var>
		</line>
		<line linenr="079" indent="&#160;&#160;&#160;&#160;">
			<var>$starting.balance</var>
			<text> </text>
			<text>=</text>
			<text> </text>
			<text>random</text>
			<text> </text>
			<text>value</text>
			<text> </text>
			<text>between</text>
			<text> </text>
			<var>120000</var>
			<text> </text>
			<text>and</text>
			<text> </text>
			<var>190000</var>
		</line>
		<line linenr="080" indent="&#160;&#160;&#160;">
			<var>$station.Vars</var>
			<text>[</text>
			<var>$IDX_BALANCE</var>
			<text>]</text>
			<text> </text>
			<text>=</text>
			<text> </text>
			<var>$starting.balance</var>
		</line>
		<line linenr="081" indent="&#160;&#160;" />
		<line linenr="082" indent="&#160;">
			<comment>* $target-&gt; add secondary signal: signal=[SIGNAL_SELWARE], script='plugin.zanzal.PwnMi.signalsellware', prio=10, name='zanzal.PwnMi.signalsellware'</comment>
		</line>
		<line linenr="083" indent="&#160;" />
		<line linenr="084" indent="&#160;">
			<text>end</text>
		</line>
		<line linenr="085" indent="&#160;">
			<text>end</text>
		</line>
		<line linenr="086" indent="&#160;&#160;">
			<text>end</text>
		</line>
		<line linenr="087" indent="&#160;&#160;" />
		<line linenr="088" indent="&#160;&#160;&#160;">
			<var>$sus</var>
			<text> </text>
			<text>=</text>
			<text> </text>
			<var>$station.Vars</var>
			<text>[</text>
			<var>$IDX_SUSPICION</var>
			<text>]</text>
		</line>
		<line linenr="089" indent="&#160;&#160;&#160;">
			<text>if</text>
			<text> </text>
			<var>$suspicion</var>
			<text> </text>
			<text>!=</text>
			<text> </text>
			<var>null</var>
		</line>
		<line linenr="090" indent="&#160;&#160;">
			<var>$sus</var>
			<text> </text>
			<text>=</text>
			<text> </text>
			<var>$sus</var>
			<text> </text>
			<text>+</text>
			<text> </text>
			<var>$suspicion</var>
		</line>
		<line linenr="091" indent="&#160;&#160;">
			<text>if</text>
			<text> </text>
			<var>$sus</var>
			<text> </text>
			<text>&gt;=</text>
			<text> </text>
			<var>100</var>
		</line>
		<line linenr="092" indent="&#160;">
			<var>$sus</var>
			<text> </text>
			<text>=</text>
			<text> </text>
			<var>100</var>
		</line>
		<line linenr="093" indent="&#160;">
			<var>$changenotoriety</var>
			<text> </text>
			<text>=</text>
			<text> </text>
			<var>-5</var>
		</line>
		<line linenr="094" indent="&#160;">
			<text>end</text>
		</line>
		<line linenr="095" indent="&#160;">
			<var>$station.Vars</var>
			<text>[</text>
			<var>$IDX_SUSPICION</var>
			<text>]</text>
			<text> </text>
			<text>=</text>
			<text> </text>
			<var>$sus</var>
		</line>
		<line linenr="096" indent="&#160;">
			<text>end</text>
		</line>
		<line linenr="097" indent="&#160;" />
		<line linenr="098" indent="&#160;">
			<var>$target.name</var>
			<text> </text>
			<text>=</text>
			<text> </text>
			<var>$target</var>
			<text>-&gt;</text>
			<text> </text>
			<text>get</text>
			<text> </text>
			<text>name</text>
		</line>
		<line linenr="099" indent="&#160;" interruptable="@">
			<var>$station.vars.ex</var>
			<text> </text>
			<text>=</text>
			<text> </text>
			<var>[THIS]</var>
			<text>-&gt;</text>
			<text> </text>
			<text>call</text>
			<text> </text>
			<text>script</text>
			<text> </text>
			<call>plugin.zanzal.PwnMi.getstationvars</call>
			<text> </text>
			<text>:</text>
			<text> </text>
			<text>target</text>
			<text>=</text>
			<var>$target</var>
		</line>
		<line linenr="100" indent="&#160;">
			<var>$station.Vars</var>
			<text> </text>
			<text>=</text>
			<text> </text>
			<var>$station.vars.ex</var>
			<text>[</text>
			<var>0</var>
			<text>]</text>
		</line>
		<line linenr="101" indent="&#160;">
			<var>$susd</var>
			<text> </text>
			<text>=</text>
			<text> </text>
			<var>$station.vars.ex</var>
			<text>[</text>
			<var>1</var>
			<text>]</text>
		</line>
		<line linenr="102" indent="&#160;">
			<var>$pls</var>
			<text> </text>
			<text>=</text>
			<text> </text>
			<text>convert</text>
			<text> </text>
			<text>number</text>
			<text> </text>
			<var>$pl</var>
			<text> </text>
			<text>to</text>
			<text> </text>
			<text>string</text>
		</line>
		<line linenr="103" indent="&#160;">
			<var>$text</var>
			<text> </text>
			<text>=</text>
			<text> </text>
			<text>sprintf</text>
			<text>:</text>
			<text> </text>
			<text>pageid</text>
			<text>=</text>
			<var>$pageid</var>
			<text> </text>
			<text>textid</text>
			<text>=</text>
			<var>66</var>
			<text>,</text>
			<text> </text>
			<var>$target.name</var>
			<text>,</text>
			<text> </text>
			<var>$desc</var>
			<text>,</text>
			<text> </text>
			<var>$pls</var>
			<text>,</text>
			<text> </text>
			<var>$susd</var>
			<text>,</text>
			<text> </text>
			<var>null</var>
		</line>
		<line linenr="104" indent="&#160;">
			<text>append</text>
			<text> </text>
			<var>$text</var>
			<text> </text>
			<text>to</text>
			<text> </text>
			<text>array</text>
			<text> </text>
			<var>$messages</var>
		</line>
		<line linenr="105" indent="&#160;" />
		<line linenr="106" indent="&#160;&#160;">
			<var>$plugin.Vars</var>
			<text> </text>
			<text>=</text>
			<text> </text>
			<text>get</text>
			<text> </text>
			<text>global</text>
			<text> </text>
			<text>variable</text>
			<text>:</text>
			<text> </text>
			<text>name</text>
			<text>=</text>
			<text>'al.plugin.zanzal.PwnMi.main'</text>
		</line>
		<line linenr="107" indent="&#160;">
			<var>$hackerrank</var>
			<text> </text>
			<text>=</text>
			<text> </text>
			<var>$plugin.Vars</var>
			<text>[</text>
			<var>$VARIDX_HACKERRANK</var>
			<text>]</text>
		</line>
		<line linenr="108" indent="&#160;&#160;">
			<var>$hackerexp</var>
			<text> </text>
			<text>=</text>
			<text> </text>
			<var>$plugin.Vars</var>
			<text>[</text>
			<var>$VARIDX_HACKEREXP</var>
			<text>]</text>
		</line>
		<line linenr="109" indent="&#160;">
			<text>if</text>
			<text> </text>
			<text>(</text>
			<var>$commandid</var>
			<text> </text>
			<text>&gt;=</text>
			<text> </text>
			<var>41</var>
			<text> </text>
			<text>AND</text>
			<text> </text>
			<var>$commandid</var>
			<text> </text>
			<text>&lt;=</text>
			<text> </text>
			<var>49</var>
			<text>)</text>
		</line>
		<line linenr="110" indent="&#160;&#160;">
			<var>$hackerexp</var>
			<text> </text>
			<text>=</text>
			<text> </text>
			<var>$hackerexp</var>
			<text> </text>
			<text>+</text>
			<text> </text>
			<var>1</var>
		</line>
		<line linenr="111" indent="&#160;">
			<text>else</text>
			<text> </text>
			<text>if</text>
			<text> </text>
			<text>(</text>
			<var>$commandid</var>
			<text> </text>
			<text>&gt;=</text>
			<text> </text>
			<var>31</var>
			<text> </text>
			<text>AND</text>
			<text> </text>
			<var>$commandid</var>
			<text> </text>
			<text>&lt;=</text>
			<text> </text>
			<var>39</var>
			<text>)</text>
		</line>
		<line linenr="112" indent="&#160;&#160;">
			<var>$hackerexp</var>
			<text> </text>
			<text>=</text>
			<text> </text>
			<var>$hackerexp</var>
			<text> </text>
			<text>+</text>
			<text> </text>
			<var>2</var>
		</line>
		<line linenr="113" indent="&#160;">
			<text>else</text>
			<text> </text>
			<text>if</text>
			<text> </text>
			<text>(</text>
			<var>$commandid</var>
			<text> </text>
			<text>&gt;=</text>
			<text> </text>
			<var>21</var>
			<text> </text>
			<text>AND</text>
			<text> </text>
			<var>$commandid</var>
			<text> </text>
			<text>&lt;=</text>
			<text> </text>
			<var>29</var>
			<text>)</text>
		</line>
		<line linenr="114" indent="&#160;">
			<var>$hackerexp</var>
			<text> </text>
			<text>=</text>
			<text> </text>
			<var>$hackerexp</var>
			<text> </text>
			<text>+</text>
			<text> </text>
			<var>4</var>
		</line>
		<line linenr="115" indent="&#160;">
			<text>else</text>
			<text> </text>
			<text>if</text>
			<text> </text>
			<text>(</text>
			<var>$commandid</var>
			<text> </text>
			<text>&gt;=</text>
			<text> </text>
			<var>11</var>
			<text> </text>
			<text>AND</text>
			<text> </text>
			<var>$commandid</var>
			<text> </text>
			<text>&lt;=</text>
			<text> </text>
			<var>19</var>
			<text>)</text>
		</line>
		<line linenr="116" indent="&#160;">
			<var>$hackerexp</var>
			<text> </text>
			<text>=</text>
			<text> </text>
			<var>$hackerexp</var>
			<text> </text>
			<text>+</text>
			<text> </text>
			<var>8</var>
		</line>
		<line linenr="117" indent="&#160;&#160;">
			<text>end</text>
		</line>
		<line linenr="118" indent="&#160;&#160;&#160;">
			<var>$plugin.Vars</var>
			<text>[</text>
			<var>$VARIDX_HACKEREXP</var>
			<text>]</text>
			<text> </text>
			<text>=</text>
			<text> </text>
			<var>$hackerexp</var>
		</line>
		<line linenr="119" indent="&#160;&#160;&#160;&#160;" />
		<line linenr="120" indent="&#160;&#160;&#160;&#160;">
			<var>$l</var>
			<text> </text>
			<text>=</text>
			<text> </text>
			<text>size</text>
			<text> </text>
			<text>of</text>
			<text> </text>
			<text>array</text>
			<text> </text>
			<var>$hackerlevels</var>
		</line>
		<line linenr="121" indent="&#160;&#160;&#160;&#160;">
			<text>while</text>
			<text> </text>
			<var>$l</var>
		</line>
		<line linenr="122" indent="&#160;&#160;&#160;&#160;">
			<text>dec</text>
			<text> </text>
			<var>$l</var>
		</line>
		<line linenr="123" indent="&#160;&#160;&#160;&#160;">
			<var>$tnl</var>
			<text> </text>
			<text>=</text>
			<text> </text>
			<var>$hackerlevels</var>
			<text>[</text>
			<var>$l</var>
			<text>]</text>
		</line>
		<line linenr="124" indent="&#160;&#160;&#160;">
			<text>if</text>
			<text> </text>
			<var>$hackerexp</var>
			<text> </text>
			<text>&gt;=</text>
			<text> </text>
			<var>$tnl</var>
		</line>
		<line linenr="125" indent="&#160;&#160;">
			<text>if</text>
			<text> </text>
			<var>$l</var>
			<text> </text>
			<text>&gt;</text>
			<text> </text>
			<var>$hackerrank</var>
		</line>
		<line linenr="126" indent="&#160;">
			<var>$hackerrank</var>
			<text> </text>
			<text>=</text>
			<text> </text>
			<var>$l</var>
		</line>
		<line linenr="127" indent="">
			<var>$plugin.Vars</var>
			<text>[</text>
			<var>$VARIDX_HACKERRANK</var>
			<text>]</text>
			<text> </text>
			<text>=</text>
			<text> </text>
			<var>$hackerrank</var>
		</line>
		<line linenr="128" indent="&#160;">
			<var>$text</var>
			<text> </text>
			<text>=</text>
			<text> </text>
			<text>read</text>
			<text> </text>
			<text>text</text>
			<text>:</text>
			<text> </text>
			<text>page</text>
			<text>=</text>
			<var>$pageid</var>
			<text> </text>
			<text>id</text>
			<text>=</text>
			<var>65</var>
		</line>
		<line linenr="129" indent="&#160;&#160;">
			<text>append</text>
			<text> </text>
			<var>$text</var>
			<text> </text>
			<text>to</text>
			<text> </text>
			<text>array</text>
			<text> </text>
			<var>$messages</var>
		</line>
		<line linenr="130" indent="&#160;">
			<text>break</text>
		</line>
		<line linenr="131" indent="">
			<text>end</text>
		</line>
		<line linenr="132" indent="">
			<text>end</text>
		</line>
		<line linenr="133" indent="">
			<text>end</text>
		</line>
		<line linenr="134" indent="&#160;">
			<text>else</text>
		</line>
		<line linenr="135" indent="&#160;">
			<text>if</text>
			<text> </text>
			<var>$desc</var>
			<text> </text>
			<text>!=</text>
			<text> </text>
			<var>null</var>
		</line>
		<line linenr="136" indent="&#160;">
			<text>append</text>
			<text> </text>
			<var>$desc</var>
			<text> </text>
			<text>to</text>
			<text> </text>
			<text>array</text>
			<text> </text>
			<var>$messages</var>
		</line>
		<line linenr="137" indent="&#160;">
			<text>end</text>
		</line>
		<line linenr="138" indent="&#160;">
			<text>end</text>
		</line>
		<line linenr="139" indent="&#160;" />
		<line linenr="140" indent="&#160;">
			<text>if</text>
			<text> </text>
			<var>$showresults</var>
		</line>
		<line linenr="141" indent="&#160;&#160;">
			<var>$PwnMi.menu.title</var>
			<text> </text>
			<text>=</text>
			<text> </text>
			<text>read</text>
			<text> </text>
			<text>text</text>
			<text>:</text>
			<text> </text>
			<text>page</text>
			<text>=</text>
			<var>$pageid</var>
			<text> </text>
			<text>id</text>
			<text>=</text>
			<var>3</var>
		</line>
		<line linenr="142" indent="&#160;&#160;&#160;">
			<var>$allmessages</var>
			<text> </text>
			<text>=</text>
			<text> </text>
			<text>''</text>
		</line>
		<line linenr="143" indent="&#160;&#160;" />
		<line linenr="144" indent="&#160;&#160;">
			<var>$idx</var>
			<text> </text>
			<text>=</text>
			<text> </text>
			<var>0</var>
		</line>
		<line linenr="145" indent="&#160;&#160;">
			<var>$max</var>
			<text> </text>
			<text>=</text>
			<text> </text>
			<text>size</text>
			<text> </text>
			<text>of</text>
			<text> </text>
			<text>array</text>
			<text> </text>
			<var>$messages</var>
		</line>
		<line linenr="146" indent="&#160;&#160;">
			<var>$line1</var>
			<text> </text>
			<text>=</text>
			<text> </text>
			<var>$PwnMi.menu.title</var>
		</line>
		<line linenr="147" indent="&#160;">
			<text>while</text>
			<text> </text>
			<var>$idx</var>
			<text> </text>
			<text>&lt;</text>
			<text> </text>
			<var>$max</var>
		</line>
		<line linenr="148" indent="&#160;">
			<text>if</text>
			<text> </text>
			<var>$idx</var>
			<text> </text>
			<text>==</text>
			<text> </text>
			<var>0</var>
		</line>
		<line linenr="149" indent="&#160;">
			<var>$line1</var>
			<text> </text>
			<text>=</text>
			<text> </text>
			<var>$messages</var>
			<text>[</text>
			<var>$idx</var>
			<text>]</text>
		</line>
		<line linenr="150" indent="&#160;">
			<text>end</text>
		</line>
		<line linenr="151" indent="&#160;">
			<var>$entry</var>
			<text> </text>
			<text>=</text>
			<text> </text>
			<var>$messages</var>
			<text>[</text>
			<var>$idx</var>
			<text>]</text>
		</line>
		<line linenr="152" indent="">
			<text>inc</text>
			<text> </text>
			<var>$idx</var>
		</line>
		<line linenr="153" indent="">
			<var>$allmessages</var>
			<text> </text>
			<text>=</text>
			<text> </text>
			<var>$allmessages</var>
			<text> </text>
			<text>+</text>
			<text> </text>
			<var>$entry</var>
		</line>
		<line linenr="154" indent="">
			<text>end</text>
		</line>
		<line linenr="155" indent="&#160;" />
		<line linenr="156" indent="">
			<text>resize</text>
			<text> </text>
			<text>array</text>
			<text> </text>
			<var>$messages</var>
			<text> </text>
			<text>to</text>
			<text> </text>
			<var>0</var>
		</line>
		<line linenr="157" indent="" />
		<line linenr="158" indent="">
			<var>[THIS]</var>
			<text>-&gt;</text>
			<text> </text>
			<text>send</text>
			<text> </text>
			<text>incoming</text>
			<text> </text>
			<text>message</text>
			<text>:</text>
			<text> </text>
			<text>text</text>
			<text>=</text>
			<var>$allmessages</var>
			<text> </text>
			<text>temporary</text>
			<text>=</text>
			<var>[TRUE]</var>
		</line>
		<line linenr="159" indent="">
			<text>end</text>
		</line>
		<line linenr="160" indent="" />
		<line linenr="161" indent="">
			<text>skip</text>
			<text> </text>
			<text>if</text>
			<text> </text>
			<var>$changenotoriety</var>
			<text> </text>
			<text>==</text>
			<text> </text>
			<var>0</var>
			<text> </text>
			<text>OR</text>
			<text> </text>
			<var>$target.race</var>
			<text> </text>
			<text>==</text>
			<text> </text>
			<var>null</var>
		</line>
		<line linenr="162" indent="" interruptable="@">
			<text>START</text>
			<text> </text>
			<var>[THIS]</var>
			<text>-&gt;</text>
			<text> </text>
			<text>call</text>
			<text> </text>
			<text>script</text>
			<text> </text>
			<call>plugin.zanzal.PwnMi.notorietyhit</call>
			<text> </text>
			<text>:</text>
			<text> </text>
			<text>race</text>
			<text>=</text>
			<var>$target.race</var>
			<text> </text>
			<text>amount</text>
			<text>=</text>
			<var>$changenotoriety</var>
			<text> </text>
			<text>delay</text>
			<text>=</text>
			<var>5000</var>
		</line>
		<line linenr="163" indent="" />
		<line linenr="164" indent="">
			<text>return</text>
			<text> </text>
			<var>null</var>
		</line>
		<line linenr="165" indent="" />
	</sourcetext>
	<codearray>
		<sval type="array" size="10">
			<sval type="string" val="plugin.zanzal.PwnMi.gain" />
			<sval type="int" val="50" />
			<sval type="string" val="" />
			<sval type="int" val="1" />
			<sval type="int" val="0" />
			<sval type="array" size="40">
				<sval type="string" val="target" />
				<sval type="string" val="priviledge" />
				<sval type="string" val="suspicion" />
				<sval type="string" val="commandid" />
				<sval type="string" val="showresults" />
				<sval type="string" val="desc" />
				<sval type="string" val="pageid" />
				<sval type="string" val="hackerlevels" />
				<sval type="string" val="IDX_PRIVILEGE" />
				<sval type="string" val="IDX_SUSPICION" />
				<sval type="string" val="IDX_SLUSH_FUND" />
				<sval type="string" val="IDX_BALANCE" />
				<sval type="string" val="IDX_ENDRAND" />
				<sval type="string" val="IDX_TIER" />
				<sval type="string" val="VARIDX_HACKERRANK" />
				<sval type="string" val="VARIDX_HACKEREXP" />
				<sval type="string" val="target.race" />
				<sval type="string" val="changenotoriety" />
				<sval type="string" val="messages" />
				<sval type="string" val="station.vars.ex" />
				<sval type="string" val="station.Vars" />
				<sval type="string" val="pl" />
				<sval type="string" val="tier" />
				<sval type="string" val="starting.balance" />
				<sval type="string" val="sus" />
				<sval type="string" val="target.name" />
				<sval type="string" val="susd" />
				<sval type="string" val="pls" />
				<sval type="string" val="text" />
				<sval type="string" val="plugin.Vars" />
				<sval type="string" val="hackerrank" />
				<sval type="string" val="hackerexp" />
				<sval type="string" val="tnl" />
				<sval type="string" val="l" />
				<sval type="string" val="PwnMi.menu.title" />
				<sval type="string" val="allmessages" />
				<sval type="string" val="idx" />
				<sval type="string" val="max" />
				<sval type="string" val="line1" />
				<sval type="string" val="entry" />
			</sval>
			<sval type="array" size="109">
				<sval type="array" size="7">
					<sval type="int" val="104" />
					<sval type="int" val="6" />
					<sval type="int" val="1" />
					<sval type="int" val="4" />
					<sval type="int" val="1337" />
					<sval type="int" val="1" />
					<sval type="int" val="-1" />
				</sval>
				<sval type="array" size="4">
					<sval type="int" val="128" />
					<sval type="int" val="7" />
					<sval type="int" val="4" />
					<sval type="int" val="4" />
				</sval>
				<sval type="array" size="7">
					<sval type="int" val="130" />
					<sval type="int" val="131074" />
					<sval type="int" val="7" />
					<sval type="int" val="4" />
					<sval type="int" val="0" />
					<sval type="int" val="4" />
					<sval type="int" val="0" />
				</sval>
				<sval type="array" size="7">
					<sval type="int" val="130" />
					<sval type="int" val="131074" />
					<sval type="int" val="7" />
					<sval type="int" val="4" />
					<sval type="int" val="1" />
					<sval type="int" val="4" />
					<sval type="int" val="1024" />
				</sval>
				<sval type="array" size="7">
					<sval type="int" val="130" />
					<sval type="int" val="131074" />
					<sval type="int" val="7" />
					<sval type="int" val="4" />
					<sval type="int" val="2" />
					<sval type="int" val="4" />
					<sval type="int" val="3072" />
				</sval>
				<sval type="array" size="7">
					<sval type="int" val="130" />
					<sval type="int" val="131074" />
					<sval type="int" val="7" />
					<sval type="int" val="4" />
					<sval type="int" val="3" />
					<sval type="int" val="4" />
					<sval type="int" val="7168" />
				</sval>
				<sval type="array" size="7">
					<sval type="int" val="104" />
					<sval type="int" val="8" />
					<sval type="int" val="1" />
					<sval type="int" val="4" />
					<sval type="int" val="0" />
					<sval type="int" val="1" />
					<sval type="int" val="-1" />
				</sval>
				<sval type="array" size="7">
					<sval type="int" val="104" />
					<sval type="int" val="9" />
					<sval type="int" val="1" />
					<sval type="int" val="4" />
					<sval type="int" val="1" />
					<sval type="int" val="1" />
					<sval type="int" val="-1" />
				</sval>
				<sval type="array" size="7">
					<sval type="int" val="104" />
					<sval type="int" val="10" />
					<sval type="int" val="1" />
					<sval type="int" val="4" />
					<sval type="int" val="2" />
					<sval type="int" val="1" />
					<sval type="int" val="-1" />
				</sval>
				<sval type="array" size="7">
					<sval type="int" val="104" />
					<sval type="int" val="11" />
					<sval type="int" val="1" />
					<sval type="int" val="4" />
					<sval type="int" val="3" />
					<sval type="int" val="1" />
					<sval type="int" val="-1" />
				</sval>
				<sval type="array" size="7">
					<sval type="int" val="104" />
					<sval type="int" val="12" />
					<sval type="int" val="1" />
					<sval type="int" val="4" />
					<sval type="int" val="4" />
					<sval type="int" val="1" />
					<sval type="int" val="-1" />
				</sval>
				<sval type="array" size="7">
					<sval type="int" val="104" />
					<sval type="int" val="13" />
					<sval type="int" val="1" />
					<sval type="int" val="4" />
					<sval type="int" val="5" />
					<sval type="int" val="1" />
					<sval type="int" val="-1" />
				</sval>
				<sval type="array" size="7">
					<sval type="int" val="104" />
					<sval type="int" val="14" />
					<sval type="int" val="1" />
					<sval type="int" val="4" />
					<sval type="int" val="2" />
					<sval type="int" val="1" />
					<sval type="int" val="-1" />
				</sval>
				<sval type="array" size="7">
					<sval type="int" val="104" />
					<sval type="int" val="15" />
					<sval type="int" val="1" />
					<sval type="int" val="4" />
					<sval type="int" val="3" />
					<sval type="int" val="1" />
					<sval type="int" val="-1" />
				</sval>
				<sval type="array" size="7">
					<sval type="int" val="104" />
					<sval type="int" val="16" />
					<sval type="int" val="1" />
					<sval type="int" val="0" />
					<sval type="int" val="0" />
					<sval type="int" val="1" />
					<sval type="int" val="-1" />
				</sval>
				<sval type="array" size="13">
					<sval type="int" val="104" />
					<sval type="int" val="-1610608381" />
					<sval type="int" val="3" />
					<sval type="int" val="131074" />
					<sval type="int" val="0" />
					<sval type="int" val="0" />
					<sval type="int" val="0" />
					<sval type="int" val="15" />
					<sval type="int" val="1" />
					<sval type="int" val="3" />
					<sval type="int" val="-1" />
					<sval type="int" val="1" />
					<sval type="int" val="-2" />
				</sval>
				<sval type="array" size="4">
					<sval type="int" val="701" />
					<sval type="int" val="131074" />
					<sval type="int" val="0" />
					<sval type="int" val="16" />
				</sval>
				<sval type="array" size="7">
					<sval type="int" val="104" />
					<sval type="int" val="17" />
					<sval type="int" val="1" />
					<sval type="int" val="4" />
					<sval type="int" val="0" />
					<sval type="int" val="1" />
					<sval type="int" val="-1" />
				</sval>
				<sval type="array" size="4">
					<sval type="int" val="158" />
					<sval type="int" val="5" />
					<sval type="string" val="plugin.zanzal.PwnMi.messages" />
					<sval type="int" val="18" />
				</sval>
				<sval type="array" size="13">
					<sval type="int" val="104" />
					<sval type="int" val="-1610607101" />
					<sval type="int" val="3" />
					<sval type="int" val="131074" />
					<sval type="int" val="18" />
					<sval type="int" val="0" />
					<sval type="int" val="0" />
					<sval type="int" val="15" />
					<sval type="int" val="0" />
					<sval type="int" val="3" />
					<sval type="int" val="-1" />
					<sval type="int" val="0" />
					<sval type="int" val="-2" />
				</sval>
				<sval type="array" size="4">
					<sval type="int" val="128" />
					<sval type="int" val="18" />
					<sval type="int" val="4" />
					<sval type="int" val="0" />
				</sval>
				<sval type="array" size="5">
					<sval type="int" val="157" />
					<sval type="int" val="5" />
					<sval type="string" val="plugin.zanzal.PwnMi.messages" />
					<sval type="int" val="131074" />
					<sval type="int" val="18" />
				</sval>
				<sval type="array" size="25">
					<sval type="int" val="104" />
					<sval type="int" val="-1610589949" />
					<sval type="int" val="7" />
					<sval type="int" val="131074" />
					<sval type="int" val="2" />
					<sval type="int" val="0" />
					<sval type="int" val="0" />
					<sval type="int" val="15" />
					<sval type="int" val="1" />
					<sval type="int" val="131074" />
					<sval type="int" val="1" />
					<sval type="int" val="0" />
					<sval type="int" val="0" />
					<sval type="int" val="15" />
					<sval type="int" val="1" />
					<sval type="int" val="15" />
					<sval type="int" val="10" />
					<sval type="int" val="7" />
					<sval type="int" val="-1" />
					<sval type="int" val="1" />
					<sval type="int" val="-2" />
					<sval type="int" val="10" />
					<sval type="int" val="-4" />
					<sval type="int" val="1" />
					<sval type="int" val="-5" />
				</sval>
				<sval type="array" size="8">
					<sval type="int" val="102" />
					<sval type="string" val="plugin.zanzal.PwnMi.getstationvars" />
					<sval type="int" val="19" />
					<sval type="int" val="131075" />
					<sval type="int" val="1" />
					<sval type="int" val="1" />
					<sval type="int" val="131074" />
					<sval type="int" val="0" />
				</sval>
				<sval type="array" size="6">
					<sval type="int" val="129" />
					<sval type="int" val="20" />
					<sval type="int" val="131074" />
					<sval type="int" val="19" />
					<sval type="int" val="4" />
					<sval type="int" val="0" />
				</sval>
				<sval type="array" size="6">
					<sval type="int" val="129" />
					<sval type="int" val="21" />
					<sval type="int" val="131074" />
					<sval type="int" val="20" />
					<sval type="int" val="131074" />
					<sval type="int" val="8" />
				</sval>
				<sval type="array" size="13">
					<sval type="int" val="104" />
					<sval type="int" val="-1610600701" />
					<sval type="int" val="3" />
					<sval type="int" val="131074" />
					<sval type="int" val="1" />
					<sval type="int" val="0" />
					<sval type="int" val="0" />
					<sval type="int" val="15" />
					<sval type="int" val="1" />
					<sval type="int" val="3" />
					<sval type="int" val="-1" />
					<sval type="int" val="1" />
					<sval type="int" val="-2" />
				</sval>
				<sval type="array" size="13">
					<sval type="int" val="104" />
					<sval type="int" val="-1610604541" />
					<sval type="int" val="3" />
					<sval type="int" val="131074" />
					<sval type="int" val="1" />
					<sval type="int" val="4" />
					<sval type="int" val="3" />
					<sval type="int" val="15" />
					<sval type="int" val="2" />
					<sval type="int" val="3" />
					<sval type="int" val="-1" />
					<sval type="int" val="2" />
					<sval type="int" val="-2" />
				</sval>
				<sval type="array" size="6">
					<sval type="int" val="129" />
					<sval type="int" val="22" />
					<sval type="int" val="131074" />
					<sval type="int" val="20" />
					<sval type="int" val="131074" />
					<sval type="int" val="13" />
				</sval>
				<sval type="array" size="13">
					<sval type="int" val="104" />
					<sval type="int" val="1" />
					<sval type="int" val="3" />
					<sval type="int" val="131074" />
					<sval type="int" val="1" />
					<sval type="int" val="131074" />
					<sval type="int" val="22" />
					<sval type="int" val="15" />
					<sval type="int" val="12" />
					<sval type="int" val="3" />
					<sval type="int" val="-1" />
					<sval type="int" val="12" />
					<sval type="int" val="-2" />
				</sval>
				<sval type="array" size="13">
					<sval type="int" val="104" />
					<sval type="int" val="-1610604541" />
					<sval type="int" val="3" />
					<sval type="int" val="131074" />
					<sval type="int" val="1" />
					<sval type="int" val="4" />
					<sval type="int" val="3" />
					<sval type="int" val="15" />
					<sval type="int" val="3" />
					<sval type="int" val="3" />
					<sval type="int" val="-1" />
					<sval type="int" val="3" />
					<sval type="int" val="-2" />
				</sval>
				<sval type="array" size="7">
					<sval type="int" val="104" />
					<sval type="int" val="1" />
					<sval type="int" val="1" />
					<sval type="int" val="4" />
					<sval type="int" val="3" />
					<sval type="int" val="1" />
					<sval type="int" val="-1" />
				</sval>
				<sval type="array" size="13">
					<sval type="int" val="104" />
					<sval type="int" val="-1610603005" />
					<sval type="int" val="3" />
					<sval type="int" val="131074" />
					<sval type="int" val="21" />
					<sval type="int" val="4" />
					<sval type="int" val="0" />
					<sval type="int" val="15" />
					<sval type="int" val="0" />
					<sval type="int" val="3" />
					<sval type="int" val="-1" />
					<sval type="int" val="0" />
					<sval type="int" val="-2" />
				</sval>
				<sval type="array" size="13">
					<sval type="int" val="104" />
					<sval type="int" val="-1610603517" />
					<sval type="int" val="3" />
					<sval type="int" val="131074" />
					<sval type="int" val="2" />
					<sval type="int" val="0" />
					<sval type="int" val="0" />
					<sval type="int" val="15" />
					<sval type="int" val="0" />
					<sval type="int" val="3" />
					<sval type="int" val="-1" />
					<sval type="int" val="0" />
					<sval type="int" val="-2" />
				</sval>
				<sval type="array" size="10">
					<sval type="int" val="104" />
					<sval type="int" val="2" />
					<sval type="int" val="2" />
					<sval type="int" val="131074" />
					<sval type="int" val="1" />
					<sval type="int" val="15" />
					<sval type="int" val="12" />
					<sval type="int" val="2" />
					<sval type="int" val="12" />
					<sval type="int" val="-1" />
				</sval>
				<sval type="array" size="2">
					<sval type="int" val="112" />
					<sval type="int" val="37" />
				</sval>
				<sval type="array" size="13">
					<sval type="int" val="104" />
					<sval type="int" val="2" />
					<sval type="int" val="3" />
					<sval type="int" val="131074" />
					<sval type="int" val="2" />
					<sval type="int" val="131074" />
					<sval type="int" val="1" />
					<sval type="int" val="15" />
					<sval type="int" val="12" />
					<sval type="int" val="3" />
					<sval type="int" val="-1" />
					<sval type="int" val="12" />
					<sval type="int" val="-2" />
				</sval>
				<sval type="array" size="2">
					<sval type="int" val="112" />
					<sval type="int" val="41" />
				</sval>
				<sval type="array" size="13">
					<sval type="int" val="104" />
					<sval type="int" val="21" />
					<sval type="int" val="3" />
					<sval type="int" val="131074" />
					<sval type="int" val="21" />
					<sval type="int" val="131074" />
					<sval type="int" val="1" />
					<sval type="int" val="15" />
					<sval type="int" val="12" />
					<sval type="int" val="3" />
					<sval type="int" val="-1" />
					<sval type="int" val="12" />
					<sval type="int" val="-2" />
				</sval>
				<sval type="array" size="13">
					<sval type="int" val="104" />
					<sval type="int" val="-1610602237" />
					<sval type="int" val="3" />
					<sval type="int" val="131074" />
					<sval type="int" val="21" />
					<sval type="int" val="4" />
					<sval type="int" val="0" />
					<sval type="int" val="15" />
					<sval type="int" val="3" />
					<sval type="int" val="3" />
					<sval type="int" val="-1" />
					<sval type="int" val="3" />
					<sval type="int" val="-2" />
				</sval>
				<sval type="array" size="7">
					<sval type="int" val="104" />
					<sval type="int" val="21" />
					<sval type="int" val="1" />
					<sval type="int" val="4" />
					<sval type="int" val="0" />
					<sval type="int" val="1" />
					<sval type="int" val="-1" />
				</sval>
				<sval type="array" size="7">
					<sval type="int" val="130" />
					<sval type="int" val="131074" />
					<sval type="int" val="20" />
					<sval type="int" val="131074" />
					<sval type="int" val="8" />
					<sval type="int" val="131074" />
					<sval type="int" val="21" />
				</sval>
				<sval type="array" size="13">
					<sval type="int" val="104" />
					<sval type="int" val="-1610600701" />
					<sval type="int" val="3" />
					<sval type="int" val="131074" />
					<sval type="int" val="21" />
					<sval type="int" val="4" />
					<sval type="int" val="30" />
					<sval type="int" val="15" />
					<sval type="int" val="5" />
					<sval type="int" val="3" />
					<sval type="int" val="-1" />
					<sval type="int" val="5" />
					<sval type="int" val="-2" />
				</sval>
				<sval type="array" size="6">
					<sval type="int" val="129" />
					<sval type="int" val="-536858876" />
					<sval type="int" val="131074" />
					<sval type="int" val="20" />
					<sval type="int" val="131074" />
					<sval type="int" val="10" />
				</sval>
				<sval type="array" size="7">
					<sval type="int" val="130" />
					<sval type="int" val="131074" />
					<sval type="int" val="20" />
					<sval type="int" val="131074" />
					<sval type="int" val="10" />
					<sval type="int" val="131075" />
					<sval type="int" val="10" />
				</sval>
				<sval type="array" size="6">
					<sval type="int" val="110" />
					<sval type="int" val="23" />
					<sval type="int" val="4" />
					<sval type="int" val="120000" />
					<sval type="int" val="4" />
					<sval type="int" val="190001" />
				</sval>
				<sval type="array" size="7">
					<sval type="int" val="130" />
					<sval type="int" val="131074" />
					<sval type="int" val="20" />
					<sval type="int" val="131074" />
					<sval type="int" val="11" />
					<sval type="int" val="131074" />
					<sval type="int" val="23" />
				</sval>
				<sval type="array" size="6">
					<sval type="int" val="129" />
					<sval type="int" val="24" />
					<sval type="int" val="131074" />
					<sval type="int" val="20" />
					<sval type="int" val="131074" />
					<sval type="int" val="9" />
				</sval>
				<sval type="array" size="13">
					<sval type="int" val="104" />
					<sval type="int" val="-1610598909" />
					<sval type="int" val="3" />
					<sval type="int" val="131074" />
					<sval type="int" val="2" />
					<sval type="int" val="0" />
					<sval type="int" val="0" />
					<sval type="int" val="15" />
					<sval type="int" val="1" />
					<sval type="int" val="3" />
					<sval type="int" val="-1" />
					<sval type="int" val="1" />
					<sval type="int" val="-2" />
				</sval>
				<sval type="array" size="13">
					<sval type="int" val="104" />
					<sval type="int" val="24" />
					<sval type="int" val="3" />
					<sval type="int" val="131074" />
					<sval type="int" val="24" />
					<sval type="int" val="131074" />
					<sval type="int" val="2" />
					<sval type="int" val="15" />
					<sval type="int" val="11" />
					<sval type="int" val="3" />
					<sval type="int" val="-1" />
					<sval type="int" val="11" />
					<sval type="int" val="-2" />
				</sval>
				<sval type="array" size="13">
					<sval type="int" val="104" />
					<sval type="int" val="-1610599165" />
					<sval type="int" val="3" />
					<sval type="int" val="131074" />
					<sval type="int" val="24" />
					<sval type="int" val="4" />
					<sval type="int" val="100" />
					<sval type="int" val="15" />
					<sval type="int" val="4" />
					<sval type="int" val="3" />
					<sval type="int" val="-1" />
					<sval type="int" val="4" />
					<sval type="int" val="-2" />
				</sval>
				<sval type="array" size="7">
					<sval type="int" val="104" />
					<sval type="int" val="24" />
					<sval type="int" val="1" />
					<sval type="int" val="4" />
					<sval type="int" val="100" />
					<sval type="int" val="1" />
					<sval type="int" val="-1" />
				</sval>
				<sval type="array" size="7">
					<sval type="int" val="104" />
					<sval type="int" val="17" />
					<sval type="int" val="1" />
					<sval type="int" val="4" />
					<sval type="int" val="-5" />
					<sval type="int" val="1" />
					<sval type="int" val="-1" />
				</sval>
				<sval type="array" size="7">
					<sval type="int" val="130" />
					<sval type="int" val="131074" />
					<sval type="int" val="20" />
					<sval type="int" val="131074" />
					<sval type="int" val="9" />
					<sval type="int" val="131074" />
					<sval type="int" val="24" />
				</sval>
				<sval type="array" size="4">
					<sval type="int" val="1028" />
					<sval type="int" val="131074" />
					<sval type="int" val="0" />
					<sval type="int" val="25" />
				</sval>
				<sval type="array" size="8">
					<sval type="int" val="102" />
					<sval type="string" val="plugin.zanzal.PwnMi.getstationvars" />
					<sval type="int" val="19" />
					<sval type="int" val="131075" />
					<sval type="int" val="1" />
					<sval type="int" val="1" />
					<sval type="int" val="131074" />
					<sval type="int" val="0" />
				</sval>
				<sval type="array" size="6">
					<sval type="int" val="129" />
					<sval type="int" val="20" />
					<sval type="int" val="131074" />
					<sval type="int" val="19" />
					<sval type="int" val="4" />
					<sval type="int" val="0" />
				</sval>
				<sval type="array" size="6">
					<sval type="int" val="129" />
					<sval type="int" val="26" />
					<sval type="int" val="131074" />
					<sval type="int" val="19" />
					<sval type="int" val="4" />
					<sval type="int" val="1" />
				</sval>
				<sval type="array" size="4">
					<sval type="int" val="1474" />
					<sval type="int" val="27" />
					<sval type="int" val="131074" />
					<sval type="int" val="21" />
				</sval>
				<sval type="array" size="16">
					<sval type="int" val="150" />
					<sval type="int" val="28" />
					<sval type="int" val="131074" />
					<sval type="int" val="6" />
					<sval type="int" val="4" />
					<sval type="int" val="66" />
					<sval type="int" val="131074" />
					<sval type="int" val="25" />
					<sval type="int" val="131074" />
					<sval type="int" val="5" />
					<sval type="int" val="131074" />
					<sval type="int" val="27" />
					<sval type="int" val="131074" />
					<sval type="int" val="26" />
					<sval type="int" val="0" />
					<sval type="int" val="0" />
				</sval>
				<sval type="array" size="5">
					<sval type="int" val="135" />
					<sval type="int" val="131074" />
					<sval type="int" val="18" />
					<sval type="int" val="131074" />
					<sval type="int" val="28" />
				</sval>
				<sval type="array" size="4">
					<sval type="int" val="158" />
					<sval type="int" val="5" />
					<sval type="string" val="al.plugin.zanzal.PwnMi.main" />
					<sval type="int" val="29" />
				</sval>
				<sval type="array" size="6">
					<sval type="int" val="129" />
					<sval type="int" val="30" />
					<sval type="int" val="131074" />
					<sval type="int" val="29" />
					<sval type="int" val="131074" />
					<sval type="int" val="14" />
				</sval>
				<sval type="array" size="6">
					<sval type="int" val="129" />
					<sval type="int" val="31" />
					<sval type="int" val="131074" />
					<sval type="int" val="29" />
					<sval type="int" val="131074" />
					<sval type="int" val="15" />
				</sval>
				<sval type="array" size="27">
					<sval type="int" val="104" />
					<sval type="int" val="-1610595581" />
					<sval type="int" val="7" />
					<sval type="int" val="131074" />
					<sval type="int" val="3" />
					<sval type="int" val="4" />
					<sval type="int" val="41" />
					<sval type="int" val="15" />
					<sval type="int" val="4" />
					<sval type="int" val="131074" />
					<sval type="int" val="3" />
					<sval type="int" val="4" />
					<sval type="int" val="49" />
					<sval type="int" val="15" />
					<sval type="int" val="5" />
					<sval type="int" val="15" />
					<sval type="int" val="9" />
					<sval type="int" val="9" />
					<sval type="int" val="16" />
					<sval type="int" val="-1" />
					<sval type="int" val="4" />
					<sval type="int" val="-2" />
					<sval type="int" val="9" />
					<sval type="int" val="-4" />
					<sval type="int" val="5" />
					<sval type="int" val="-5" />
					<sval type="int" val="17" />
				</sval>
				<sval type="array" size="13">
					<sval type="int" val="104" />
					<sval type="int" val="31" />
					<sval type="int" val="3" />
					<sval type="int" val="131074" />
					<sval type="int" val="31" />
					<sval type="int" val="4" />
					<sval type="int" val="1" />
					<sval type="int" val="15" />
					<sval type="int" val="11" />
					<sval type="int" val="3" />
					<sval type="int" val="-1" />
					<sval type="int" val="11" />
					<sval type="int" val="-2" />
				</sval>
				<sval type="array" size="2">
					<sval type="int" val="112" />
					<sval type="int" val="75" />
				</sval>
				<sval type="array" size="27">
					<sval type="int" val="104" />
					<sval type="int" val="-1610594811" />
					<sval type="int" val="7" />
					<sval type="int" val="131074" />
					<sval type="int" val="3" />
					<sval type="int" val="4" />
					<sval type="int" val="31" />
					<sval type="int" val="15" />
					<sval type="int" val="4" />
					<sval type="int" val="131074" />
					<sval type="int" val="3" />
					<sval type="int" val="4" />
					<sval type="int" val="39" />
					<sval type="int" val="15" />
					<sval type="int" val="5" />
					<sval type="int" val="15" />
					<sval type="int" val="9" />
					<sval type="int" val="9" />
					<sval type="int" val="16" />
					<sval type="int" val="-1" />
					<sval type="int" val="4" />
					<sval type="int" val="-2" />
					<sval type="int" val="9" />
					<sval type="int" val="-4" />
					<sval type="int" val="5" />
					<sval type="int" val="-5" />
					<sval type="int" val="17" />
				</sval>
				<sval type="array" size="13">
					<sval type="int" val="104" />
					<sval type="int" val="31" />
					<sval type="int" val="3" />
					<sval type="int" val="131074" />
					<sval type="int" val="31" />
					<sval type="int" val="4" />
					<sval type="int" val="2" />
					<sval type="int" val="15" />
					<sval type="int" val="11" />
					<sval type="int" val="3" />
					<sval type="int" val="-1" />
					<sval type="int" val="11" />
					<sval type="int" val="-2" />
				</sval>
				<sval type="array" size="2">
					<sval type="int" val="112" />
					<sval type="int" val="75" />
				</sval>
				<sval type="array" size="27">
					<sval type="int" val="104" />
					<sval type="int" val="-1610594043" />
					<sval type="int" val="7" />
					<sval type="int" val="131074" />
					<sval type="int" val="3" />
					<sval type="int" val="4" />
					<sval type="int" val="21" />
					<sval type="int" val="15" />
					<sval type="int" val="4" />
					<sval type="int" val="131074" />
					<sval type="int" val="3" />
					<sval type="int" val="4" />
					<sval type="int" val="29" />
					<sval type="int" val="15" />
					<sval type="int" val="5" />
					<sval type="int" val="15" />
					<sval type="int" val="9" />
					<sval type="int" val="9" />
					<sval type="int" val="16" />
					<sval type="int" val="-1" />
					<sval type="int" val="4" />
					<sval type="int" val="-2" />
					<sval type="int" val="9" />
					<sval type="int" val="-4" />
					<sval type="int" val="5" />
					<sval type="int" val="-5" />
					<sval type="int" val="17" />
				</sval>
				<sval type="array" size="13">
					<sval type="int" val="104" />
					<sval type="int" val="31" />
					<sval type="int" val="3" />
					<sval type="int" val="131074" />
					<sval type="int" val="31" />
					<sval type="int" val="4" />
					<sval type="int" val="4" />
					<sval type="int" val="15" />
					<sval type="int" val="11" />
					<sval type="int" val="3" />
					<sval type="int" val="-1" />
					<sval type="int" val="11" />
					<sval type="int" val="-2" />
				</sval>
				<sval type="array" size="2">
					<sval type="int" val="112" />
					<sval type="int" val="75" />
				</sval>
				<sval type="array" size="27">
					<sval type="int" val="104" />
					<sval type="int" val="-1610593531" />
					<sval type="int" val="7" />
					<sval type="int" val="131074" />
					<sval type="int" val="3" />
					<sval type="int" val="4" />
					<sval type="int" val="11" />
					<sval type="int" val="15" />
					<sval type="int" val="4" />
					<sval type="int" val="131074" />
					<sval type="int" val="3" />
					<sval type="int" val="4" />
					<sval type="int" val="19" />
					<sval type="int" val="15" />
					<sval type="int" val="5" />
					<sval type="int" val="15" />
					<sval type="int" val="9" />
					<sval type="int" val="9" />
					<sval type="int" val="16" />
					<sval type="int" val="-1" />
					<sval type="int" val="4" />
					<sval type="int" val="-2" />
					<sval type="int" val="9" />
					<sval type="int" val="-4" />
					<sval type="int" val="5" />
					<sval type="int" val="-5" />
					<sval type="int" val="17" />
				</sval>
				<sval type="array" size="13">
					<sval type="int" val="104" />
					<sval type="int" val="31" />
					<sval type="int" val="3" />
					<sval type="int" val="131074" />
					<sval type="int" val="31" />
					<sval type="int" val="4" />
					<sval type="int" val="8" />
					<sval type="int" val="15" />
					<sval type="int" val="11" />
					<sval type="int" val="3" />
					<sval type="int" val="-1" />
					<sval type="int" val="11" />
					<sval type="int" val="-2" />
				</sval>
				<sval type="array" size="7">
					<sval type="int" val="130" />
					<sval type="int" val="131074" />
					<sval type="int" val="29" />
					<sval type="int" val="131074" />
					<sval type="int" val="15" />
					<sval type="int" val="131074" />
					<sval type="int" val="31" />
				</sval>
				<sval type="array" size="4">
					<sval type="int" val="131" />
					<sval type="int" val="33" />
					<sval type="int" val="131074" />
					<sval type="int" val="7" />
				</sval>
				<sval type="array" size="7">
					<sval type="int" val="104" />
					<sval type="int" val="-1610590199" />
					<sval type="int" val="1" />
					<sval type="int" val="131074" />
					<sval type="int" val="33" />
					<sval type="int" val="1" />
					<sval type="int" val="-1" />
				</sval>
				<sval type="array" size="2">
					<sval type="int" val="143" />
					<sval type="int" val="33" />
				</sval>
				<sval type="array" size="6">
					<sval type="int" val="129" />
					<sval type="int" val="32" />
					<sval type="int" val="131074" />
					<sval type="int" val="7" />
					<sval type="int" val="131074" />
					<sval type="int" val="33" />
				</sval>
				<sval type="array" size="13">
					<sval type="int" val="104" />
					<sval type="int" val="-1610590461" />
					<sval type="int" val="3" />
					<sval type="int" val="131074" />
					<sval type="int" val="31" />
					<sval type="int" val="131074" />
					<sval type="int" val="32" />
					<sval type="int" val="15" />
					<sval type="int" val="4" />
					<sval type="int" val="3" />
					<sval type="int" val="-1" />
					<sval type="int" val="4" />
					<sval type="int" val="-2" />
				</sval>
				<sval type="array" size="13">
					<sval type="int" val="104" />
					<sval type="int" val="-1610590461" />
					<sval type="int" val="3" />
					<sval type="int" val="131074" />
					<sval type="int" val="33" />
					<sval type="int" val="131074" />
					<sval type="int" val="30" />
					<sval type="int" val="15" />
					<sval type="int" val="2" />
					<sval type="int" val="3" />
					<sval type="int" val="-1" />
					<sval type="int" val="2" />
					<sval type="int" val="-2" />
				</sval>
				<sval type="array" size="7">
					<sval type="int" val="104" />
					<sval type="int" val="30" />
					<sval type="int" val="1" />
					<sval type="int" val="131074" />
					<sval type="int" val="33" />
					<sval type="int" val="1" />
					<sval type="int" val="-1" />
				</sval>
				<sval type="array" size="7">
					<sval type="int" val="130" />
					<sval type="int" val="131074" />
					<sval type="int" val="29" />
					<sval type="int" val="131074" />
					<sval type="int" val="14" />
					<sval type="int" val="131074" />
					<sval type="int" val="30" />
				</sval>
				<sval type="array" size="6">
					<sval type="int" val="126" />
					<sval type="int" val="28" />
					<sval type="int" val="131074" />
					<sval type="int" val="6" />
					<sval type="int" val="4" />
					<sval type="int" val="65" />
				</sval>
				<sval type="array" size="5">
					<sval type="int" val="135" />
					<sval type="int" val="131074" />
					<sval type="int" val="18" />
					<sval type="int" val="131074" />
					<sval type="int" val="28" />
				</sval>
				<sval type="array" size="2">
					<sval type="int" val="112" />
					<sval type="int" val="88" />
				</sval>
				<sval type="array" size="2">
					<sval type="int" val="112" />
					<sval type="int" val="77" />
				</sval>
				<sval type="array" size="2">
					<sval type="int" val="112" />
					<sval type="int" val="91" />
				</sval>
				<sval type="array" size="13">
					<sval type="int" val="104" />
					<sval type="int" val="-1610589437" />
					<sval type="int" val="3" />
					<sval type="int" val="131074" />
					<sval type="int" val="5" />
					<sval type="int" val="0" />
					<sval type="int" val="0" />
					<sval type="int" val="15" />
					<sval type="int" val="1" />
					<sval type="int" val="3" />
					<sval type="int" val="-1" />
					<sval type="int" val="1" />
					<sval type="int" val="-2" />
				</sval>
				<sval type="array" size="5">
					<sval type="int" val="135" />
					<sval type="int" val="131074" />
					<sval type="int" val="18" />
					<sval type="int" val="131074" />
					<sval type="int" val="5" />
				</sval>
				<sval type="array" size="7">
					<sval type="int" val="104" />
					<sval type="int" val="-1610585597" />
					<sval type="int" val="1" />
					<sval type="int" val="131074" />
					<sval type="int" val="4" />
					<sval type="int" val="1" />
					<sval type="int" val="-1" />
				</sval>
				<sval type="array" size="6">
					<sval type="int" val="126" />
					<sval type="int" val="34" />
					<sval type="int" val="131074" />
					<sval type="int" val="6" />
					<sval type="int" val="4" />
					<sval type="int" val="3" />
				</sval>
				<sval type="array" size="7">
					<sval type="int" val="104" />
					<sval type="int" val="35" />
					<sval type="int" val="1" />
					<sval type="int" val="5" />
					<sval type="string" val="" />
					<sval type="int" val="1" />
					<sval type="int" val="-1" />
				</sval>
				<sval type="array" size="7">
					<sval type="int" val="104" />
					<sval type="int" val="36" />
					<sval type="int" val="1" />
					<sval type="int" val="4" />
					<sval type="int" val="0" />
					<sval type="int" val="1" />
					<sval type="int" val="-1" />
				</sval>
				<sval type="array" size="4">
					<sval type="int" val="131" />
					<sval type="int" val="37" />
					<sval type="int" val="131074" />
					<sval type="int" val="18" />
				</sval>
				<sval type="array" size="7">
					<sval type="int" val="104" />
					<sval type="int" val="38" />
					<sval type="int" val="1" />
					<sval type="int" val="131074" />
					<sval type="int" val="34" />
					<sval type="int" val="1" />
					<sval type="int" val="-1" />
				</sval>
				<sval type="array" size="13">
					<sval type="int" val="104" />
					<sval type="int" val="-1610586103" />
					<sval type="int" val="3" />
					<sval type="int" val="131074" />
					<sval type="int" val="36" />
					<sval type="int" val="131074" />
					<sval type="int" val="37" />
					<sval type="int" val="15" />
					<sval type="int" val="3" />
					<sval type="int" val="3" />
					<sval type="int" val="-1" />
					<sval type="int" val="3" />
					<sval type="int" val="-2" />
				</sval>
				<sval type="array" size="13">
					<sval type="int" val="104" />
					<sval type="int" val="-1610587133" />
					<sval type="int" val="3" />
					<sval type="int" val="131074" />
					<sval type="int" val="36" />
					<sval type="int" val="4" />
					<sval type="int" val="0" />
					<sval type="int" val="15" />
					<sval type="int" val="0" />
					<sval type="int" val="3" />
					<sval type="int" val="-1" />
					<sval type="int" val="0" />
					<sval type="int" val="-2" />
				</sval>
				<sval type="array" size="6">
					<sval type="int" val="129" />
					<sval type="int" val="38" />
					<sval type="int" val="131074" />
					<sval type="int" val="18" />
					<sval type="int" val="131074" />
					<sval type="int" val="36" />
				</sval>
				<sval type="array" size="6">
					<sval type="int" val="129" />
					<sval type="int" val="39" />
					<sval type="int" val="131074" />
					<sval type="int" val="18" />
					<sval type="int" val="131074" />
					<sval type="int" val="36" />
				</sval>
				<sval type="array" size="2">
					<sval type="int" val="142" />
					<sval type="int" val="36" />
				</sval>
				<sval type="array" size="13">
					<sval type="int" val="104" />
					<sval type="int" val="35" />
					<sval type="int" val="3" />
					<sval type="int" val="131074" />
					<sval type="int" val="35" />
					<sval type="int" val="131074" />
					<sval type="int" val="39" />
					<sval type="int" val="15" />
					<sval type="int" val="11" />
					<sval type="int" val="3" />
					<sval type="int" val="-1" />
					<sval type="int" val="11" />
					<sval type="int" val="-2" />
				</sval>
				<sval type="array" size="2">
					<sval type="int" val="112" />
					<sval type="int" val="97" />
				</sval>
				<sval type="array" size="5">
					<sval type="int" val="137" />
					<sval type="int" val="131074" />
					<sval type="int" val="18" />
					<sval type="int" val="4" />
					<sval type="int" val="0" />
				</sval>
				<sval type="array" size="7">
					<sval type="int" val="1215" />
					<sval type="int" val="131075" />
					<sval type="int" val="1" />
					<sval type="int" val="131074" />
					<sval type="int" val="35" />
					<sval type="int" val="131075" />
					<sval type="int" val="10" />
				</sval>
				<sval type="array" size="25">
					<sval type="int" val="104" />
					<sval type="int" val="-536843257" />
					<sval type="int" val="7" />
					<sval type="int" val="131074" />
					<sval type="int" val="17" />
					<sval type="int" val="4" />
					<sval type="int" val="0" />
					<sval type="int" val="15" />
					<sval type="int" val="0" />
					<sval type="int" val="131074" />
					<sval type="int" val="16" />
					<sval type="int" val="0" />
					<sval type="int" val="0" />
					<sval type="int" val="15" />
					<sval type="int" val="0" />
					<sval type="int" val="15" />
					<sval type="int" val="10" />
					<sval type="int" val="7" />
					<sval type="int" val="-1" />
					<sval type="int" val="0" />
					<sval type="int" val="-2" />
					<sval type="int" val="10" />
					<sval type="int" val="-4" />
					<sval type="int" val="0" />
					<sval type="int" val="-5" />
				</sval>
				<sval type="array" size="12">
					<sval type="int" val="102" />
					<sval type="string" val="plugin.zanzal.PwnMi.notorietyhit" />
					<sval type="int" val="-2147483646" />
					<sval type="int" val="131075" />
					<sval type="int" val="1" />
					<sval type="int" val="3" />
					<sval type="int" val="131074" />
					<sval type="int" val="16" />
					<sval type="int" val="131074" />
					<sval type="int" val="17" />
					<sval type="int" val="4" />
					<sval type="int" val="5000" />
				</sval>
				<sval type="array" size="3">
					<sval type="int" val="103" />
					<sval type="int" val="0" />
					<sval type="int" val="0" />
				</sval>
			</sval>
			<sval type="array" size="6">
				<sval type="array" size="2">
					<sval type="int" val="12" />
					<sval type="string" val="" />
				</sval>
				<sval type="array" size="2">
					<sval type="int" val="10" />
					<sval type="string" val="" />
				</sval>
				<sval type="array" size="2">
					<sval type="int" val="10" />
					<sval type="string" val="" />
				</sval>
				<sval type="array" size="2">
					<sval type="int" val="10" />
					<sval type="string" val="" />
				</sval>
				<sval type="array" size="2">
					<sval type="int" val="63" />
					<sval type="string" val="" />
				</sval>
				<sval type="array" size="2">
					<sval type="int" val="11" />
					<sval type="string" val="" />
				</sval>
			</sval>
			<sval type="array" size="65">
				<sval type="array" size="3">
					<sval type="int" val="0" />
					<sval type="int" val="1" />
					<sval type="string" val="************************************************" />
				</sval>
				<sval type="array" size="3">
					<sval type="int" val="0" />
					<sval type="int" val="1" />
					<sval type="string" val="SCRIPT NAME: plugin.zanzal.PwnMi.gain" />
				</sval>
				<sval type="array" size="3">
					<sval type="int" val="0" />
					<sval type="int" val="1" />
					<sval type="string" val="DESCRIPTION: Applies the results of an attack to the players" />
				</sval>
				<sval type="array" size="3">
					<sval type="int" val="0" />
					<sval type="int" val="1" />
					<sval type="string" val="profile and target station. Logs results and displays them on" />
				</sval>
				<sval type="array" size="3">
					<sval type="int" val="0" />
					<sval type="int" val="1" />
					<sval type="string" val="command." />
				</sval>
				<sval type="array" size="3">
					<sval type="int" val="0" />
					<sval type="int" val="1" />
					<sval type="string" val="" />
				</sval>
				<sval type="array" size="3">
					<sval type="int" val="0" />
					<sval type="int" val="1" />
					<sval type="string" val="AUTHOR: Zanzal          DATE: 18 December 2013" />
				</sval>
				<sval type="array" size="3">
					<sval type="int" val="0" />
					<sval type="int" val="1" />
					<sval type="string" val="************************************************" />
				</sval>
				<sval type="array" size="3">
					<sval type="int" val="0" />
					<sval type="int" val="1" />
					<sval type="string" val="LICENSE: CC-BY-SA 4.0 International - http://creativecommons.org/licenses/by-sa/4.0/legalcode" />
				</sval>
				<sval type="array" size="3">
					<sval type="int" val="0" />
					<sval type="int" val="1" />
					<sval type="string" val="************************************************" />
				</sval>
				<sval type="array" size="2">
					<sval type="int" val="0" />
					<sval type="int" val="2" />
				</sval>
				<sval type="array" size="2">
					<sval type="int" val="1" />
					<sval type="int" val="2" />
				</sval>
				<sval type="array" size="2">
					<sval type="int" val="6" />
					<sval type="int" val="2" />
				</sval>
				<sval type="array" size="2">
					<sval type="int" val="12" />
					<sval type="int" val="2" />
				</sval>
				<sval type="array" size="2">
					<sval type="int" val="14" />
					<sval type="int" val="2" />
				</sval>
				<sval type="array" size="2">
					<sval type="int" val="17" />
					<sval type="int" val="4" />
				</sval>
				<sval type="array" size="2">
					<sval type="int" val="17" />
					<sval type="int" val="2" />
				</sval>
				<sval type="array" size="2">
					<sval type="int" val="22" />
					<sval type="int" val="4" />
				</sval>
				<sval type="array" size="2">
					<sval type="int" val="22" />
					<sval type="int" val="2" />
				</sval>
				<sval type="array" size="2">
					<sval type="int" val="22" />
					<sval type="int" val="2" />
				</sval>
				<sval type="array" size="3">
					<sval type="int" val="22" />
					<sval type="int" val="1" />
					<sval type="string" val="plugin settings" />
				</sval>
				<sval type="array" size="2">
					<sval type="int" val="25" />
					<sval type="int" val="2" />
				</sval>
				<sval type="array" size="3">
					<sval type="int" val="27" />
					<sval type="int" val="1" />
					<sval type="string" val="Apply Tier Difficulty" />
				</sval>
				<sval type="array" size="2">
					<sval type="int" val="32" />
					<sval type="int" val="4" />
				</sval>
				<sval type="array" size="2">
					<sval type="int" val="32" />
					<sval type="int" val="4" />
				</sval>
				<sval type="array" size="2">
					<sval type="int" val="32" />
					<sval type="int" val="2" />
				</sval>
				<sval type="array" size="3">
					<sval type="int" val="33" />
					<sval type="int" val="1" />
					<sval type="string" val="Once we've reached root. Any priviledge gain is turned into suspicion loss." />
				</sval>
				<sval type="array" size="2">
					<sval type="int" val="36" />
					<sval type="int" val="5" />
				</sval>
				<sval type="array" size="2">
					<sval type="int" val="37" />
					<sval type="int" val="4" />
				</sval>
				<sval type="array" size="2">
					<sval type="int" val="38" />
					<sval type="int" val="5" />
				</sval>
				<sval type="array" size="2">
					<sval type="int" val="41" />
					<sval type="int" val="4" />
				</sval>
				<sval type="array" size="2">
					<sval type="int" val="41" />
					<sval type="int" val="4" />
				</sval>
				<sval type="array" size="2">
					<sval type="int" val="42" />
					<sval type="int" val="2" />
				</sval>
				<sval type="array" size="3">
					<sval type="int" val="44" />
					<sval type="int" val="1" />
					<sval type="string" val="Couldn't get this feature to work. Going to disable it for now." />
				</sval>
				<sval type="array" size="2">
					<sval type="int" val="44" />
					<sval type="int" val="2" />
				</sval>
				<sval type="array" size="2">
					<sval type="int" val="47" />
					<sval type="int" val="2" />
				</sval>
				<sval type="array" size="3">
					<sval type="int" val="47" />
					<sval type="int" val="1" />
					<sval type="string" val="$target-&gt; add secondary signal: signal=[SIGNAL_SELWARE], script='plugin.zanzal.PwnMi.signalsellware', prio=10, name='zanzal.PwnMi.signalsellware'" />
				</sval>
				<sval type="array" size="2">
					<sval type="int" val="47" />
					<sval type="int" val="2" />
				</sval>
				<sval type="array" size="2">
					<sval type="int" val="47" />
					<sval type="int" val="4" />
				</sval>
				<sval type="array" size="2">
					<sval type="int" val="47" />
					<sval type="int" val="4" />
				</sval>
				<sval type="array" size="2">
					<sval type="int" val="47" />
					<sval type="int" val="4" />
				</sval>
				<sval type="array" size="2">
					<sval type="int" val="47" />
					<sval type="int" val="2" />
				</sval>
				<sval type="array" size="2">
					<sval type="int" val="53" />
					<sval type="int" val="4" />
				</sval>
				<sval type="array" size="2">
					<sval type="int" val="54" />
					<sval type="int" val="4" />
				</sval>
				<sval type="array" size="2">
					<sval type="int" val="54" />
					<sval type="int" val="2" />
				</sval>
				<sval type="array" size="2">
					<sval type="int" val="61" />
					<sval type="int" val="2" />
				</sval>
				<sval type="array" size="2">
					<sval type="int" val="75" />
					<sval type="int" val="4" />
				</sval>
				<sval type="array" size="2">
					<sval type="int" val="76" />
					<sval type="int" val="2" />
				</sval>
				<sval type="array" size="2">
					<sval type="int" val="87" />
					<sval type="int" val="7" />
				</sval>
				<sval type="array" size="2">
					<sval type="int" val="87" />
					<sval type="int" val="4" />
				</sval>
				<sval type="array" size="2">
					<sval type="int" val="87" />
					<sval type="int" val="4" />
				</sval>
				<sval type="array" size="2">
					<sval type="int" val="88" />
					<sval type="int" val="4" />
				</sval>
				<sval type="array" size="2">
					<sval type="int" val="89" />
					<sval type="int" val="5" />
				</sval>
				<sval type="array" size="2">
					<sval type="int" val="91" />
					<sval type="int" val="4" />
				</sval>
				<sval type="array" size="2">
					<sval type="int" val="91" />
					<sval type="int" val="4" />
				</sval>
				<sval type="array" size="2">
					<sval type="int" val="91" />
					<sval type="int" val="2" />
				</sval>
				<sval type="array" size="2">
					<sval type="int" val="94" />
					<sval type="int" val="2" />
				</sval>
				<sval type="array" size="2">
					<sval type="int" val="100" />
					<sval type="int" val="4" />
				</sval>
				<sval type="array" size="2">
					<sval type="int" val="104" />
					<sval type="int" val="4" />
				</sval>
				<sval type="array" size="2">
					<sval type="int" val="104" />
					<sval type="int" val="2" />
				</sval>
				<sval type="array" size="2">
					<sval type="int" val="105" />
					<sval type="int" val="2" />
				</sval>
				<sval type="array" size="2">
					<sval type="int" val="106" />
					<sval type="int" val="4" />
				</sval>
				<sval type="array" size="2">
					<sval type="int" val="106" />
					<sval type="int" val="2" />
				</sval>
				<sval type="array" size="2">
					<sval type="int" val="108" />
					<sval type="int" val="2" />
				</sval>
				<sval type="array" size="2">
					<sval type="int" val="109" />
					<sval type="int" val="2" />
				</sval>
			</sval>
			<sval type="int" val="0" />
		</sval>
	</codearray>
</script>
